"PC1","PC2"
-4.98137799030356,1.82463028276427
-5.43659252688337,2.93225707349352
-4.75791350964569,1.82681673423273
-4.30038305781841,2.00358751055866
-6.34910709177396,4.0880547537799
-4.94629717156927,2.33964865927898
-4.51881930178623,2.1798130987413
-5.01453423954238,2.45373346659089
-4.93481768151482,2.423467017194
-4.78965238006448,2.18330909507096
-4.95908817047233,2.52517772247523
-5.35580359460313,3.16472569238372
-4.88272600020576,2.46656315178806
-4.74032863102264,2.39708780315514
-5.25112018121573,2.97475590353688
-5.16741167104384,2.80146330142531
-4.78412234892314,2.41839441785256
-4.92050365409549,2.48767568567405
-5.2707727253151,2.96920263597358
-4.9782685705248,2.50820788940916
-4.67785019372947,2.11198331445729
-5.24786682348558,2.97374721952952
-4.05579439920042,1.8800013994393
-3.5562638007411,0.805760247661522
-2.94080256961311,-0.00786478047660573
-5.5482047902379,3.53605932457126
-4.79732173894585,2.61040342097963
-4.73161783823057,2.31462623859806
-4.37338692132005,2.0055820993494
-4.44091954614747,1.86240183856537
-5.1063322145775,3.01877172882815
-4.06051350950226,1.6677193613351
-4.01141827191799,1.56368283808505
-5.12612991989803,2.89594094407254
-5.43035423377315,3.29376328633483
-5.52727959173826,3.43687891827301
-5.24720609022856,3.37068618608754
-5.19532403143261,3.18032345120502
-3.65607358032909,1.0339088543346
-4.36569834169417,1.86433309671508
-4.94789201046177,2.83379011559809
-5.21305498334873,3.05400418615741
-2.96534059211394,0.289053962021237
-3.95576512439646,1.59191906976039
-4.48170479275924,2.04635912267397
-4.74145513455931,2.5575644930157
-4.41761897182749,2.11357423870134
-4.35088617231307,1.96955589020629
-4.27293714018328,2.07744030679942
-4.75122216065671,2.40807295738194
-4.5358642260403,2.31609297894269
-4.50645995646717,2.18305610034561
-4.94440522637155,2.83012722163554
-5.02147151779076,2.94301672588541
-4.57188131145222,2.35155105679996
-4.51009981883183,2.32853516568382
-4.13373522871539,1.9592907127003
-5.03670345452055,2.84998378833024
-4.72268946462117,2.54729746113291
-4.30093817988928,1.91070557760922
-4.69445506677064,2.51475082453786
-4.6900267728534,2.42550392174656
-4.68833527335803,2.58255253249711
-4.02051421619431,1.76322388495251
-4.13721942860181,1.79053090628511
-4.51375859820005,2.17284741675236
-4.68901491469335,2.88664671101697
-3.46871491024434,0.905120073433775
-4.41366661133299,2.09778324217823
-4.48301410879289,2.26329378048899
-5.25211137838209,3.44436026559786
-5.32802640837117,3.49388448078381
-4.47308815255407,2.39067008222486
-4.93516093653814,2.83002888278272
-4.44997464773018,2.18388149690926
-4.56585048299637,2.48996495352948
-4.85383689096139,2.69798184116719
-4.62830218218321,2.61095767891188
-4.75396209945084,2.95853228411533
-3.65766886015421,1.23746590881553
-4.84090174060781,2.80541089229654
-4.183252218755,1.95084794056364
-4.63213646446267,2.7541278468604
-4.36962176352278,2.15840240610336
-4.43693449333564,2.46820346489946
-5.8071302007161,4.28922452960425
-3.58562160396297,1.54487519901441
-4.01030789337327,1.94776501457086
-4.23310189148612,2.14750083448776
-4.32120239856507,2.23481417185134
-4.65291291433423,2.54756972334889
-4.48278016326739,2.29538149368181
-4.8533665949309,2.98120289321669
-4.56153621526101,2.50443171504623
-4.51298818449084,2.5363258728224
-3.68898563663685,1.20366859701529
-4.91816594671263,2.84325949171926
-4.99379282321831,3.20223882526906
-4.25502804410385,1.94554518935207
-4.90325822888826,2.77471270509375
-4.82393744315076,2.80140470898573
-3.33516998603313,0.973058206074406
-4.80583530526385,2.82451684591254
-3.80074774035503,1.45080756177193
-5.88605771551321,4.38449393585379
-4.05589959674499,1.77575755304564
-5.15952887280585,3.31138243167618
-2.87966440396498,0.655751653901967
-3.94043157429187,1.80599028460481
-4.28625476565284,2.35757933448811
-4.38517380971844,2.50437725881193
-4.69388518422004,2.66858504312512
-4.46390424697023,2.68861245990554
-3.94475971157293,1.61912359156787
-4.39471115627601,2.3020909708906
-4.68271910666955,2.73801508538714
-4.72200672172508,2.7797930899056
-5.12877499617704,3.22308387326833
-4.64705683201626,2.60905517279374
-4.12222239669873,1.92513961425307
-4.2229207791159,2.06543974686588
-4.90167174068023,3.12643085476119
-4.56147004986646,2.53180780820691
-4.65447701910614,2.61553152356221
-4.2958567629169,2.25859607656668
-5.18523140475446,3.38473125989738
-4.65755484065383,2.68271034413011
-4.40070999820656,2.26805496427131
-5.26595319912556,3.47817910741304
-4.38463471720983,2.22462152887929
-4.55555417159462,2.59842404409525
-5.86819323272392,4.30047076461013
-4.08563033924107,1.93103473162431
-4.49209138060537,2.48760042087348
-4.9567257485145,3.05236320857047
-4.67606099861707,2.63428931043323
-4.99478385126405,3.5948538256576
-4.61666274445125,2.78343987223288
-5.39117285322324,3.74812957366846
-4.37241195562363,2.42640801562831
-4.62321037107597,2.69553386841268
-4.01543116334656,1.8143119567121
-3.92730639203512,1.9196458118579
-5.10613523137848,3.28291900575113
-5.14724929605948,3.46615048812001
-4.06985101106535,2.02180491312615
-5.17316004989969,3.4196466350625
-4.82901505051613,3.01405807843734
-4.38285874604488,2.41109957678765
-4.79299601298714,3.0935365430534
-3.88339909512625,1.6646751338454
-4.14242164780956,2.35606959857558
-4.99530291136093,3.21292775962769
-4.10446905797007,2.08028679894916
-4.31795128881882,2.35367566409125
-4.67221878977314,2.78091020990557
-4.03826723474567,2.01224317077177
-3.75140835930147,1.50830252688579
-3.18027320355221,0.954198012792279
-3.90506828622828,1.75288656832921
-4.85156287685458,3.05741153115905
-3.80698978263732,1.7487479080945
-5.1145330931488,3.47250777440157
-4.80715609145718,2.99504012470443
-4.41566692609357,2.39588477004462
-3.98602043534506,1.95390322269482
-4.43616819332058,2.44766881260357
-4.12175303301047,2.20717617191329
-3.90097255335542,1.72313125606108
-5.17014235672985,3.53062522994399
-4.1951989882198,2.25352080118835
-4.11032353274151,2.22396502747561
-4.2542205921568,2.36532843901831
-4.85936857198927,3.22561141660593
-3.85307932016085,1.73357352531684
-4.69384692631423,2.88596757363726
-3.87594577632043,1.81410325862315
-4.64538386092607,2.76236543451951
-4.45477424994505,2.72582113977142
-4.91370090875189,3.09421295809063
-4.32494310164967,2.39905781462779
-4.67600030131703,2.76439433111737
-3.83982524635972,1.79468114232317
-4.77250011260516,3.09511014783602
-4.04295921113279,1.97748727070483
-3.8629503709117,2.04793588065477
-4.4097546497486,2.58078705218528
-4.76212014492344,3.03008741081288
-4.30089428657189,2.45751251629202
-3.84322187008686,2.00377986075804
-4.1239145620749,2.21299542153796
-5.06251821624836,3.56272116273803
-4.42422280571987,2.60227405490729
-4.00357444506029,2.14569565036866
-4.43091788100944,2.50691536043543
-4.35330691170131,2.54660031556855
-3.59557747906886,1.42874451372462
-3.00032102034813,0.721875871610642
-4.16467042647133,2.25701454101834
-4.27296383883339,2.31729340814877
-4.07622382742002,2.23362213518092
-3.7829084004688,1.98821430370146
-4.06710732540951,2.03083034404697
-4.4447872393697,2.8494115056302
-3.8397809901594,1.87944000321162
-3.86597818945197,1.86608203866366
-3.83529716408521,2.11598451249125
-4.273869128539,2.51008253219528
-3.53048512588889,1.65520472986765
-4.36444391005874,2.6622261610142
-3.04862906564612,0.61363239229279
-4.34049078142925,2.48582335179884
-4.68481128943518,3.00878203806659
-3.26587538562172,1.07603940861706
-3.37325779515366,1.45518706903879
-3.95522320886914,2.02679179788441
-3.58826587875994,1.4409140749752
-4.35403341914329,2.46633556296004
-4.82646686726516,3.15697988880817
-4.06866035833217,2.18772847255652
-5.15630784910225,3.89327806757995
-3.92922387518329,1.85602125627169
-4.61605130280992,2.88327987540814
-4.10897225937059,2.13660267699823
-4.18268516172044,2.28758770696514
-4.30709941845877,2.69549883843932
-3.60670860820276,1.59012375511604
-4.34657897740914,2.55623521091168
-4.18216952897903,2.23016887904435
-3.97543009058932,1.97066786718248
-4.37910068197897,2.50272789787732
-4.62497906366847,2.83560696454329
-3.76046488604391,1.76748940385921
-4.51795036606967,2.98613236736256
-3.78354954963297,1.76284155937454
-4.68494102522807,2.98422385691745
-4.27419245281793,2.39937471053455
-3.59659142807323,1.69581159980964
-4.17648081646355,2.35678581473491
-4.64521378550109,2.96502902534703
-4.40725425731554,2.67012305050936
-4.53372936282934,2.77613830463932
-4.02418253991311,2.07205615415754
-5.23425161715095,3.73232142132059
-4.90910849801593,3.49006371539082
-3.97524501838032,2.25451209105775
-4.07173231800469,2.37490656975307
-4.16676980817791,2.2165883590741
-4.09888295685686,2.36880769163284
-4.48978011841882,2.72517466453956
-4.35998602835374,2.66896310391363
-4.00272275057005,2.12685846745092
-4.1938724705516,2.59509592582531
-3.32955687831528,1.32794001426995
-3.90618123305845,1.90017152295798
-4.68187795416348,3.03173227314883
-4.15305919615919,2.38245131605219
-5.00227521508755,3.48746868583437
-3.54870953565811,1.60477964827536
-4.34382227282368,2.53779690874912
-4.68648399233692,3.21784523467219
-4.80201302384154,3.15712131861038
-4.31745372332165,2.64827523047806
-3.51628175175887,1.63641299817329
-4.81769555004591,3.39792294538213
-3.92101645144446,2.0838171534438
-4.20457939543277,2.44596987282413
-4.71787844926476,3.09518183321622
-3.8258848509754,1.88848133326668
-4.25335159780532,2.36846276545794
-4.31413638638595,2.54720860366114
3.54312604905155,-3.90053044679967
-3.92845898800723,2.25568422077127
-3.98485946019953,2.28379282267711
-3.95887059522962,1.99102717512694
-4.34914292054901,2.61975719448934
-3.5732013215649,1.76649882787851
-3.79600590240399,1.69122993267701
-1.81107317127798,0.0763809545681793
-4.00782884342004,2.11603883928156
-4.14889918754732,2.34175876833691
-3.76515257214166,1.7462315068128
-4.33293226770726,2.58383633041971
-4.18362998505717,2.49951641231879
-4.78653181032477,3.32069498714881
-4.4456713213809,2.78814750519755
-4.47733160609519,2.75657242364494
-4.49040542474711,3.21630564757007
-4.5288100274256,2.89019871950804
-3.5594267496647,1.79706584200367
-3.93733706123282,2.07480968846532
-4.10750403171988,2.50247182234786
-4.36850735180992,2.83350017284126
-2.70732496395227,0.489163848672909
-3.70173575913137,1.76453900344658
-4.56802131962123,3.09912236414588
-3.94081327908143,2.19970625472641
-3.98607126250817,2.2950906365027
-4.09227432649034,2.46263665801201
-3.98288076315372,2.28870804907545
-4.16746760788047,2.47479086537334
-4.00344598756091,2.30553524388231
-4.71123584899093,3.06723997918089
-3.64816481921813,1.67429080125694
-3.87800316973976,1.98811684250737
-4.9309488246294,3.41382753091118
-3.33955361164577,1.23032906315696
-3.61107258936905,1.67423745660415
-4.46727380684561,2.79964236466639
-4.21563097116863,2.45850713043886
-4.12813644944969,2.73909798502624
-3.93295765520763,2.12715319034636
-4.12127060055444,2.40177757664025
-3.90890364089068,1.92878923760164
-4.29450665751091,2.58130626405176
-4.14901175422541,2.35636247260978
-3.55663053530376,1.59897250247117
-3.8723635479506,2.035502023324
-4.64108390285145,3.23350875399091
-3.991362994241,2.09862189981141
-4.17086334083899,2.48786973817468
-4.29902794347279,2.69205614134397
-3.76291289200996,1.89139334974344
-4.94250246944999,3.56680251639371
-5.02466329384555,3.68278202283753
-4.22822753078924,2.56784516365666
-3.65617308955208,1.74236324444135
-3.90907095298551,2.10760717902227
-3.79827313899556,2.15132957124076
-3.87806859488813,2.22450937831934
-3.73653665059968,1.80436252396109
-4.04307971339481,2.31626000215712
-3.92582037857174,2.0815004876357
-4.52293833166541,2.9000821773428
-4.62219262205513,3.15591937645411
-4.48263161129517,2.89325283248243
-3.6887691181713,1.99514787357908
-4.12065933529873,2.43623148066241
-3.80859392747679,2.01220240116415
-3.81029276249749,1.92959407360333
-5.04604151908965,3.84482217494239
-3.87335824696047,2.02431288807252
-3.69670296202225,1.86999980531017
-3.92011387026683,2.03147696900656
-4.33995014986,2.71328353304741
-4.11215331588464,2.35782519014896
-3.33705317551824,1.25422899532022
-4.0152298423904,2.60185148943939
-4.73615385622744,3.25533398252409
-3.82652574822214,1.95888397798093
-4.11678189777029,2.45660667906801
-4.47246945260945,3.03719590175406
-4.24018077177969,2.58905700110408
-4.13596694740515,2.34295245901263
-3.27735269529768,1.48901261560245
-4.50614731475304,3.04922321313327
-3.98317703185129,2.19179755410303
-4.05953333082339,2.28717754617934
-4.60301376768825,3.1509084432365
-3.42160003963678,1.58177490173765
-3.88519856824894,2.0670942644944
-4.41518833206098,2.94055076698924
-3.70891897420133,1.8494236061992
-4.76717160354918,3.28836372093452
-3.59562289222241,2.78556679618561
-4.19413797611069,2.51097359054216
-4.48702322128201,2.90785153295206
-4.24695089271962,2.6987202690987
-2.95924609235701,1.14104143794743
-4.18342720195744,2.60586573441942
-3.42946814178698,1.63667154151877
-4.6964303670729,3.34728558361702
-3.90103709535636,2.24505335152677
-2.89126973553299,0.91535868792372
-3.5192144810451,1.67432885549621
-3.05867374137772,0.949580589321532
-3.47815905898326,1.67701732544168
-4.34842687250414,2.88980866598479
-4.10654899616666,2.36411874535836
-3.888352245293,2.26066034619703
-3.94849248192456,2.30843953445166
-4.14091766313445,2.48006257053517
-4.02890734809934,2.23351274764901
-4.7214966485176,3.38361826706157
-3.40969223771773,1.5666121157857
-3.76976432464543,2.08918808190657
-4.37610244744532,2.95222660833946
-3.44462447687484,1.89008404048111
-3.93009165430451,2.11148837432951
-3.671357856087,1.98244612735757
-3.6317207294595,1.79725840388666
-4.57452797312909,3.07953694509453
-3.64322049188593,1.94671556381945
-4.07924525592852,2.50896107388584
-4.01460035280341,2.27336252318678
-4.59096925714855,3.08529937613178
-3.62867188543442,1.70007760356663
-3.87463718296253,2.16083601917662
-3.61680329556991,1.82087031014791
-3.95412489265492,2.29093917425298
-3.27549983002509,1.47893399316225
-2.71346900525454,0.671768292751277
-3.99083816964353,2.22635769785203
-3.92676893794533,2.1875269818926
-3.78071041668344,2.14977766828156
-3.70026511684809,1.80237700722668
-3.73869473930271,2.14672539729401
-5.46412448041035,4.22934240644724
-3.11350444899163,1.06236998481303
-5.27404548018815,4.26688776143088
-3.62094919433979,1.80906847822736
-4.14570756918245,2.55761644910442
-2.84416989674803,0.838978572113891
-4.68360002095097,3.289887528798
-3.98016770316391,2.30966434182126
-4.31107628909301,2.68889054297831
-3.80354558778249,2.14637849949284
-3.80443266937466,2.15250228888335
-3.95824757476724,2.3782785149732
-3.57067645518275,1.75119136112044
-4.42503252907462,2.84008665312892
-4.51134255564027,3.06271331096414
-4.50804993863577,3.05438826839921
-4.42216681635887,2.97190962927207
-4.27277910460654,2.71526519328618
-3.90050513094601,2.2013558959238
-3.85671208301523,2.14876121666646
-3.84716048525726,2.18799163038591
-4.51895530851024,3.07430195226392
-3.44502404057832,1.48985590377674
-2.57941446723992,0.615569683581254
-3.55852562175428,1.578370398778
-2.64153039879252,0.519312334942636
-4.4966697819647,3.02706819477403
-4.78349956744865,4.00894892884428
-4.18075916248989,2.59535363284385
-4.04182389662712,2.42135468912568
-2.92600618506826,0.954996584832328
-3.38147651678962,1.43471255635345
-4.10445922359347,2.49939821899371
-5.15533880340157,4.18768536624809
-4.3858220107119,3.04145456888939
-2.89724311297631,0.817571852752559
-3.75795656100648,2.04505971975171
-3.73778557705379,2.07045358845668
-2.81952427898738,1.41521397335154
-4.13120747572041,2.50528430604643
-4.16999084545083,2.71371343052645
-3.8716107062114,2.31309606747735
-3.52862801964569,1.88746875200551
-3.25501436456859,1.44233984627696
-4.24953804883037,2.73193108309294
-3.85862442231656,2.17167050222207
-3.93977347942416,2.33749676656062
-4.10488547895196,2.43133516477078
-2.97525596322736,0.991765932896456
-2.63545536897755,0.711400738329223
-3.85520112629421,2.26530092597992
-3.69333483483517,2.28065964260993
-4.27350135803471,3.39494051206726
-4.71768329096805,3.45643398291891
-4.62286673878551,3.21131630550282
-4.97256860968281,3.71561426913946
-3.51717673705594,1.77637922419534
-3.68743210900088,2.29380679924967
-3.4389204748644,1.80657676757884
-3.89225632481387,2.2944866869775
-5.19467861771335,4.19197247598996
-3.11535959010071,1.55493711444481
-2.94287342932766,0.949791874469015
-4.31580080192074,2.75622764059963
-4.28736677367133,2.89907180727088
-3.79323637113228,2.09633077819047
-3.92447757036001,2.23892134094315
-3.91594684460556,2.28608083661124
-4.6977896820349,3.52581040822023
-3.93883101599307,2.31910235641883
-3.9791233438846,2.47688035903139
-3.96765348903619,2.36054792241186
-3.70803620901866,2.32868738910756
-3.64052133514054,2.02443187751897
-3.95212896605859,2.32930457328291
-4.26486767220612,3.04685893373009
-4.10834851481346,2.50431370238981
-5.38322567224849,4.45524863442683
-4.0778823591647,2.71996776948319
-3.76058269292794,1.9425820759932
-2.94517668877083,1.39551216335763
-3.21432209268746,1.2647816369206
-3.36014390903074,1.47551707916444
-3.93393000183642,2.70910872230301
-3.8012763491301,2.14004952005823
-3.23084769022594,1.28689394526125
-4.09247948411103,2.65114460125397
-3.97435392903451,2.32006262599833
-4.16876756315215,2.75996253851599
-3.2166071128309,1.62940565730677
-4.66512755111877,3.32565739849639
-4.886570136913,3.63260997959677
-4.2575504766599,2.81730783997016
-3.83604856639645,2.25121195378147
-3.99629895308696,2.43171825996336
-3.44651347268929,1.69431176557543
-3.75301371146549,2.07389617248909
-4.43384392392803,2.98143026502605
-4.38069738808515,3.14416808961646
-4.01345861029827,2.58205921300955
-3.82759973516874,2.3183937484053
-3.96849476734996,2.40597934053552
-3.84739340471658,2.33802478691821
-3.48834078143168,1.71557350622785
-4.04848256783647,2.58279058533972
-4.37606631109793,3.17888648015708
-3.87158210837683,2.17040744668884
-3.41679498057212,1.73836212474919
-3.67715606415238,2.11911422165273
-3.71974868272162,2.17692662444695
-3.70404863712232,2.03828599442328
-4.34913656176145,3.02983634075694
-4.25725527212491,2.84649124529947
-4.57878291392742,3.32128953760295
-5.79254296124389,5.11469871524698
-4.40835870551546,3.12506662740929
-4.31197489142865,3.03103073615295
-3.87518850834609,2.31324697558712
-3.33698185828809,1.83957163116575
-4.51190018805934,3.24558605660516
-3.35693032409652,1.87962748609656
-3.76827802604479,2.19588484315904
-4.50935121983624,3.2347252073944
-3.20359752613422,1.44538064496262
-3.59817485639457,1.85851793927381
-3.37886965638171,1.65071491848956
-3.70823392416564,2.12675232371864
-4.70209621516814,3.45969356101459
-2.91391852587009,1.06892090784174
-3.51464347971878,1.96489393029099
-3.71770592591062,2.18153705306387
-4.19603858242733,2.69986868977848
-3.56203694498588,1.9365458501093
-3.72691172299321,2.10352059483515
-3.2796691842997,1.51029700552231
-3.17924841009387,1.43309266348459
-5.24111264381028,4.20555024049728
-4.19799740112357,2.8577709350686
-4.18245020124639,2.77370687580992
-4.65554958577113,3.37646949952136
-2.68130426091371,1.16583326578825
-3.60093951757575,2.06684604228688
-4.75247176111268,3.60134122462214
-4.06673346863812,2.72827121105511
-3.92226286910839,2.37399662084192
-4.20559276601514,2.77739487599612
-3.31995838414454,2.28505605830104
-3.18496075115608,1.44437721663506
-3.39934142335758,1.78421997901999
-3.3497456810295,1.62236955017084
-4.12728405529526,2.70598696349483
-4.11512426195917,2.75480001410495
-3.19677203354138,1.3251682475528
-3.9527593848535,2.40969195449352
-3.49082647367751,2.0324545284148
-3.86709811979287,2.32968717557761
-3.35180664061991,1.68450389746191
-3.38547706487513,1.7696681589151
-3.54258029030558,1.76914611418169
-4.60543703752298,3.30512625635457
-4.18151089318625,2.74039490804572
-3.27368179883585,1.71550326134419
-3.96241985273348,2.62389019400624
-3.59306327628457,1.90546402845133
-3.61566264324233,2.02952050948842
-4.1850393216098,2.75098085630634
-3.85281697438544,2.34591270526793
-3.88848099908163,2.44999391983918
-4.05231609751252,2.66174365537188
-4.21738827344627,2.81704181013903
-3.64562528803644,2.16623299661846
-3.93065846398503,2.45892443191176
-3.70445502166262,2.32943040020164
-4.17582945006791,2.732222889939
-3.12610370681653,1.26624360748666
-3.5205872925375,1.75473569727603
-4.09118571940565,2.71930110673175
-3.84153365615621,2.37952111089767
-4.00149982837368,2.60470880356789
-3.11484840202033,1.35664129183218
-3.49725530958357,1.86805056021579
-3.75801226599784,2.32622853956022
-3.22990827930691,1.59893143014448
-4.79909933643503,3.67761492584901
-3.87671315876922,2.56144959410269
-2.98845108128975,1.26764834309617
-3.53707897756759,1.93169433734066
-3.5494160796154,1.94007453954262
-3.67700681711976,2.17135690265913
-3.43724292711716,1.9788029390296
-4.1354854047369,2.80723095616953
-3.4394254651554,1.77455559458252
-3.43719839243076,1.72673199649001
-3.81234777094404,2.28650954991306
-3.9686120120617,2.41537624356502
-3.73550346702856,2.23572003170683
-4.90032507336333,3.97937385137245
-3.11106388818044,1.57660258897216
-4.44008869399074,3.2282868596316
-3.60138400483172,2.03572212311098
-4.24838104082143,3.01219593409602
-3.42795268906388,1.69138960796625
-3.38122488748057,1.776215042642
-3.82063150354194,2.31026683508355
-3.49475666396924,1.90800253219265
-3.36870586815574,1.74163146673737
-4.27457224634481,2.93121316011774
-3.13339123940119,1.53338363399969
-3.00337241766137,1.40697911838895
-4.25635222184093,2.9672769299838
-2.98173228753269,1.56894421147249
-3.37252590440436,1.91201395463496
-3.70635713396882,2.51618397224347
-4.36853784612733,3.23210925015917
-3.81782725865962,2.56396927406556
-3.78699840401293,2.29281756109339
-3.82220876044735,2.57209496448664
-3.91364450511113,2.38066172112334
-3.93584254262137,2.54466360898803
-3.30969465857596,1.53180651892681
-3.83062719799389,2.46210733225661
-3.09565261975437,1.31791354493374
-3.62685937370932,2.05142309950168
-2.83263988398549,0.988801667469988
-3.42243009063616,1.80714416860607
-2.76593307290509,0.961081454685643
-4.15508420344114,2.75106660919131
-4.56088078520035,3.42995336365193
-4.35229952680841,3.1164175874085
-3.70490847516317,2.32136072848202
-3.17929483995983,1.5530184582887
-3.564598690649,2.11569251165807
-2.95977937763293,1.6633008515684
-4.28684013902309,3.10856346943545
-4.39596164769855,3.25165044878604
-3.42368210482849,1.99234998906614
-3.74648943462249,2.29100950191587
-3.44935098359602,1.81599968965127
-2.55899999414981,1.0171102873284
-3.76256227578104,2.37106232721872
-3.5782909998813,2.08735558092886
-4.37333826833075,3.34301396998172
-3.03274844878353,1.28201583062229
-3.57803773886992,1.96454170502788
-4.01919833976988,2.65092569980598
-4.40449259806952,3.33127577500018
-2.88983931513355,1.18483590925719
-4.61886410588342,3.71531824861769
-3.0411172287505,1.18733831028151
-3.85568452679389,2.61327171301972
-3.85118246459498,2.3648480388913
-3.92622690346046,2.67044058729711
-3.90132200174256,2.46926703838624
-3.55142457056872,2.329423525112
-3.88833380499031,2.58935222122144
-4.06930285290117,2.81789186198911
-3.59467285241905,2.3354865686819
-3.96666776200705,2.77607136496723
-3.82686663728331,2.81185386469162
-2.13550819465018,-0.0086594956582854
-3.34403656572354,1.67364225197567
-3.29041111218967,1.77084741359209
-3.93261389829548,2.58221491837431
-4.36541789164251,3.43473358848534
-4.0848885951597,2.81419138370615
-3.70589643551853,2.22274377148944
-3.7265008509715,2.38249960516521
-3.80074027881194,2.33189097032772
-3.85291721536841,2.54171929192142
-4.16491558503251,2.8565886315178
-2.85385749899278,1.15318851565563
-3.41845274938904,1.83010218998782
-4.06295138821901,2.75984199428344
-3.1312532351403,1.64296478508875
-3.7235255633494,2.29633842916373
-3.81145962203125,2.34438345838925
-3.94819375493711,2.75486092714552
-3.49708198050471,1.88533798756165
-3.57838595392155,2.02346811655966
-3.58346179451855,2.32703531962659
-4.83896227904635,3.96234773400365
-3.46487996570272,2.04427452656938
-4.13167011379881,2.74210196768656
-3.60042212727809,2.13406983886628
-3.62389770497781,2.2375573573596
-3.36661691212271,1.77664285727539
-3.8499537764756,2.41781318468745
-3.31639687919926,1.66919206780634
-2.98210984191127,1.45680613289283
-3.54952281254531,2.18424145352924
-4.30205456383467,3.2494856402004
-3.44061187003659,2.04919298501841
-4.08363179666185,2.87939638280662
-3.98146031335934,2.72911532944349
-3.98376620181612,2.89363149766924
-3.46247028457973,1.99591750109031
-3.81755210988535,2.4733679142031
-3.68572989714609,2.14854286892294
-3.5391749487748,2.55074644254324
-2.7375179234342,0.995363886769484
-3.36485009021334,1.81825971556867
-3.65601467468704,2.34349105726123
-3.79251723315586,2.4406103609568
-4.82545428675071,4.00169705268568
-4.1895947981334,2.95337418319963
-2.35197902226249,1.00811030230422
-3.17137952305424,1.61078835732464
-3.89581395230716,2.53071737268535
-4.12531923921415,2.88030039546733
-3.30960937382538,1.83790482278829
-4.8516718503594,3.85053785710418
-2.97551159975742,1.26928407937127
-4.20505312668199,3.2046509022953
-3.6934407445871,2.27377700344052
-3.65547684075115,2.36319991752461
-3.24088699808877,1.68228314256388
-3.17619014347606,1.78591697412183
-3.88477504875492,2.7518797052412
-3.41205412055161,1.94488169623225
-2.97694785978636,1.36288769735425
-3.45567872236942,1.97274283147849
-2.88960148624009,1.3731725218588
-3.9477192239478,2.7485801085789
-4.2510497293164,3.17783702508345
-2.90830494983332,1.34824221426432
-2.77771179435644,1.33549048397604
-4.29305305549516,3.19078806870695
-4.13506737143041,3.05491598385804
-3.52927983339266,2.19195461705907
-3.44849421428491,1.91879767327191
-2.95115454543481,1.47536752325033
-3.83085116750728,2.61893075394591
-3.40798423057801,2.02550131683391
-3.49424925340952,2.23198584583606
-3.67058489607241,2.57076000970337
-4.46329610353498,3.42592645672134
-3.71176992811383,2.39829592422397
-3.7890504927427,2.46414830253527
-3.83503117477307,2.56785750454327
-3.54080599865181,2.10794619538817
-4.07794532121018,2.85624339495277
-2.91436342298172,1.39811784810707
-3.18643975820905,1.65374937227106
-2.84107886330981,1.15875354749519
-3.7003659455711,2.4192027272253
-3.38851430054266,1.78282563578083
-3.54083120738686,2.2096925537503
-3.90201273277801,2.76044691973286
-4.98114859500473,4.39214566694275
-4.58202074675314,3.87191917811432
-3.89059498772433,2.69010187185216
-2.1683961268399,0.588063407424526
-4.4408345105089,3.45575236539514
-3.72514822576749,2.36068932613034
-4.7353554977051,3.80149851583952
-3.85774481758397,2.58516452703901
-3.90368510652858,2.63645868532326
-4.02211426021915,2.8101952207088
-2.73536728779209,1.20041400821427
-3.0848636365605,1.56587957909297
-4.12550286318835,3.02651141109737
-3.50485214534068,2.03667575717683
-3.71785591375137,2.38149335355623
-3.11228413838647,1.56976137680565
-2.79047028529582,1.62082937138198
-3.46746501356656,2.08665155561814
-2.72209504516206,1.47657516701856
-3.52477334961595,2.41083762504689
-2.73418303974306,1.08556408475693
-3.79910342566691,2.62691484731622
-3.85166692330773,2.53002355013966
-3.44970244378377,2.04623571464961
-3.29092417847728,1.95604373165679
-3.41101035333403,2.15910597793964
-3.36469667189777,2.22114277397699
-3.05446031506786,1.61385428484781
-3.7325387047988,2.33795998065217
-4.05367267535118,2.91627512046417
-4.30408082909209,3.35761191352255
-3.45778654355966,2.08301575991308
-3.16085720890503,1.74912509262099
-2.76831381891485,2.47220979891011
-3.19584837142246,1.96201700349592
-3.84218842985021,3.15192169199531
-2.86537972280381,1.52699088072309
-3.33754081660095,1.9091406343432
-3.29675858185925,1.76563301584168
-4.00444041909467,3.02150739089274
-2.85583984263136,1.4413718585334
-4.25422120902362,3.10941021645969
-2.46262050623425,0.603585784069881
-3.2411456717909,1.79431382998954
-4.3355857880513,3.33620205832735
-3.40903934205497,2.07917818894041
-4.23188743387664,3.18209666790053
-3.23354234563576,1.93177503376123
-1.81364617702123,0.40305631724406
-4.04840642290314,2.88291688805178
-3.65182449448528,2.64930562513216
-4.31805908666966,3.36202560083068
-3.36232455963066,1.93972140107747
-3.83061048585007,2.6060086500995
-3.11589228752191,1.84039363640199
-4.49618969532441,3.69056690551287
-2.84471487893683,1.15674829135363
-2.93603154624912,1.42385226974811
-3.25145095829479,2.09855812745382
-4.91075625591089,4.34308277284064
-2.72338077114239,1.38176833979541
-3.29499327855673,1.93646796890763
-3.43878964348911,2.00444556752718
-3.23337908700205,1.90691430155308
-3.82978534121602,2.56437126889871
-3.53255787300812,2.40588944068855
-4.13603081507979,2.9607130415567
-4.30536254992138,3.35906511163381
-3.86779334708061,2.70109770149077
-3.66560151824941,2.44748599348567
-3.21289125261398,1.86257650265201
-2.97126697434151,1.40019030299191
-3.54668773923146,2.25291318445509
-3.26265516348695,2.00603586197875
-4.09589737239159,2.9641860020501
-4.01886480881181,2.97663678448878
-4.10918405262909,2.97882971866412
-3.95849514945662,2.92245649931384
-3.59562529512283,2.30096418733843
-3.33629549006918,2.02334534557185
-3.9091363347829,2.76173682660742
-3.79544464286645,2.54456105617763
-3.03213956741534,1.73599056910695
-3.35509076602835,1.95324773818794
-2.19882778452195,0.337783274481225
-3.60799464699319,2.28512300601293
-3.670184671711,2.49662722596897
-3.68427841944165,2.35344837851323
-3.07660950871139,1.59879101882665
-4.29401355231249,3.36812250954788
-3.98904345862656,3.11271986512947
-3.26564705593181,1.99323526547084
-3.09878189790445,1.792754270523
-3.61317165171971,2.38741308675236
-3.98175222094098,2.80117697291306
-2.97771544292024,1.58619021985963
-3.51439081232027,2.43987296537097
-3.70816724359596,2.52323982803859
-1.67981140744068,0.447150048675715
-3.18744939441306,1.75074246128912
-3.76280425298993,2.54111689366786
-3.91566638972451,2.70987840387717
-3.24443907284595,1.98934404990192
-4.65712454238558,4.06636554380041
-3.70665550155123,2.44885871244757
-3.45177373123093,2.13491652634714
-3.70224340258378,2.42616802589865
-4.51236346455833,3.63483865866173
-3.96747731135197,2.94923433905227
-5.07007060810416,4.5812019405195
-2.75559620316123,1.44306543052399
-3.34741401463531,1.93947017231647
-2.9793557368562,1.53696776019141
-3.81729983034808,2.68503991619713
-3.43446773418338,2.34725602045951
-1.76886929067669,0.855511916594123
-3.26935938329366,1.94783982249484
-3.3783570630435,2.07462529050305
-3.4032059674948,2.16378949040445
-3.51629492863031,2.25844550335542
-3.5817932871676,2.39543156270626
-3.01340537325021,1.71801208268397
-2.80166490180816,1.43091868222643
-2.85693777108219,1.4610494616936
-3.98426388925002,2.92009581118329
-4.12816919966761,3.27274219843402
-4.45614980832614,3.74828996479198
-3.85174519451798,2.61824198931419
-3.16226988619521,1.73920802113323
-2.65299737110413,1.59932164510835
-4.56541720126474,3.88275308212147
-3.66798297427584,2.52634361453685
-3.53280656320566,2.50896012376947
-3.53048900617408,2.52330878440844
-4.56957753529198,3.84303718276351
-3.01157147632008,1.61249649817289
-2.4387485736196,0.960260542589366
-3.62732882039883,2.39081917989427
-2.82191177722552,1.25695402941966
-3.45818529545768,2.17893494858342
-3.43042511267272,2.15688666145001
-3.07159785255413,1.72393591246512
-4.04309546472477,3.02622805925865
-3.66563955399888,2.71383248062941
-2.96163700174641,1.54120745373382
-2.85330133755114,1.54700708314653
-4.4231347393572,3.63435178181553
-3.32961756166484,2.06860204171655
-4.13772651599686,3.34040475089396
-3.7243227057256,2.54547243673959
-3.28780936460552,1.98415901902567
-3.19585030689734,1.92371288387966
-3.63104799562592,2.44814001162652
-2.32854494369233,0.99428889766137
-3.47390824702045,2.19403920609923
-4.70161010954695,3.87684198242384
-3.72566693923113,2.61065348356339
-3.1000030545002,2.0054580278645
-4.17533012782793,3.15102149753615
-3.20010727825461,1.92659019385006
-3.27777736275279,1.86342702018769
-3.87079249353434,2.79769966855984
-2.85766561008352,1.46338531814515
-3.64313192298053,2.47060422278694
-3.75753159451817,2.90782435633573
-3.277060932296,1.96396725983085
-3.82495545195026,2.71413805101695
-3.58763427082844,2.38176699109853
-3.58647812410416,2.48721840005713
-3.32297160615459,2.12121233359716
-3.96997608418203,2.94858008186574
-3.76140061441161,2.71682202199137
-2.94544244693801,1.61468036929411
-3.34761732368251,2.18868409189928
-3.20103905797576,1.96286083623182
-3.25033021343836,2.12286273147603
-3.7918251053396,2.69006431115083
-3.64445294310619,2.61806408461055
-3.01335652416479,1.7328459179749
-2.92266677263399,1.47092617863093
-2.99559954042935,1.93909285119326
-2.8189620000146,1.35784811308228
-3.23715751982224,2.01034677972544
-3.45571661521788,2.1897002898586
-2.89603856748429,1.56011597590827
-3.47258444678085,2.23270316896751
-3.14753353330962,1.83528468986725
-3.76317669418215,2.76654222591708
-2.75540016142905,1.33645201052246
-3.69508328154004,2.53201872440986
-3.91744169295181,2.8801131462261
-3.62919916677317,2.55897322278573
-2.50172958584659,0.816471075381873
-2.96308582496503,1.66600007163941
-4.01886936807174,3.11525497345743
-2.81003185170126,1.47938492664666
-3.35677851715326,2.04669059150016
-3.02172996829308,1.7751481042063
-3.10105639739414,1.8691077950091
-2.70387345806346,1.13739268865194
-3.68924823117463,2.61977045862342
-3.61138279274184,2.60633170516127
-3.82552015621378,2.79739514929835
-3.74029738264628,2.72262575665733
-3.79197164841241,2.96203427234681
-3.55183916619979,2.27233271388241
-2.68366187451676,1.28223420374856
-2.93588263061262,1.56664935547219
-3.76578043719032,2.69462354857323
-3.19120039405571,1.99937306016515
-3.50070667897171,2.27996522434779
-4.06266609670722,3.12532464109686
-3.12157777948447,2.5358687537946
-3.934617290841,2.99275200918225
-3.45949025629884,2.24722049072097
-3.91910964567419,3.02092301185298
-2.71197408363615,1.26508514304184
-3.26755590389932,2.03912034720365
-3.59784242035128,2.49657197022404
-2.84689656426655,1.38776657169078
-3.79505479610111,2.78603019107665
-4.15575627932014,3.31994085239565
-4.4488122412954,3.73996645839482
-3.21047020327407,2.00265709738922
-4.10245577884656,3.09603365282455
-3.59768346697912,2.46431388072891
-4.16187295692301,3.20994924734936
-3.31136636253337,1.9783569665078
-3.42379404246192,2.21391961802952
-3.84281164819976,2.87575999516752
-3.08200001118208,1.93611851293969
-3.49829568232218,2.34756826216811
-3.22504025401209,1.97129033263117
-3.10777306821863,2.02985650742408
-1.96943211858993,0.900944955684161
-3.35488567704533,2.23683183434823
-3.79111646356306,2.7016989660776
-3.11437152777276,1.86228367074904
-3.02762318059213,1.76650396904367
-3.45138567486981,2.24154026437596
-3.25176722621253,2.13178983964642
-3.36254255509081,2.39711724973156
-3.00874041201449,1.63970081644456
-3.49265939376649,2.41669348721343
-2.96318051992791,1.66631514507647
-3.57273250011791,2.65697862270944
-4.08947249655539,3.24566662378601
-3.69610902516042,2.63098193462092
-3.32567157102843,2.11234370765926
-3.13689140260754,1.86721942448996
-3.14233316318024,1.80422972703138
-3.54801983752147,2.32368118282406
-3.12435278464037,1.88645776454606
-3.73406814229198,2.86544601076368
-3.59539693748778,2.74015229554223
-2.7511719871333,1.34612738798023
-2.36891352594507,0.83835187600869
-2.73957624948417,1.26951166290423
-3.99762342185115,2.92929240461671
-2.97577345744156,1.66479574807231
-3.61927496298843,2.49349863620798
-4.12220207465722,3.22957581760707
-3.07173878524646,1.94630539629662
-4.23669935327861,3.6276973272624
-3.2075796264814,2.12718074439406
-3.39943832609378,2.17523417394063
-3.88633925803533,2.91396705456103
-2.66179899915152,1.25683397047982
-3.58058260576007,2.54687955013233
-2.25653522354241,0.605538487395346
-3.03195095086055,1.74147087998654
-4.0026256087942,3.1334967988177
-3.63542057699606,2.57981211865282
-2.9415111923147,1.64575789837375
-3.95964703317148,3.04341898679601
-2.10822012319571,0.989399658437645
-2.84484645120308,1.63320163950511
-2.65636430151443,1.13016780632876
-2.75012531354276,1.40945424802961
-2.90229352698647,1.56985704036581
-1.4748842401534,-0.233543240967332
-3.49706372638703,2.5027735338494
-3.0131822039326,1.94384754256102
-2.68716601512716,1.22850517797287
-3.42711951371186,2.75826815050601
-3.07338187347426,2.00096175586217
-3.06156982439211,1.83567767729998
-3.88743322599198,2.94925075144183
-2.85867411062501,1.92268811447228
-3.20457839602474,2.08865400374129
-3.65687970320188,2.77791306916299
-4.09160174604542,3.39804839272485
-2.66990581308418,1.25724985616417
-4.27761266725719,3.70480280361739
-3.33804874174883,2.25203272995435
-2.33336822969971,0.943400823418042
-3.3154508061545,2.11023742877673
-3.53057308506539,2.46383322673594
-2.99957324249018,1.81387843644451
-3.39405431555935,2.39338411166255
-3.39217030765831,2.30758930882534
-3.60096673074453,2.60016846842483
-2.28500406295145,1.0807533409944
-2.84928812918756,1.4797700239209
-3.36528662953151,2.25193487708616
-3.81349216054722,2.82926995787115
-3.78947485235722,2.81715281323794
-3.12672258147157,1.92809059761601
-3.64922984619745,3.3853781509277
-2.75866037241649,1.58047200412559
-3.95219035769647,3.07156939080989
-3.21084561430509,2.05069708199905
-2.63020284065251,1.29384719916021
-3.07516788359138,1.8811690396838
-2.51323467431753,1.31851347135626
-2.27688371183607,0.855939056166853
-3.0626761757161,1.89910231546139
-3.38822030755596,2.44657742166612
-4.80407858778822,4.33863491062442
-3.29442850402885,2.45661082152728
-3.61546192534216,2.7712320319273
-3.77976676555075,2.94672514280439
-3.79379052083688,2.99899791849876
-2.30777965005352,0.988693888144436
-2.82589910011467,1.49735761336228
-4.43371685053444,3.78506836379196
-3.45179167774262,2.36617487210276
-3.78702302845646,2.8520280218046
-2.93184101138408,1.7190815734176
-2.66971174712149,1.32620119383129
-3.73802895617303,2.89678163189568
-4.04303174009418,3.25426192394734
-4.55452732617031,3.94904918257926
-3.89514494405171,2.9889643118953
-3.43117119681359,2.33711545044985
-2.81199896869051,1.68146596459717
-3.41755807494713,2.46220788800051
-3.38898291240885,2.28751303137232
-3.74141204569429,2.791200403854
-3.41395866724285,2.28051333827553
-3.49078674982999,2.39022168413229
-3.47894827591808,2.46616689840826
-3.69139552303641,2.72426864687085
-3.4583813572405,2.52069667892823
-4.15485821785666,3.47049815039177
-4.34986248079984,3.70537541316871
-2.82384669223274,1.86757434995796
-3.28686107835169,2.13760480561201
-3.56665516924319,2.55604724229053
-3.2250703992413,2.09956960055731
-3.22801592728663,2.09408576267948
-2.58927260744505,1.53572880358241
-3.29359614854128,2.34366088223529
-2.92018769096975,1.72671386738954
-4.72234583015216,4.36928979654865
-3.22149525134302,2.267987105964
-2.03840465586384,0.557134130243574
-3.61101250345743,2.69765890303507
-3.26371230723139,2.16543909008712
-2.8205863389927,1.75241725090091
-3.34035793392201,2.35238637684381
-4.13278520169514,3.37121351973926
-3.35228480265822,2.27782293938083
-3.36912756514015,2.54259615569485
-3.06365573843012,2.1863050816272
-4.21848193463393,3.546228081056
-3.46429579921547,2.73573281226115
-3.70789061060012,2.77536857246951
-2.94130719105542,1.69073189498649
-3.33182448194096,2.49805759985592
-3.0650597183185,1.97349640793167
-2.92791835964968,1.7859251804214
-3.54887915975537,2.63920513731887
-3.61548672268196,2.78566272218983
-3.63241417775462,2.73774863861759
-4.48134542654372,3.84572004530308
-2.46126781074118,1.4122735925734
-2.74517096656897,1.58759827219885
-4.45430918827479,3.91615326941904
-3.5872957119755,2.73183858487688
-2.97126398068275,1.93067722679367
-3.44163271370426,2.40400767090471
-3.02433587643898,2.07700808874933
-3.13552987528692,2.09951070434345
-3.68300903237231,2.96627681519524
-3.5647467979433,2.68345784946227
-3.1376543342798,2.22280407085591
-3.8084611419993,3.05170672811874
-3.28269816503352,2.55618993740768
-3.08886387540538,2.23661028184077
-3.80378609434022,2.86744683613825
-3.50257865758081,2.55617659646878
-2.21036922228392,0.781902372274156
-3.56609969769551,2.75049631141549
-2.15235959939092,0.916678083659704
-3.43888797295813,2.44484298209183
-4.26090759475003,3.63781619203554
-3.47058678349389,2.68130328477632
-2.7224425956202,1.43288853140619
-3.93723539247168,3.24529814430533
-3.18318753854021,2.16900408110197
-4.22208030598333,3.65997298057071
-3.80409393869567,3.02628830035518
-2.69022582398693,1.50878596414891
-3.76917593971232,2.96266136696206
-3.13834280707098,2.27267249621972
-3.41132626933268,2.50083592722267
-2.88216327610945,2.03494665100526
-3.17389174573968,2.14740227585109
-2.40382373890852,1.03270761266438
-3.05794833457416,1.99651616622218
-2.44304955728704,1.12923037897878
-3.56855514650358,2.59873725925491
-2.33251799607986,1.09611534398505
-3.37871646549581,2.33996050672013
-3.05127230503479,2.07409162477758
-3.49309098630737,2.51672933274908
-4.13361353660813,3.53525990143892
-3.76001611361534,3.01919040663949
-3.14130184121747,2.17984926043229
-2.88111795510879,1.95909376906301
-3.96307516438167,3.42575694048902
-3.27657099944186,2.43409333846482
-2.75523828087736,1.71965713710942
-3.36202041539814,2.37931144225022
-3.52294615775156,2.81234309901657
-3.38316399485916,2.51881449668134
-2.88614877135735,1.93290925432708
-3.098195629532,1.97193492967347
-2.9265333676906,1.97710535929959
-3.63416213610347,2.74524093888862
-3.44557022385165,2.50909112796757
-2.47659781687178,1.23284047898952
-2.14461545445491,1.36423778988272
-3.55236220800574,2.82628022629763
-3.06604791555611,2.00523794911244
-3.15830215031018,2.25105479731753
-3.4001254760741,2.63171270098319
-3.29342709640638,2.69056512100523
-2.68251385696108,1.51962858163029
-3.01960772287967,2.23772157266689
-2.66641751298632,1.7731531830451
-2.16649555015894,0.731040723547291
-2.60624659299326,1.40944943398611
-3.25583631387446,2.19466897794538
-2.76581791535018,1.65172658604039
-2.30140237847571,0.986907790479788
-3.3701298317792,2.53917436824067
-3.4898473516256,2.62829848814716
-3.66485276041577,3.01905874614046
-2.90185337854398,1.82512055244323
-3.38465825405069,2.65660988639621
-2.95394543480539,1.89292052778162
-4.06928029788256,3.51480213346632
-2.84982914673515,1.83013760996353
-2.17933652516139,0.945568705189844
-2.99303923344022,1.94930210789116
-3.5872304460267,2.92589878450953
-3.53237155174429,2.68270058217084
-3.62173463477411,2.96650667404335
-3.34323075618519,2.70001186786967
-3.57468040869119,3.36410049649425
-2.74207516256004,1.66213006410713
-3.14867368056858,2.18342894703358
-3.03599371606282,2.18960439678825
-4.00683270924488,3.45281281357265
-3.64251964001823,3.05756166717694
-2.97459251882769,1.86830126087446
-3.36730464397629,2.66601882220841
-3.03096508262349,2.09568332352105
-3.25364900377564,2.33170430240342
-4.31157351415716,4.29583852464657
-2.81674137377675,2.08669243241498
-3.01751280997519,1.90004637361857
-2.22459178682404,0.989305714924821
-3.41082918591266,2.7040857407185
-3.94091377840099,3.55065607610935
-3.52719471780538,2.7230205346988
-0.313686104405439,0.141734600501444
-2.41117572905592,1.35215869592992
-3.37422341995284,2.61804555921424
-3.03824673821334,2.18436713319598
-3.1378102203661,2.1845068957517
-3.58122296105058,2.79397082464517
-3.57925962216142,2.76599392611744
-2.47178117122712,2.05108103219992
-3.34162018474136,2.55058043834861
-3.55671436276406,2.82947352231029
-2.99435328784338,2.1302782649264
-3.59697887832256,2.99327960817742
-2.88075974477694,1.7471550006139
-3.36979714887715,2.43576521708262
-4.12866135743415,3.78449995963091
-3.73027184440002,3.09306643540231
-2.86831518320621,1.81747842826301
-2.96339925218607,2.04706587221765
-2.60235263290097,1.53279922544645
-3.10255530580546,2.09522328541837
-3.3953731730017,2.76041659695716
-3.40285952310625,2.65257419190541
-3.46735095956443,2.75954615124322
-2.92032052041985,2.03035463165836
-2.93394897650685,1.99543916357417
-3.5286884198639,2.83256866626533
-3.52071482941532,2.60547629006371
-3.1565500730057,2.16163177353727
-4.27053517227803,3.89018280581348
-3.55193043317564,2.99503595612223
-3.49404883032731,2.68747153984325
-4.34344441829835,3.90876787280424
-2.4870933740492,1.67155897105791
-1.93873733531657,0.674578190827372
-2.95064547048867,1.91152855877182
-3.66613196486837,2.93780745023455
-2.88262984156146,1.88756324060297
-3.00534737222305,2.01565920314411
-2.54819660427897,1.35819693112996
-4.16827318515022,3.79094932273407
-3.74189392157348,3.12934194826484
-3.29296822565607,2.55034225338136
-3.68399698164428,3.25159517554927
-2.42797218461546,1.4632679525758
-2.97750809107755,2.09953296361306
-3.1862931606786,3.08965980785835
-2.74601805249832,1.94489873849295
-2.58847668020974,1.64992668876949
-4.3121759727485,3.85823056868638
-3.59869621151029,2.87104768660786
-4.25205333403648,3.78448322020745
-2.94224846167641,1.92627170951774
-3.3881207929213,2.65529948735752
-2.98372962983758,2.1586263311428
-3.04951415194378,2.12844999829888
-2.74680915572535,2.13690575646049
-3.04577288340856,2.27008359212978
-2.75371650901489,1.61296855419141
-3.76844356779115,3.24456170298147
-3.3371936241852,2.49479128581796
-3.79599086193536,3.2686756255855
-2.98209787335303,2.26805613757037
-1.70253815753764,0.737080143526772
-4.45643707122088,4.03278425515708
-3.73724427765197,3.07232585138966
-3.43584697776017,2.67584847724375
-2.04649522476174,0.856888650364336
-3.62562732474425,2.94340565737882
-2.04218600453674,0.825673983340462
-3.3759029690374,2.59840103132418
-1.91648200067958,0.545912897754312
-2.46083464369455,1.40612400119004
-5.35709099262872,5.38804298677056
-3.2025429222952,2.37319264644022
-3.17841632103,2.43290094563386
-3.4233785523201,2.77732080783803
-3.01176461897405,2.13894637315827
-3.6917001718723,3.12573016344454
-2.13402603414631,0.995047410095129
-3.78206380763926,3.32967017692098
-3.09614579713634,2.27479020246737
-3.50790621891231,2.74933535140305
-2.19634441464266,0.971230138704235
-3.04145392301779,2.16368077585806
-3.66347680726335,3.13231407342575
-2.85188914014411,1.90130139511401
-1.47540999305214,1.44929066671621
-3.09779339414438,2.31875776654787
-3.46334417922716,2.92293846078879
-2.86989773339171,2.0800390270697
-2.50785828527071,1.34123079516107
-1.96800623070472,1.13069585210912
-2.14330356562282,1.0879100644665
-3.21187942976129,2.49592957106427
-3.33674427465263,2.8973775930818
-2.87461332387596,2.05493182309017
-2.42218352583288,1.28576987148613
-3.28247509504341,2.51247743338943
-4.0419292329413,3.75033627277347
-2.5053452320157,1.55447941632622
-3.1498721578264,2.3610153654797
-2.31866344132577,1.15936451512199
-2.62389734317943,1.56936555455679
-2.7159385266868,1.83864458782513
-2.52936489837129,1.68963173272434
-1.65632323315326,0.392190267481995
-2.92358949858626,2.25033653384017
-2.72614358969923,1.66406716567452
-1.847939297624,1.09398600978564
-2.01319604279231,1.19687240065073
-3.43943793358576,2.87517131436748
-2.93522600346072,2.04242562245369
-2.00678685338085,0.823377672956877
-2.22612072850316,0.952185733461343
-2.47460412083881,1.36527790636938
-3.91565293098261,3.54436445709529
-2.88780378254922,2.0110433761647
-3.12148724053163,2.35178752181076
-4.81420231014515,4.83263637440361
-1.04634033946029,0.587173207552888
-2.26706664242536,1.21944716855672
-3.38637593173119,2.6907911522275
-3.09622800745096,2.30918755529782
-2.72043911563405,2.06902291172027
-3.88030179954758,3.408007782429
-2.95362380904015,2.02365473706904
-2.74392668054375,1.7044834463259
-3.5712042528672,3.03438308813099
-2.52218667256598,1.66734142893635
-3.02182521221406,2.27845629860245
-4.54577285326071,4.36777781356706
-2.99814974699419,2.20173645351194
-2.92109345585625,2.1340012240174
-2.50759835908126,1.39585258860233
-2.44148807997357,1.62408982899768
-2.97802368260412,2.16863887961777
-3.18843214815299,2.56489934273799
-4.40374438911856,4.14146168182912
-2.69833479626577,1.78070703690192
-3.37703489098137,2.73928671802126
-2.93019257317571,2.13499700439484
-3.05846623074457,2.14593384479231
-3.54613150929359,3.05826258086983
-3.68775438046421,3.15480394675712
-3.35422748702113,2.64588380836534
-3.5579247194636,2.97345011199218
-3.45938657370487,2.87133176741297
-3.3771928697375,2.73034404716172
-2.81451924241106,1.87682031720669
-3.63147228013783,3.06574639560901
-4.29013046671706,4.23320017271122
-3.05467847284719,2.18164308302305
-2.19387505637328,1.10327484893401
-2.6744729303001,1.73831117000655
-2.05955437890499,0.893691964826726
-1.07880293451075,-0.639351052457741
-2.95458163816635,2.35802251189054
-2.88685187091267,2.15584255715859
-1.00003482786941,0.126942834475154
-3.45035115428449,2.78490348784437
-2.67617304937358,1.68535570490413
-2.69794295114598,1.84795606655918
-3.41392534943766,2.88490639612234
-3.28551409732003,2.68563591247692
-3.19693845037058,2.71959341578147
-3.0717477001983,2.41690675240682
-2.89035028849696,2.04533641511322
-3.54778002728095,3.00479479843632
-2.83988639404842,2.07594172850034
-1.20002659715817,0.0288045400509377
-3.21418909547124,2.48853268012677
-3.35443811294131,3.06793203953719
-3.99287705028972,3.60101043214821
-3.0971755210944,2.41733133705269
-3.18988672115821,2.4900723333289
-3.29240417191498,2.65649972300224
-2.93955881368736,2.30186924541187
-3.30980016386381,2.64007669215518
-1.953302339122,0.979280456182079
-2.35502120342749,1.66888110976213
-3.444543603057,2.93360351894854
-3.23831318565613,2.61228318394756
-2.31410962048354,1.45741084251879
-3.33614132737538,2.90705611417853
-2.40082906822383,1.3742647983178
-5.19033041731618,5.32946185920685
-2.20560282722458,1.13574837115691
-3.88513142260499,3.62167376635609
-1.71528888862411,0.265087429027195
-3.93393330565292,3.48124299971912
-2.6960655435089,1.84304880617734
-2.77909688990798,2.06642703239639
-2.04707679171611,0.956084473084426
-2.80193613093163,2.10768068265786
-3.01156806158554,2.37090126414107
-2.48979479307245,1.44845524819183
-1.46474516208162,0.21292547114073
-3.65202818583349,3.10538971020577
-2.82966354447826,2.06351702687564
-3.59951239885339,3.20190481014049
-3.94186957684782,3.65408801073904
-4.02632075459998,3.72190424654238
-3.54077396342354,3.20119346439037
-3.85787140807374,3.46701746527764
-2.8390578548194,2.08315015472536
-3.11273640051028,2.60505145782361
-2.73539860335399,1.94027471519091
-1.84720724277213,0.864746654172499
-2.08698349711746,1.41089201477562
-2.53994742043233,1.80834871362683
-2.80746809641808,2.07983547847739
-3.02627732497043,2.46063418289992
-2.10301040952506,1.13532617731799
-3.02532813630503,2.51975243749314
-1.83096092364215,0.654333316283808
-3.55088480129602,3.13549764430255
-2.57044092990994,1.75796142932749
-1.87909224038558,0.767423077384752
-3.43093038221235,2.9647446418707
-3.51359621818082,3.24828902446092
-3.11338181074229,2.46944714164301
-2.51132016489806,1.70861354643156
-3.19625792560967,2.85546441541238
-1.84648915935363,0.820903862813993
-1.97470687962703,0.913357189639846
-3.39243684075205,3.19357778107578
-3.1297699102306,2.56888561292991
-3.62347767354691,3.47578841276963
-3.39842102386175,2.95092818292404
-2.19247234351437,1.06859735541612
-2.30681242552371,1.24265311146666
-3.60669321207026,3.18905768266955
-3.84611974147189,3.80140797721217
-3.17593379987447,2.78396134191574
-2.78228765105344,2.07799063628763
-2.49680785992775,1.58193136028394
-3.89195687104842,3.58137286991599
-2.89623242198591,2.16595668670567
-3.78625672884244,3.37842239277721
-1.57150935518241,0.427695782589439
-2.70640778037588,1.83854238288133
-3.30943082209007,2.75451480561007
-2.55737135380916,1.71143528795992
-2.97785141826984,2.34893331632734
-3.82083338389467,3.4892991740356
-2.4218542993026,1.62392147790972
-3.40790335825133,2.90213761134663
-2.73816333931184,2.02930487954192
-2.95437215275572,2.19582091800722
-3.14688454089631,2.69120070898347
-3.07614984191928,2.6746977658651
-3.29663805324204,2.87525098695949
-3.00185043121776,2.51280766265682
-3.4717644612775,3.12672421053806
-3.1080621969761,2.47395350818276
-3.13170323853467,2.48081803946774
-2.67286291477288,1.98080474519725
-2.86491552743902,2.2400238493656
-3.45698873184878,3.19775087755404
-3.94798351407355,3.81588733959949
-2.49067600450824,1.69245098316257
-3.25315764704411,2.74760240562013
-3.81444617968162,3.50258457387393
-2.70233544217397,1.89586841914509
-2.76320718975018,2.23461033281314
-2.52773440813488,1.68807587925655
-2.58906426639646,1.88032318815266
-3.03274202734885,2.63100359937482
-4.80209017906087,5.18558068590684
-1.72881638859888,0.529518743488333
-3.15944522702124,2.69265684131105
-3.037580762586,2.36898200059824
-2.73673061211665,2.2562561944918
-4.0647982759743,3.9592723173588
-1.77236701590009,0.569919723008536
-2.37821027869004,1.494447395251
-3.20768288740175,2.75341974488622
-3.54635745247936,3.21089421174786
-2.86454616526311,2.361603612173
-3.09179392392915,2.64964773119967
-2.14022680149109,1.42500125379442
-2.35205150556474,1.56080892193004
-3.58963506663495,3.33224207723181
-2.23696652371003,1.68206845315132
-3.09606830483055,2.55351508568814
-2.71444628394143,2.02877556078946
-2.18862601604259,1.26646793581135
-3.31611284122496,2.91166102401533
-2.53262090087861,1.80731309888294
-1.29696324660874,0.801731053190926
-2.64501767757178,1.91001397936237
-3.09250459225241,2.7727864622589
-3.24170873317882,2.8367003910311
-3.00712337088017,2.42047309195558
-1.87778247942272,1.04199200936856
-2.00572750828748,1.31202000276649
-2.73151178264226,1.97347697930452
-3.50989997482757,3.39823502709405
-3.25471879395848,2.75279542526075
-2.74183279407628,2.12116644937202
-3.57135111282816,3.47756992195813
-2.44876016004538,1.74904429347151
-2.88853916823773,2.2085227511349
-3.22839845538518,2.78568168371045
-1.7632265963511,0.738270317669494
-2.5723642519415,1.95629135796472
-2.72240725266705,2.24326866734232
-2.75146425788064,2.08518014115146
-2.12007398289178,1.19325396522227
-2.58860945042873,1.89241806332529
-3.37913713074046,2.97425203238763
-3.24281402522049,2.85623058164482
-3.65194961175338,3.46582316599775
-1.38897975561795,0.212979287445436
-3.07738254491492,2.64128665125453
-2.47194451833212,1.66586083865048
-3.18340062964216,2.7501309274684
-3.45584479005241,3.25198848886853
-3.26479730603082,2.90226880403292
-3.91218870051263,4.23743230784124
-3.13431375676598,2.66547323360002
-2.1430214446421,1.40997774330156
-1.0285053583155,-0.346119363780568
-2.03685100001269,1.18165670315283
-3.01642558250625,2.71779023085635
-3.86505966894523,3.72165839275323
-2.76105858544252,2.108451456983
-3.44461315170471,3.09662093915566
-2.98922147729896,2.67712269540934
-3.12471796095296,2.67159671797169
-2.35215055003332,1.57998339833005
-3.04738061728604,2.66736871225881
-3.4292845115179,3.20146590019527
-2.08512993311364,1.75451159914775
-2.50009640003772,1.84955946981203
-3.8094821851246,3.72081409954735
-2.96597668369179,2.50008704483432
-3.68699970632487,3.56446348101784
-2.61778501538942,2.04259479173838
-3.36909425738222,3.20028753139261
-3.37224594848175,3.0998926021784
-3.10612807828407,2.69836727962377
-2.9709702850488,2.53494210341356
-3.7548344235284,3.67131362889487
-2.58862387102445,2.08418542108438
-3.11131823213372,3.11620361685718
-2.79208766226362,2.26706951608643
-2.95910694938172,2.54123797450689
-2.73856494680111,2.38403210700658
-2.97026363987877,2.51885604096068
-1.66939462082716,0.669857559952694
-1.79102138572269,0.823293847738863
-2.24888152901264,1.5506374767919
-2.45136313256707,1.90634850406306
-2.44305422300999,2.03003272446319
-3.30129679014913,3.10135388374962
-2.32897824739702,1.74804338173403
-2.9395064698296,2.64620570023319
-3.05292845133897,2.67140541062848
-3.53215467442245,3.39169106389471
-4.00462264283204,4.002777545899
-2.71603875649172,2.23057545996463
-4.2517801277503,4.4568295558748
-2.41935092510424,1.89225711944422
-1.61556158285734,0.493789872696176
-1.80150350827887,0.912597779052423
-2.95580008192218,2.60587074867545
-3.10993761782224,2.78818340401269
-1.41703940835433,0.639741819879203
-2.79071177471262,2.39238937535575
-3.06665397788168,3.03183189717075
-2.3287469100192,1.82339121607248
-2.34767886335317,1.79028742187141
-3.15835413637005,2.96487307483099
-3.03359742403126,2.77574311423226
-2.30214584156859,2.16128663659468
-3.27680268978422,3.09746002372208
-2.69960453123225,2.43333011034951
-2.19319456680712,1.59289835517159
-2.50642003556817,1.98260989806292
-3.09312005514815,2.82049123673271
-3.56039311863057,3.45584233975121
-2.49055944247767,2.22450922249029
-3.49966479710919,3.37354845999811
-3.02908967345998,2.81133927855701
-2.90846677679688,2.6101476424586
-2.88527980850356,2.42989724088628
-3.63148005436224,3.58506077683832
-1.94182873960606,1.18093148988489
-3.09067317427752,2.89217150873682
-2.2732256238193,1.60202605737515
-3.17423199388751,2.85678068727992
-1.65456362105859,0.791753286214476
-2.11370439344861,1.77201095239271
-2.19899205541045,1.69131250037944
-2.260166442115,1.50813599847982
-2.05174184858877,1.36790197120858
-1.07155728649011,-0.0888319121909021
-2.92348994528326,2.51721446708849
-2.58714278563366,2.25309506509322
-3.57905250963882,3.62075522676311
-2.17555352261499,1.51921110200514
-2.22041802563062,1.5272640952226
-2.49914313231452,2.0302237774352
-2.31631643619918,1.72557141594208
-3.45017309024872,3.40095457906818
-2.85729514558201,2.59717971205454
-3.6256831488282,3.64106837648323
-2.62434655743109,2.28128937772523
-1.48695549544779,1.04286243187838
-3.01250036446828,2.88113236351595
-3.41324684403015,3.4230170421965
-2.01713998618128,1.53888195876328
-2.64473331121571,2.25345689475592
-2.10452559152224,1.31729219495167
-3.03308018838497,2.87751324947471
-2.22388452246056,2.04243669609522
-2.98011801492291,2.91375549218244
-1.69683344832177,1.01420570597767
-2.15856406441061,1.47665513116254
-2.16416914414767,1.65284729539489
-2.55330049073041,2.24413973401448
-2.47868874972567,1.96921987064247
-2.25181858209508,1.86409675329535
-3.43801877961703,3.27762658698889
-2.44408380941811,2.07043790238442
-2.045890531334,1.48105100353452
-2.26340842928481,1.82417974956177
-2.7914667810265,2.52642580032527
-2.13764835462821,1.6880897379728
-2.4579633717259,2.26130908470006
-2.5521508472311,2.17514262583018
0.113116969970808,-0.0173399634280165
-2.54818183823849,2.45407689085321
-2.02445131124112,1.46376769940707
-2.75126639212349,2.5371158968649
-2.07162526559725,1.63879523048297
-2.65008323891588,2.24791270523045
-2.75804477533296,2.56495421466092
-2.58750175204508,2.18926622606917
-3.5926057348583,3.61529486783216
-3.33405594227512,3.25136999737669
-2.09159632299614,1.84780331361095
-3.44536589317915,3.45882819884645
-3.45537840651529,3.62842941196461
-2.7981027377877,2.45702533233089
-2.04490041619675,1.40431727301587
-2.26352753923858,1.73187816023042
-2.67756473565548,2.79182458240589
-3.09395450496837,2.86733859604442
-4.45151524985555,4.77165091795902
-2.44884454556854,2.16806882005896
-3.02049679339331,2.95079074700437
-3.61476567774806,3.61148037937141
-2.69013930651591,2.52512119527287
-2.73675947568121,2.3641494077467
-3.10661661365914,3.2136395161424
-2.52838764522882,2.27541963876091
-3.0441504929468,2.91818441942796
-3.0850068677896,2.96971071927265
-0.78265380407432,-0.0619629315106912
-1.51722707978155,1.30226171336387
-3.00461370469787,2.78487133977199
-3.32066539524054,3.17418839216425
-3.50800801548586,3.50465640307707
-2.96727821693923,2.82635699763125
-1.35833011191527,0.830687545660654
-2.61654387070501,2.35574727641423
-3.30767999037324,3.43050006884263
-2.38841782673792,2.15153608060336
-2.79977087688335,2.50539210658792
-0.901217582775539,0.800806404276472
-2.92143451245845,3.25635211937104
-1.03639991653005,-0.115777624156476
-2.59897407821747,2.73344303607754
-2.5355430436953,2.31508641448705
-1.27401373830448,0.506600480998327
-3.60729928477076,3.65576088851662
-2.99238361543294,2.81117079796278
-1.79395254441256,0.991920189571321
-2.73975107493758,2.60984859229555
-3.28932673762577,3.33605796986492
-2.78991564925296,2.73685651603804
-2.95105422341061,2.87860495114265
-3.284228210001,3.4145137346636
-3.00209903004291,2.90954440442399
-2.8312477863789,2.68824111139955
-1.84858962605346,1.93841418093057
-2.47106663832466,2.04655449988288
-3.08764784870223,3.10240848298881
-2.59499083731033,2.48832076972744
-2.65733839653023,2.42686138847728
-1.67358830104089,1.67687389406533
-0.872754541643746,1.04572457204807
-3.79028290331712,4.04707973308808
-2.05721226207127,1.54771039518746
-3.06088219474868,3.0507225570493
-3.08811632523587,3.12481609255065
-2.71729243877499,2.55253961693815
-2.15662610543442,1.86822988505353
-2.26424091844882,2.1616158596934
-2.06249082034319,1.6484693424785
-3.15752447118958,3.153469118353
-2.60474681288952,2.31923570821398
-2.15042491134341,1.62621421267367
-0.926699954958844,0.153463569101571
-2.55878170166648,2.37250026575563
-3.48112705063308,3.86923710609186
-2.77103590062623,2.64439009143327
-2.4505327851208,2.40393273756854
-3.39297493736005,3.43079464115725
-2.94319862813416,2.96292250360794
-3.47956400091182,3.63114589379242
-0.08384331314515,0.283635497792138
-2.44356082288439,2.18183632276885
-2.47164122424963,2.61179234490654
-2.40103203137593,2.09092882231087
-2.95396599147175,3.08408775289215
-2.36070701145912,2.13497495185871
-2.72187284199293,2.5802986919122
-2.13931207070195,1.62904165597502
-2.4772000037388,2.45507968088816
-2.13633105988542,1.69045598123396
-2.12519044294687,2.0223412168018
-2.35222192687378,2.11102723421174
-0.989861059978368,0.326364217418716
-3.26912633991754,3.27939583133364
-1.47096449082231,2.19675708665758
-2.40148363074052,2.17214090247352
-1.58412167147223,1.23326092646899
-2.37493498397367,2.31920573177727
-2.98153432231479,2.90245244790195
-2.82076269772978,2.89324430949267
-3.06017784445175,3.12061954494046
-2.70404320875492,2.71665360775876
-2.2671807492256,2.58079441222267
-2.17772591004139,1.92422629329912
-2.54731013778421,2.67601721701019
-2.66162637278392,2.56498864226214
-2.73333022008885,2.68611589843124
-2.91196181759244,2.88910608563108
-1.81359889407599,1.3582891592476
-2.79194999127603,3.00609725243357
-3.2725892150606,3.40873807328249
-3.00031909827798,2.99540719996546
-2.15922128796222,2.04469149756271
-3.34765588731813,3.65657074163565
-1.5235718701169,1.08443330104986
-2.33357557213149,2.16251177420597
-1.60457209473293,1.35171908003814
-2.69493169198647,2.54408777971234
-2.69022403498182,2.86660665085852
-2.99436512771729,3.11509880688895
-2.52812927325469,2.34260313456588
-3.33275374293627,3.47689912256417
-2.78444587327285,2.8096865975094
-2.68029714698144,2.66379470361987
-2.69326056136379,2.4924416517156
-1.09166251289544,0.239125203659202
-2.79856818620318,2.77611716351037
-2.93357017826124,3.06815103986178
-3.27289556753433,3.51495988373393
-2.30663551465273,2.00812823861191
-2.05000993897955,2.32089348722813
-2.87462139296758,2.8826099016146
-1.37769925174724,0.787047768683513
-2.07607592952111,1.74541853954696
-0.925746493184123,1.30081458680578
-3.34419786858695,3.57040367636038
-2.15401139835968,1.8759965441157
-2.38379596879786,2.28635825006387
-2.52391940002527,2.42606429847148
-2.37763148915386,2.37740869002292
-2.49588647254419,2.53051886218449
-3.90557749940158,4.44537453267439
-2.45018458027055,2.42107478238636
-2.64909316567593,2.65920342548913
-1.96289892882774,1.53100267548979
-2.90553563101247,3.34885053882491
-1.26978326691299,0.645316540890305
-2.98446008261685,3.14155021244346
-3.07256545159374,3.19923740371263
-2.80229201560346,2.7803918038521
-3.3941627506595,3.73636611268735
-1.44361501104077,1.14271140244391
-2.37634921033059,2.2349542859892
-1.91490017185031,1.56588809196607
-3.21242509688109,3.5012890337559
-2.22100497250049,2.13830604208716
-2.97054945657449,3.11318479616311
-3.6843904827348,4.19141861189815
-2.93605463912577,3.32289676589338
-2.48070388322856,2.51970313637615
-2.14059828269889,2.0447693885112
-1.62358804239694,1.34121023771336
-3.39373845903164,3.83639683215622
-2.71692620654164,2.73400162466599
-2.07554168475874,1.93350360854049
-2.53166562896911,2.6772912794234
-3.27589370764419,3.69182288377912
-2.08754413703708,1.96073032657066
-3.42840658080349,3.78738707595784
-1.52665675845329,1.40852353069511
-1.23353996626539,0.560432423125408
-2.16836681792715,2.25034565233146
-0.420500077373715,-0.323537526818355
-2.97697189608673,3.14185894899662
-2.47596648239629,2.51890787676984
-1.80993367060787,1.55699480091533
-1.67668227467055,1.30093154278266
-2.63888680718179,2.73519548876895
-0.722954288840258,0.179703925160335
-2.39888652542052,2.31423545323552
-1.60633823612056,1.8568769791332
-2.2977184270222,2.23696539718991
-2.60485033189847,2.80296332860519
-3.72332463078327,4.50038063788165
-2.82656966686654,3.03941795110556
-2.3791727646009,2.44932525465573
-2.56642156927173,2.96852526052221
-2.35000991128674,2.28921013544514
-2.03581548914763,1.82604886618284
-2.27584259782957,2.2868169392118
-1.5035366613613,1.19894863175006
-2.48974065716589,2.58020029477968
-2.54178505450164,2.56801829228649
-2.98697553042147,3.3360977708184
-3.10186326671051,3.4492414175102
-0.510774728779892,0.130923742310045
-2.30647182795138,2.3783981063348
-1.90889798610198,1.72849526522283
-4.05199668081136,4.7298384641953
-1.72520664429779,1.61992188489958
-1.09471618332377,0.550811853030949
-2.59066207395362,2.62879152659299
-1.89024061012478,1.79339267047851
-2.21011044297492,2.27449878032826
-3.14687529253931,3.76774837886276
-3.66450708363274,4.68152485668308
-1.96315556520354,1.96485289336304
-2.33661978308783,2.45070747885955
-2.29908264011985,2.38544287702912
-1.59328386252815,2.1571365997368
-1.39242175345868,1.56522457433884
-2.89688226994879,3.2859267404089
-1.89483900012436,2.04087801927922
-2.46433181093251,2.78805271532192
-2.396318095724,2.64489562145097
-1.81501818935356,2.12195221574521
-1.32911328576673,1.05717933165783
-3.10412227922916,3.51920208875294
-2.06644111680789,2.20412091100758
-2.06639225518566,2.0366842952755
-2.3736223485086,2.55547641930518
-2.60899334863629,2.8722266142237
-2.19910677079554,2.52388125379919
-2.14453636171624,2.34946715054183
-2.47111706451373,2.61957701321235
-1.48788070987385,1.30915089583702
-1.94479176678444,2.07678591303662
-1.50611009125371,1.34701200627042
-2.57033818262959,2.89729141637892
-1.03529444327708,0.820600791490511
-0.87069059784685,0.532494898268705
-1.96859396341424,2.07319482405522
-1.51443650720332,1.51871964288548
-2.78682043178589,3.19886243111618
-0.681789533295266,1.28582823940422
-2.23922042129595,2.46914023849275
-1.67229455709564,1.7827001083136
-2.87378893024669,3.23966681391575
-1.12474197564517,1.11157414283735
-2.58541752389444,2.95634702491353
-2.50554346879047,2.83265564889774
-2.58128764240467,2.96663191611331
-2.41992533161032,3.0180392015114
-2.5929205890715,3.02980989572291
-0.498991695342395,-0.0123095434248598
-1.76088642400544,2.03916208371432
-1.68468360708375,1.749271001624
-1.30247544721792,1.1916976546004
-1.09530422681649,0.9727800543093
-2.12045522911764,2.40694648967728
-2.9608931306653,3.65417166376985
-2.24610433925526,2.88390729133801
-2.3835458594694,3.07684781946136
-0.915214379567403,0.814446406809143
-1.85365826457324,1.93723450504957
-1.958470658859,2.1760771117553
-0.274482798060569,0.819565283177273
0.32397230423474,-0.962122527412882
-2.11456384186373,2.53615272042117
-2.95610057531943,3.56904082656649
-2.52714447653357,3.01023150015194
-2.57880264998429,3.30994644614777
-1.64601542703275,1.81988986352694
-2.00938188216863,2.19910786516204
-2.08657818732379,2.91965879644431
-3.11066566206622,3.79729539922353
-2.61760534260822,3.12220702328891
-1.75337921120748,1.90229099102034
-1.70473444530354,1.95188407617595
-0.175927716783937,0.539767058467584
-2.58790075317831,3.13161076968353
-2.62942805532539,3.25922840311638
-2.16997878698682,2.43346522259672
-1.75837178564353,1.99444271213468
-2.56593704267528,3.16491751773159
-0.824727148990446,0.933736514565362
-2.34392205214032,2.87006057323423
-2.20425364585033,2.74394523827604
-2.61110359090353,3.24846482565397
-2.07073411948791,2.85459685625709
-1.07907502347012,1.18158130049544
-2.29172459716705,3.00791030641499
-1.85000965182893,2.44691488896092
-2.8843775437746,3.93309669119825
-1.85857475336277,2.56120893172596
-3.24580430347682,4.22839430066138
-2.1659443331198,2.94390962956996
-1.51935010562129,2.00094341988732
-2.10947588170721,2.58214356389651
-2.95690907503934,3.91022840907719
-1.19497662464798,1.40450059348353
-1.79351170328946,2.32539532581963
-1.53618228554232,2.14389002172504
-1.08452366402266,1.31687280479425
-2.68951579223652,3.47628167587686
-0.354794747061154,-0.0234231170902775
-2.06401518054467,2.83348940603658
-1.94963939353383,2.52399311628293
-1.35353863164581,2.20430993651949
-1.97252107776794,2.619097622627
-1.59512983605846,2.04003381171988
-1.47833203561508,2.03012681923247
-1.70539312847928,2.37005901376195
-0.53376900652062,0.431042507578766
-1.60466909299294,2.24862190116037
-2.02887313829681,2.56549781720584
0.268191139324948,-0.325135358276108
-2.26465869070718,3.09699818811681
-1.03283049492947,1.25509992891146
-0.924756324508577,1.33949800985708
-1.19504410905382,2.02686829403674
-1.01863046944509,1.32206466526526
-1.53674615207219,2.11535445966154
-2.48746493510454,3.49774569204103
-2.00774387182689,2.68118519613517
-1.20532409291724,1.69410637603545
-1.46061480887418,2.02408079934707
0.152480032014284,-0.0364034324380059
-0.71124391045159,1.32774394087568
-0.604052748032695,1.24392120855502
-1.61763534301962,2.27344062883549
-1.17831345160046,1.86848826296328
-1.41588842304405,2.13639660176873
-2.00928561363123,2.98054480801243
-0.628253143187869,1.10480432851951
-1.92752191351977,2.95074077185403
-2.37271242332976,3.62096613690172
-1.6808269301806,2.45401661971821
-1.05286516625311,1.6962459307501
-2.88066547344253,4.3719454141651
-1.60737237679497,2.4688130087479
-1.3476830706375,2.22418056329965
-0.977503231603475,1.73568709157314
-0.452082863912367,0.908011002309961
-1.83460471511345,2.85608085079074
-0.631877797802886,1.22368245215662
-1.52740629639802,2.45943750869076
-2.02523574429681,3.39510827505826
-2.72355806214495,4.17807017732595
-2.68180649925129,4.12048804144642
-2.26691869608191,3.7722658658174
-0.00247005582508993,0.50367313871337
0.0175289898500523,0.616199732854152
0.796512643631497,-0.652000007011149
-2.30136566079169,3.95475337309683
-0.268885312914297,0.962784635406561
-1.75702075720287,3.06707593116548
-0.0087882068572879,0.5565727050617
-1.82754958879021,3.16127361926035
-1.59577202584268,3.01776548226571
0.382191170752609,0.176316959079236
0.2785338161182,0.51726890612743
-0.892141538413554,2.6624847665047
-0.385784934011941,1.37452823986268
-0.517296910374463,1.77253561924904
-0.54860292112497,2.45643204949684
-0.960785447034841,2.43869603737916
-0.0444864708668594,1.65580984536032
0.297452348517247,0.846718482462631
-0.967727934922793,3.12100489922023
-1.56903901498175,3.95467461084155
0.504650514439641,-2.20377301407003
-1.1718259778521,-0.370021653170368
-1.01436998589572,0.718039514594524
0.246283717054208,-1.31623799137981
-1.54047164494689,0.980640511355488
-0.394981351303625,-0.393814709235888
-1.09357279952877,0.887982121930949
0.13079783872556,-0.65034446867373
-0.802459263357074,0.106245286538275
0.128354115429202,-0.690853392113908
-0.127290888042725,-0.170994894443378
-1.04875863902048,0.932690530662912
-0.0118156244352729,-0.254595300368257
-0.523961325107382,0.257315319750852
-0.135110146062289,-0.0369118510369271
-0.024744931780383,-0.264889716913427
-0.387138215631268,0.477006102792628
-1.61559173282382,1.91724276559047
1.11825536619678,-1.6985287281906
-1.0953981341557,1.4812728722645
-1.391739957975,1.41170623547477
-0.1964006422256,0.115606415929241
-0.385550679769374,0.178821722084687
-1.23671698549089,1.25850646861266
0.0276607001563443,0.172502820873885
-0.0574223092488413,0.165515471710459
0.561822149786704,-0.668323244589941
0.531800844663383,-0.787256606043821
0.7117114824575,-0.700569602392456
-0.566376222421191,1.11741420275965
-0.177764064756965,0.441776189698098
0.449247150743824,-0.467776704382007
1.23980616858817,-1.52480132168427
-0.448671721178375,0.989634286679976
0.226121632941588,-0.161746882593237
0.383118317601089,-0.325030748663479
1.47549362741824,-1.55234632037364
-1.89923081417086,2.98871477595369
0.484666636491069,-0.174013311916615
-0.0264215863640625,0.405969695975372
1.70511495018074,-1.15297697833778
0.0800652975121185,-0.0446941738488154
0.51155045166335,-0.109144402138985
0.200419851682205,-0.156351185355517
0.498807872285092,0.0623964316564091
0.559036450818767,-0.178248958079372
0.538024573352006,-0.603811611298382
0.387375670834005,-0.401085380902721
0.56051959608582,-0.297582145743909
1.07211127526381,-0.939569974387877
-1.82851731220545,3.24146751516862
-0.434168449979673,0.912700284354734
0.638236250845198,0.0019434406678692
-1.05139723954917,1.60531361534176
-0.0665570063974292,0.889922063968504
0.321023386745025,-0.0185253985118907
-0.223160001418365,0.568847431079748
0.823230266802701,-0.434473247952479
0.308711587045825,0.205239330912306
0.393212931713732,0.230351459327943
1.0268675846366,-1.0800291260476
1.43454662501124,-0.329996401601899
-0.939251275409947,2.28180308032093
0.499875247174596,0.207043510133269
-0.00022786455499349,0.689943943036769
0.338702351168181,0.540779400152055
1.44236465735318,-1.10803736414963
0.822193139372026,-0.262928437883427
0.400408219514927,-0.0876499947343812
0.750410665314915,-0.210906994015713
1.08668401625906,-0.769574360644947
-0.556737012912346,1.64225990072125
0.838695707326441,-0.374637978614915
0.690883932661342,-0.253102307225158
0.255902881387165,0.720649283568379
1.08537353660189,-0.303030903607997
0.796653934458295,0.0810185550407464
0.875718050954235,0.185415210773587
1.58844234035191,-1.19002682651708
0.960166998550586,-0.255803816777767
0.695475460328096,-0.0327884485129637
0.114395764665969,0.293641308566743
1.79964578342824,-1.47754824769795
1.34519343924984,-0.578033585501457
1.33417057017261,-0.339747327166195
0.289656033437369,0.453800074478911
2.38345000958161,-1.16508417631355
0.86500611666216,-0.650474591236006
1.74418995423368,-1.11502838396097
1.2705412188626,-0.571865779994163
-0.671130687514677,1.99324546492364
-0.0247822682420209,1.3833190592726
0.527112023022307,-0.0524958791278865
1.66775235607991,-0.979977747942526
0.214913526361326,1.86073103869857
-0.0198970563382781,1.03001051458215
0.707981069288124,0.382631459044686
0.0135943056790453,0.933528232510662
0.50317609341919,0.374225664233417
0.788079794459588,0.0322594221339414
0.398320907252523,1.13851939615769
-0.279004235470848,1.69871172332127
0.250067615801239,1.28411406339289
1.89943363287982,-0.847727967752933
0.779931402838172,0.22246518373845
1.77893374865066,-0.23637551554066
0.494747599450261,0.849104156452613
0.939042227294837,-0.134555741454703
1.86473536580811,-1.00129797972603
0.321182653605783,0.62831986535062
0.86642414426939,-0.0751839109847787
0.91077118119997,-0.342592584175677
1.2649199171394,-0.386190984278645
1.49858920905844,0.258484875729522
0.642055804671815,0.753281029624103
0.688772562360307,0.733889440554811
1.11291490066013,-0.236706633709921
0.317404220024136,0.754147597231526
-0.0424514496665297,1.25767782005324
0.864105860058345,0.209947125026246
-0.342571484010311,1.86501128022686
1.25241856441952,-0.203521354890463
1.45835811104435,-0.175586674924534
0.408254269550232,1.319683958907
0.291825611224552,0.782539471467101
1.32473005552302,-0.189662974317
1.40445513881935,-0.552893936490949
-0.271774506215478,1.75805539451448
-0.00912855629284604,1.71313550752895
0.72143627386307,0.785233296673825
1.25557244069837,-0.245923556352794
0.384292112562257,1.07223718249584
0.995890000197559,0.819244506324254
0.995907810875082,-0.0952851710043398
1.33992416672077,-0.909665327146616
1.45176576188871,-0.654275207666532
0.578175589349667,0.397244005190464
0.146198258281049,0.958568563279116
1.72831205953876,-0.860719138066889
1.31574573716508,-0.0681503678455209
2.57516066183695,-1.71092857788076
2.40973975811247,-1.04242683795351
0.847139248518887,0.53017678860458
2.1158693102571,-0.696770857478688
1.32555718546923,-0.299881852703097
1.74279900436429,-0.572152278385549
0.589138649224452,0.562983859018538
1.63738799357035,0.255697009034042
0.366493807380008,0.86503215279194
1.2000543758963,-0.10876799215286
0.251686612773073,1.21573658396393
0.726930862028857,0.64327661688955
-1.9225276729772,4.34826573076267
1.23523802268779,0.0973569134146834
0.257865077307259,1.25606724230948
-0.14288035598968,1.93791269200759
0.503616084154306,1.18930688756939
0.715266626360863,0.760501092461889
0.976880128318743,0.641058165970204
1.55648432647838,-0.568283305021254
0.933404675910768,0.912989418870891
1.25146068412788,-0.0445857638416467
0.66904378535694,0.963615441735169
0.279353136421416,1.50471398507994
0.949344197423241,0.141707078292997
0.859973233324321,0.0260580541648629
2.3993853799727,-1.75466587088241
2.05878144622253,-0.495748751041003
0.404087898110423,1.03291912243221
1.84141558938302,-0.91155337448971
1.25578360979476,-0.275156598706693
0.232168242912911,1.78570006061623
2.25011899949081,-0.696293362005285
1.23882048794241,-0.283797752640827
0.579619233235463,0.354014860237408
0.696678285933036,0.894083316477549
0.845869815642988,0.293516310120787
0.847560785798001,0.869819452828322
0.278373588872384,1.40090999813556
0.193357165998246,1.85757353756069
0.401931820082528,1.29936779718578
1.80429153606717,-0.200375948002971
1.62592172877263,-0.173625987172739
2.13526826316363,-0.841103854319909
0.746786639123892,0.446835611197453
0.102967863724298,1.71338799364309
0.707504916581033,0.648215235893118
0.967352155630082,-0.0639425293582871
2.64590487180895,-0.798071464419059
2.43617024851529,-0.721203583848917
-0.755548796851947,3.22441183705949
1.13755741440239,0.11783666324305
2.59740046581631,-1.33351750289238
0.760316694579213,0.503678457502689
0.165366081743051,1.44286662019203
1.40137083459628,0.0426703769188407
-0.743116425111667,2.82911068267319
1.27908430654606,0.0145277865043937
2.09202132926682,-1.04927922263357
0.866312063418177,0.723120976999941
1.9834914057298,-0.627306595641659
0.487558548309745,1.20097237141296
0.739359311905313,0.880045289758993
0.609943056386678,0.787028976723977
-0.0395360101005742,2.13264263732712
1.3018920049124,0.227702261770749
1.47030019871325,-0.134639144671595
2.32622167040273,-0.822866115015886
3.91331354384953,-2.54652617521992
2.10380302160658,-0.962154708467905
1.83257261212463,-0.126302606372932
2.2407411386354,-0.690146488986322
-1.6756931900595,4.66964990400257
1.18771412345856,0.292085400808007
0.835203555759079,0.916350738318479
1.59750744677367,-0.346339366145836
1.37387336477843,0.271910919664247
1.79022134724741,-0.0754092464099692
1.06834738738546,0.367880281677077
1.15100450086448,0.343515641198309
0.961985581894377,0.814060928290071
1.39863124286621,-0.232103243030186
2.6010854537744,-0.904592823853745
1.76700691504647,-0.244366482512587
0.779879080276818,1.35764468466563
1.61240960638378,0.095895240184914
1.26272197173003,-0.230120507679558
1.13578163234871,0.632975567703088
1.01862221468539,0.775485834962581
0.946820990626085,1.395044266399
2.33142357369751,-1.05738982247846
1.65210274793541,-0.346442727221946
1.83821333089961,-0.150599564492984
2.14872325376222,-0.420694160640114
1.78465275362193,-0.210796368651948
1.57929188078962,0.00439843529353601
0.348204663732657,1.65879518003998
0.162178432419258,1.92583391829454
0.291375311173764,1.77790259670238
0.841763763478693,0.939021529457268
1.16097208734776,0.823227814710225
1.61641890648214,0.0524421312323448
1.40200640986582,-0.235472607748416
-1.03912666949783,3.6771680858693
1.48682546185013,-0.131074759835379
0.814866881606455,1.00860845174172
1.79088615693535,-0.617581352829907
1.37784869965467,-0.00781107781293701
0.443512346997121,1.50717815069645
1.78445357867028,0.456615742864985
0.565383508323006,1.43386345189363
1.43660388639043,0.466304591614757
2.16534370861186,-0.431489713811211
0.88766621318687,1.20693255175177
0.780034670755209,1.4098479566467
2.64713291236723,-0.808368879219803
1.13296049728756,0.724514322603606
1.02837964828263,0.806375816205962
2.08935912851804,-0.2265226651775
0.756143555819025,1.51679728272693
0.615285570625034,1.32018615761129
0.905677850548819,1.1427481691041
1.42255613305023,-0.0686116021109622
1.22569248694872,0.205201339985579
1.77541173789615,0.150258084041373
-0.363264205249567,2.86449323094658
-0.00741019972171852,2.26890515812686
1.20896003210131,0.799449062376801
2.25497573544447,-1.04998388547784
1.63484209563911,-0.0972666992124101
1.63464932411593,0.41502262102569
0.827124236861984,0.920283294655365
1.59387513565823,-0.0685772473777313
2.4077380770704,-0.963528402461261
0.40548846583545,1.53941618565405
1.75715180759918,0.116203909619878
0.553731457498051,1.72199767810389
1.3994838373848,0.155995452482844
0.39122559165202,1.82253124495034
2.02314432693393,-0.255446852843334
0.451355852738073,1.84234923739401
1.39869105103331,-0.0411270424720136
0.657993252277124,1.39700005709277
0.807808460357283,1.05718708681596
1.56240073199577,0.62457254957044
1.82464496816795,0.0116725861577614
0.642025290864817,1.52028290996546
1.01348226540656,0.51640691400417
0.312553486805165,1.90662522612895
2.0820338471663,-0.163472282395554
2.02287028414506,0.0711587206909769
1.63482325061098,-0.120268288477858
1.1226106991389,0.861615871970513
1.46710560916134,0.384262527202389
1.55763330509094,0.871105648262444
1.23083243169326,1.49879524346319
1.44915149231578,0.476450147333538
1.66958106479115,0.55497326967298
1.19568053612797,1.0185217953576
1.68316574522252,0.287395700907058
1.15506647398434,1.01140984049726
0.385369807052638,2.23072559288843
0.589579732802127,1.63714347816494
1.23327680427468,0.109902247713106
0.756928874846765,1.19729289374743
1.88065994979558,-0.390792069716562
0.304599952280929,2.18845145489562
1.23995775414005,0.464072392034672
0.917756982488394,1.3976675935469
1.66973946329581,0.199495091335352
1.61070677189769,0.67126060304595
2.13857869027364,-0.215278024769165
2.19094920030679,-0.160902860345633
2.29671103325479,-0.681724901320305
1.81757102738823,-0.0156330969549699
1.07954519214544,0.889010469123928
1.67976076246402,0.556328167705488
1.10834490913941,0.532236468856462
3.08895635833645,-1.84538505895384
2.55769751408105,-0.55512812464699
2.22394153998109,-0.172255745659415
1.39872327084822,0.612973537563478
0.999107317955807,0.844802953653651
2.32448840619226,-0.794784772962945
1.47031556061519,0.815155624943499
2.22954197966521,-0.0304659068617193
1.24683169475534,0.998247076025574
1.41023522361163,0.529437888892484
1.08601617689901,0.714570913677898
0.764326804688632,1.25263079653389
1.49923560745405,0.551675689523522
2.2036389644662,-0.687467309979665
1.74474045731173,0.447806415304528
1.76600583513329,1.24210610369698
2.21159063819988,-0.462945095874269
1.15025763922063,0.64005911852768
1.28799420762541,0.505099248278355
0.66978611865471,1.59013417242529
1.24219658116563,0.318007747101788
1.32223994498465,0.610326748231658
1.08998097185162,0.74858210211373
1.1060984470184,1.14166523972863
1.74847465877551,0.677619995518049
1.62180367147142,0.709770293762396
2.16905036283342,0.0950221820789587
1.80667036396417,-0.303211504634757
0.984126251150123,1.29851653039192
0.416374005192974,2.22376128375699
1.04297136865657,0.862897138563358
1.98721097829944,-0.0324088545662291
1.11358463419602,0.928120401152232
1.19287860292809,0.928902447054998
2.40202160057522,-0.648630661032481
-0.214198327322993,3.02550121554463
1.66587049497299,0.370320991750876
2.91397644487495,-0.461136778657534
1.87668372562669,0.0952034189321833
2.37069216781488,-0.291688879926369
1.23775987629311,1.34735683612911
2.44725197937384,-0.273842858539431
1.28187530725738,1.38869146742966
2.00286388765724,-0.150971521176562
1.67638039780082,0.432049165785566
2.36174546694641,-0.12514589774432
2.29227799953832,-0.148026969243466
2.03060418729959,0.138600341013547
2.10125746632232,-0.179656948447714
2.54211165774837,-0.805386634442575
2.38880941896067,-0.363634427330076
1.23638945261062,1.58200630429422
1.35069950738378,1.0666625738179
1.27130880283551,1.51689830786192
1.35950155675527,0.493174309808949
0.980083210130184,0.986490674515025
1.48829239657233,0.795281675165399
1.69800196959438,0.675728097578999
0.316976878011563,2.14136207979131
1.40847456888461,0.823859804857941
0.857225089291197,1.40217628466984
3.40123074170273,-1.35175357786228
0.573843382683241,1.82730300461477
1.43152898385253,0.647285787823552
0.539963957833881,1.77062405089574
1.80935897885872,-0.0037945563928288
1.72399903034165,0.644759161708132
1.14681772258812,1.21346469548839
1.62529146120862,0.589652334842715
0.768223585820026,1.80920987569824
0.656369941250261,1.86606649950942
1.52537102313221,0.613630280089286
2.02389936308952,0.0742829136858702
0.00738484461959106,2.7119527158945
0.545295453246417,2.21965798412268
2.63600145985147,-0.0686292084909643
1.33828958852178,1.06595819204251
1.41510366700587,0.380484188078567
0.992677865954813,1.46657891371111
1.5716397078318,0.49396229837061
2.12102118299959,-0.346989495848751
1.55905775080554,0.958155370068293
2.17045986706447,0.0871839740565159
1.86068743428896,0.371495430543169
0.939012400699762,1.65955827144908
2.29517939945236,-0.587841697276765
3.39080500552644,-1.56375597685384
2.49767119259534,0.261872586669134
0.790255526086304,2.15878089649812
-0.354139491701114,3.10184661561003
0.705315170599777,1.55728262926555
3.13554513270683,-0.901532562915784
2.22908201394399,-0.087573395252074
2.55986720996169,-0.952221689090855
1.59799046636518,0.569810083962176
1.97355590246963,0.463204803335441
1.64805322776031,0.708266872164428
0.857435829529419,1.2332498208524
1.39346323140418,1.20635636033215
2.11604385909902,0.698744995989668
2.2817390748881,-0.255456187133121
0.886936014617173,1.84344854649256
0.0657503243995928,3.00143085942581
2.28693621435325,-0.518366588249032
1.58491388551311,0.78778682881237
1.92860305577877,0.683438493956215
0.520327120699022,2.54524814381682
-0.0487113371998349,2.92456456036456
1.99262820364129,0.527593588688173
3.8470204212459,-1.36172025177572
1.32736855811148,1.51804224684798
1.49978048884091,0.911152665102927
0.714496556694802,1.85503654076947
1.61378385935989,0.481469997971789
-0.134568049660755,3.42159603901352
2.71448326268099,-1.0474200514456
1.27494084317414,1.27280072238182
3.76823327839394,-1.51443327070394
1.49206586583966,1.07765883888773
1.49657431712873,0.758289744324828
1.32846516759883,2.06525623772583
1.4815207939007,0.594378007471696
1.46782380883782,0.431160572610923
0.363384263581995,2.32685766956726
2.12949171159062,0.560747992765167
2.31904675917729,0.769454742769845
1.17281924193155,1.22764068896924
0.756520011748169,1.91540994723064
2.35666000691662,0.740676872032903
1.33341324408793,1.28699361820745
1.63581695823408,1.02676412151902
1.82083262499228,0.0584109354537236
2.50562798155087,0.127616568498242
0.981050406380707,1.78506043295784
-0.396149785770745,3.69858000802634
1.64172225196616,1.35453685857497
1.05739581516659,1.55417699962014
1.33943462576767,0.8408353765482
3.19090846780674,-1.31987174206099
1.8832755922696,-0.0129284263819153
1.94252318327063,0.398779089247194
2.03459986380443,0.0504611812478341
2.18892288764914,0.0922089548720179
1.60853991370738,0.863756019458672
1.12149041913051,1.74971726518459
1.25662854408208,1.56184624070039
2.20545606618025,0.0949032127618363
1.52065477326252,0.730768321783513
1.61841642093849,0.777289269436439
1.77235977457358,0.65230292860895
1.98421765780961,0.620030221470045
3.05848902222697,-0.424708296512124
1.5795764634399,0.769305908156408
1.32586934619491,0.780059362652417
0.886264009187907,2.04363825905419
2.38773768764232,0.0809857555072111
2.30509958159877,0.80796665931984
1.68956992184851,0.430565767655363
1.86237020446762,0.479698680733018
0.859946192500111,2.06315831627583
0.890674148415206,2.04575795858136
0.779086461753145,2.0763414285081
2.58786522792697,-0.211554435574043
2.62753486517409,-0.0146347447894659
1.8269270451427,0.368245073981207
0.555714448445931,1.90726509839693
3.65262490493035,-1.39206809788691
1.39177774079497,1.17674022322317
2.81917390225122,0.0443875578037323
3.70458923428389,-1.50158547732814
1.84912076643101,0.961422130095085
1.50969540458368,1.28677132962804
2.30656187493466,-0.183613066742185
-0.212638624043373,3.49571526077983
1.94121134039021,0.219756803773764
2.78872122282847,0.0491215940437318
1.00669077688953,2.01714675817099
1.30567694745863,1.6012216565444
1.45110147794607,1.36708370994129
2.20527356765744,0.632367061510376
2.42054946053769,-0.113435584014912
1.71088666845321,0.740663604652388
1.68871063484457,1.05530908175339
1.44606391580577,1.4677043920883
1.7973436024682,0.617879900923594
1.01293360183627,1.64389696551344
1.05104638429066,2.1487735705097
0.986246019504611,2.33701936479265
1.63995311432814,0.532194445890234
0.647813646358233,2.27130693011031
1.69811968073485,1.3336089629634
2.24165821937117,0.151767846622976
1.05279718519261,2.38240937505008
1.73030247226012,0.532537401974366
1.78409995464203,0.76037666161863
2.02582048369931,0.582620650089766
2.10178592340561,0.941473738087557
3.01185809054308,-1.13161186035802
1.86332940059097,0.475087767776171
1.43211799982712,0.914840796751202
1.8144145807558,0.442014770251579
1.40885381103282,0.999747711537837
0.838520210469997,2.15857767739219
2.3508485254359,0.0106775679123535
2.94395206021225,-0.915971602283258
2.01833677329519,0.392779793804693
2.50797037016835,0.130812311308514
2.40006232601045,0.233354253053033
2.22260552069737,0.723422895295959
3.68634438866375,-1.31125689464112
2.45557419694212,0.128191668555196
1.18346728424144,1.44455992894227
2.3008782294054,-0.0435283047195064
0.829740554078731,2.1046845230647
0.409916207788028,2.90990536898651
1.45173467303245,1.30749331427664
0.889475248202689,1.89773838452682
1.78950828264111,0.440824982813283
0.840449963987989,1.92526409948126
2.2586078221851,0.291622799890794
1.7146819998867,0.864305731695139
1.65860973260513,0.547341870192578
1.64953287169795,1.27957078295526
2.28590560061699,0.602313420373294
2.42781314274812,-0.017379126022495
0.892972327080551,2.07355424679968
2.12001145892631,0.393565114000282
1.48231247010039,1.53296986638948
0.79841975753155,1.89815689122659
1.03732718565949,1.63704810548682
1.99645957949344,0.414648912241558
3.20327984908783,-0.910479885311255
1.23391666559505,2.01550181501415
1.27058238215358,1.6952045116198
1.85774639574528,0.930767648284972
1.43370985527724,1.67246283063417
2.08121681787671,0.196159760078989
2.38903632285624,-0.228761853379247
2.04877993464588,0.736835229360301
2.61500988257752,0.0666439454125025
0.603851310513857,2.80403271313804
1.39589509055244,1.43806129047312
1.0614747108853,1.72986686175002
1.58928308162504,1.11221884773088
1.29380700303483,2.0633948181431
1.88754877385171,0.308814277026547
2.7966993847403,-0.287929529239262
1.29738824195107,1.7476063092296
2.40457126540737,-0.0769478636172784
1.93525693026114,0.955134447878476
2.17508668642007,0.38066825158667
2.1916810545922,0.302442049329532
2.6455168315089,-0.115318462914694
1.51759178203282,1.26058421489873
1.67662616581959,0.736733615021383
1.52940193857901,1.50956217519425
1.17008914945253,1.50402999166094
1.92403022533141,0.670119123966952
1.2265969181933,2.21695521328746
1.40873802324806,1.48495171798734
1.85351145111249,1.64765593692994
3.19659321461578,-0.381873169848895
2.09745762693115,0.78219962333206
2.56971374402803,0.173697568990666
3.1886306747237,0.0294206013122568
2.01728543812236,0.23507037736037
3.14820658686526,0.143375643207976
1.46962553125251,1.9708653809373
0.870003737582916,2.18173186417302
1.92156283649215,0.787237212664106
3.07164440148627,-0.471415979896661
1.34414425000331,1.36841496890915
1.11851221796604,1.43789534048366
0.929440694540538,2.46057794361545
2.27287752826279,0.0376644421318483
2.0726634503647,0.65243435792996
2.49444335083928,0.246799033924004
0.991291948564967,2.58143827353218
2.26480133124099,0.695835990276015
0.934721525489669,2.15448363717332
0.338611804875382,2.94263783182171
1.1488340358236,1.90223648019508
1.29293391388606,1.58403191794141
2.07311100249087,0.655098028914024
1.26577005520835,1.52602269509468
1.89011014422826,0.684394183638075
2.0774405400954,0.874336105034063
2.01802703459711,0.973074735926616
0.0718763022253823,3.74818527861197
0.813247159367727,2.24817852090778
2.55456995891225,0.189297949261335
3.03269119420936,-0.0947199761796808
1.42336630267985,1.67372263994288
1.44515783888808,1.57713090187478
1.32831689261566,1.81451431850484
3.09270411959139,-0.184294781698207
2.5510054648199,0.0907840063975193
2.26819432218466,0.547954656451235
-0.299940836018099,4.00720295549325
2.65835599292461,0.441861764881288
0.762184404135561,2.241525923451
4.96194836263268,-2.27232829383962
1.40527847213102,1.52116412055569
1.0464349879698,1.99324457573455
2.26127602153246,0.826855694336099
2.03750213442145,0.959387225755001
1.70967406758668,0.770850849804454
1.66747520727774,1.2261603160115
2.12108485769628,0.489239162328972
2.31192932771118,0.536126105733938
1.95834274675296,0.438618162366739
2.47555635433316,0.446498257901597
2.20564461731536,0.921582924016495
1.35184544211397,1.81512718921463
2.33165220730473,-0.278071597984479
1.84754692372852,0.821441748731924
2.33192307947686,0.504227249591244
3.91149055731613,-1.4943908337127
3.52187902775923,-1.1281537368182
1.77980480929421,1.42043086693866
1.86594667672321,0.966976826039233
2.10941464866254,0.796817716384869
0.563234581385845,2.99149132953523
1.80025125903044,0.539903335804412
1.67618899911047,1.55198144087517
2.07847673930869,0.566463637220741
2.50590602313075,0.530739071329358
2.09608552553764,0.973433635579289
1.90557910374389,0.708937206923293
2.56953192784518,0.15216305652591
2.13668800302144,1.16399781334787
1.36606360423538,1.30214499418934
3.13676626706708,-0.0999448421965275
0.99369724941719,2.2457574535699
2.34284984112216,0.697325240430241
2.16542270638685,0.679670937401858
2.55777674562963,0.332450964377295
1.48815150137841,1.63738618337537
0.787807678771624,2.50962699531101
0.215528175021424,3.32853903623659
0.703729882796724,2.94895601638274
2.20413148899035,0.96391492861129
0.912431178687011,2.51951258132053
1.98647139752996,1.06460418364735
2.39098444929484,0.188187728382846
0.639136495136779,3.17831642992334
1.04182251862365,1.84188380463369
2.85132246563617,-0.173933809857707
1.7150195960044,1.0586980421187
0.815795417887402,2.50601300244275
0.368785005725,3.23695121920121
2.4005875938912,0.34310062492362
3.06767860279702,-0.111476223397676
1.74539791056954,1.28321601885895
1.80253372695485,1.32792788284598
1.77700526716389,1.32172637594502
2.65254682447863,-0.231802437971897
2.42705135699038,0.595142954720352
1.42036834752253,1.63695313987362
2.89886423946445,0.068415004415282
2.67660013906378,-0.286191933692322
2.35637496242147,0.222108136622883
1.9849681457174,1.12026181646023
2.38448639665809,1.01776073486474
2.78388145554657,0.426383379632874
1.88174922297766,0.651903183696806
2.39961556584297,0.242012970677495
1.67414411161138,1.26515394325946
1.47633492456705,1.49879037659654
1.60053135098583,1.32783265348715
1.79330042595126,1.55334485842441
2.51982136927945,-0.549125569105918
2.91870498418478,-0.0176927027491489
2.70810126260016,0.349494876836313
1.99388423346635,0.820400284424709
3.46524207720242,-0.603267009262421
1.64214487635005,1.28851676980904
1.55773924773157,1.38487161476932
2.11825470753783,0.442432691838075
1.54405355269305,1.30310337529306
2.76395366924431,-0.197761927848286
2.13282075139494,1.19192889121597
2.33608593159545,0.448861771897554
3.86251531204795,-1.31169754659479
2.98354461158678,-0.0767769936092424
1.79353942992458,0.848924493343751
4.00567042901805,-1.36637033053188
2.13557502888228,1.02951337342488
2.64753723019204,0.0776101638312933
2.39514664765017,1.10853825174058
2.34487034875249,0.774540189837177
2.47999494289234,0.675701129838477
1.01024738799003,2.41804010446912
2.26308117150437,1.0900447976576
1.99891508236486,1.33241480732005
0.936676788152567,2.46067311796487
1.84335557383105,1.21642125222808
2.77768109211215,-0.396316572560789
2.42650259521854,0.341932805064415
3.64918969415831,-0.679797949236341
1.40738796633561,1.70607440491958
1.97359720403246,0.964668729380243
3.11119208345767,-0.491531417090299
2.22499732053005,0.144812498126326
2.0287774681613,1.40612209061612
1.91406096002264,1.47641119594657
1.52024494276519,1.32434995314182
1.689415302919,1.54818166861993
1.23904559060177,2.11026034792717
2.54533981448466,0.425474331705795
2.36329233554924,0.862975217848534
1.94902020295409,1.95276720027708
1.20096986892424,1.96876677846278
0.89246735315995,2.47941719935129
2.84478334810871,0.364884768878978
2.28529711225054,0.70428708532736
1.35810337733612,1.97932645141053
2.04759681076273,1.3940978009696
2.12721335964867,1.2095679493401
1.22892648205658,2.27752688751374
2.38231916897313,0.631820003295028
1.76592131422526,1.07145984126828
2.2556502944964,1.08944186383904
3.05676649004275,-0.402685669507613
3.21380208926944,-0.536756162620665
2.27996562266483,0.825565950810227
1.72645362650811,1.41155711876944
2.32003434000926,0.448041295090464
0.959830930249314,2.43444593504757
1.75720783921765,1.03237255450353
1.73023505786669,1.30275164404717
1.12088929969285,2.59018495253926
2.03188775054232,1.86743820756008
1.15904033359306,3.02161675184391
1.12966907973215,2.61528762500436
2.12229957993253,1.45663980777661
1.52456340544741,1.6816860398678
2.79729694832951,0.00867053775225055
2.46724510051636,0.768442144422779
2.58201569979779,0.262158456217842
2.30336476166997,0.702273160966929
0.542981386876843,3.03001675458171
0.707982963171467,3.3097291396744
1.5052152859096,2.25878214342427
2.2224003321557,1.09525975214635
1.54403437248594,1.67408522854075
0.222826114494335,3.63271267615492
2.0835146254437,1.13924070560886
2.3442451421728,0.973035544094992
1.70764289020503,1.52970582175672
2.30472861610449,0.577940873582131
2.31673667272595,0.930744823897944
2.12606558664755,0.761326683461073
1.51722410070557,1.77779314452888
0.204898936016314,3.63561064695
3.26364337163703,-0.642017072701581
2.82383200403253,0.434509122484019
3.08153513361869,-0.579085263927789
3.47452792075243,-0.870133042355107
1.9610330317925,0.947098887635442
2.78765191076496,-0.0419261607864553
3.53862784497877,-0.0154508508093409
2.32215950584855,0.588938512988129
2.40634269089884,1.1858104605096
1.66910824618015,1.2143010113661
2.52180875474067,0.533299395934215
2.98290537305175,0.339274522707587
2.32550995397618,1.19246637784259
3.33879158654663,-1.08600433918775
1.48765840167913,1.93857988562503
0.848018306983448,2.93827223964662
1.91641596284046,1.33527857402307
2.20925516108376,1.1663758817703
1.88855517670721,1.60205592936098
1.84559781799952,1.69603829449311
2.8692480940946,0.0886731755361369
2.02130126689495,1.43080408556989
2.47252313161022,0.292745119521645
2.17314926918254,0.948014305558685
1.6490510034869,1.51462393162516
1.98483160327271,1.28014156262356
2.67080682210542,0.25082600278518
3.28677392443576,-0.127176142267494
1.7332058322833,1.24359135126316
2.19468716485337,0.968472810445366
1.83953309295735,1.59507467349774
2.10830034582253,1.36569591262637
0.837283332202203,2.99786420948308
2.22511504389625,0.870314608963475
2.89416686418473,0.0418944372934078
3.52625267547836,-0.545475617902305
2.37165110955031,0.876061932231719
2.23369207033756,0.910679371069649
2.23845356287066,1.17932837780818
2.09394091114705,1.35874050800717
2.57847240075383,0.0173508510343952
2.37892116808319,0.915285358058819
2.93200889433233,-0.156855079015533
1.49007173163247,2.35199924667037
2.22674509012607,0.99063526016777
2.528381786242,-0.0713430604757298
2.20000043111588,1.03369781428944
2.40050283650812,1.23790278313394
0.169267837346475,4.0873315871105
1.16189715844686,3.05727430182456
0.694824824886922,3.08989407410559
3.03578070755588,-0.251905257697979
4.04616776888428,-1.34370111487717
2.78242070970952,0.315949091007702
2.91383793821933,0.0959842639463083
2.5366867060801,0.884796712589932
2.40155863265186,0.801797505823415
2.83951632650772,-0.0362807756667083
2.60302329208231,0.46536666812577
2.52802935506506,0.372368829385536
0.861219959474089,2.54664041620884
1.76986205963922,1.75926577318787
1.81243066385934,2.01943875919366
2.75615133823029,0.271442794518099
1.55403658903832,1.87401603388917
1.84848988629617,1.92845129773766
2.64429935131543,0.244493701493887
2.02139416879601,1.16702355512701
1.76323616141229,2.00726321502096
1.6498331105042,1.84860298489988
1.14151035281711,2.79223447587712
2.42311209095064,1.13702543921732
3.27206881126476,-0.547060288713727
2.14235701014788,0.774619487552707
3.21411930126345,0.0466367813314747
2.3435884673267,1.08417967911233
3.22381182562003,-0.453773156346349
2.27004941472591,0.99734284610883
2.29990795149083,1.22272147053842
1.03582070469942,2.64734286694573
2.56511949737561,0.751697781053391
1.43263450062561,1.85951558113032
1.6589563006037,1.96703678733221
1.8293214559013,1.48337939718203
2.16835323160893,1.34149331946257
2.84418372685607,0.0758217934372823
2.32526504167177,1.2557276510869
1.07212538355173,2.85871054254038
2.27459385074048,1.59619299153205
2.32422741514712,1.13415389503034
2.31201773874353,0.719735479235694
1.9654426988138,1.64182822315702
2.65749053228057,1.18586353919428
2.86996111683187,-0.108238375056191
1.48894923630498,2.43559055040111
2.554944454743,0.597462475516474
2.88923993752322,0.310552703060553
2.02284397593239,1.31294324995906
2.42208949220395,1.62652393119737
3.33440381953715,-0.0734930628473282
1.6203855827875,2.36783378224904
2.38368939130759,0.78806087829878
2.9465616666124,0.244884914967497
0.489189230187713,3.72666227693849
1.28347606551324,2.03806288416398
2.25246390187299,1.63348553567415
1.99732652568036,1.39025150871843
2.85087430429088,1.58651939418743
1.61414084940596,2.27126756130852
2.12385357871471,1.25932702350265
2.42852984811444,0.704055086619365
2.66865036522309,0.579637996708979
2.92241102178415,0.566488781218687
3.936925077151,-1.17843099874946
2.42719310024388,1.05060491788146
2.22024808958396,1.3381913583945
2.3754798550541,1.48968583794872
2.47366896602629,1.54924317099515
2.16155690726674,0.713286311616725
2.65533969374013,0.432144097850762
1.68281585066169,1.91276423126007
2.68863546100096,0.322703025847942
3.02051286899018,0.155647424368339
1.37875682981318,2.29179138112233
2.50852266901425,0.779763505211186
1.87488915383656,1.76292910006893
3.05366475575016,0.498976147715263
0.845304371109498,3.08494618698144
3.87067627532361,-0.313116570819241
2.31842284583022,1.15876129634372
2.26211567824781,1.37303197501087
2.65348498672205,0.845737329758644
2.90816930472034,0.413632698375713
2.15127339252819,1.60755604567597
4.40075014100036,-0.914277468195647
3.26032700616514,-0.203460390008715
1.84654976867914,1.97237921161031
2.96819406896465,-0.188729009196557
1.81002681839012,1.5851362132429
3.21898247029543,0.484945833417407
1.86747010479645,1.82265945998576
2.09890337938475,2.42374462494391
1.42461517931505,2.39824232635214
1.4427477228389,2.52072990755748
3.8013237445565,-0.704717353200955
2.3723683843913,0.554997733690246
3.40513258455186,0.00664015325153736
2.01263890583809,1.9723738774845
1.97695415325722,1.87304918326438
0.51845738905155,3.75929296967848
4.17935998329122,-0.939867081957104
2.46929320756848,1.03958497106593
1.11554665015358,2.79649028916143
1.3848047959485,2.42186448989306
2.72331904946547,1.19062338200396
2.50629459076481,1.23120249902982
3.05073092371939,0.433463698311536
1.76868409437541,1.89616660684034
2.63305803290235,0.887283798083231
2.81665808097449,1.18571253286221
2.75116528968928,0.704062099433038
1.74024355067469,2.28558532659991
2.9583624594395,0.488380110500057
2.23687257491752,0.962332983574199
2.58539594158476,0.9716594350763
0.893415817759771,3.21615123247483
2.98922280056908,0.945274943703261
1.75589948732006,2.16271638942884
1.71036490596658,1.7383462830403
2.92557185469145,0.547690277546086
2.82860596110062,0.191993035002697
3.10533178620522,0.501858552624482
3.44461124112182,-0.156101958288059
2.44612973928444,0.463340189009094
2.67296344804699,1.34914625071436
1.49660082809223,2.31262539825951
4.01644821113287,-0.0169998697639542
3.01770048461149,0.396191449225591
1.38260311572979,3.00313373684218
2.29873183343936,1.61536497699669
2.14981020090522,1.55911093778281
3.01843218208369,0.765075618837801
1.68935040547139,2.06170711245416
3.57826249973126,-0.260290029882965
3.00857318494885,0.154417333897015
2.65743711078422,1.25325158518929
4.42053235511035,-0.885766547605783
2.02333432418523,2.09139913660353
3.21550088440981,-0.000656098274712982
2.12891425063921,1.52406101743804
3.96268685452657,-0.509929994227194
2.01305856412412,1.61190985627913
1.80908257709726,2.33020441358154
2.29044682442198,1.40636622993144
1.65934714442018,2.48903500938333
2.66219546427113,0.86625889735762
3.23669879190276,0.0215392326211992
2.06172536379191,1.63180598047457
1.53270886856244,2.55576784241229
3.07528892214834,0.386946799417916
2.98639559070242,0.719803506236344
1.13995303070655,3.2260512664555
2.77021794637533,1.82475909211394
2.70471342656896,1.45958468611654
3.23198369909159,0.588605170329645
2.6086248981375,0.803665412749181
2.76658770218699,1.22460417783081
2.69349380614737,1.5882936567029
2.80998400616431,1.31260615129902
3.3028796651828,-0.0139105364974532
3.30973212144436,0.510077562879438
2.11152641899802,1.42924562550183
3.40306176053521,0.781671110869352
1.46887154079041,2.6137390160271
3.66749258334854,-0.181217770789621
1.83987401167712,1.94274494337109
2.44021997996352,1.55774002844176
3.25230815205022,0.495722196202762
3.37761646869315,0.38539386100614
3.94644953928688,-0.204052705917018
2.56105332077305,1.06023483737709
2.01468959274197,2.02166578642267
1.47465377906595,2.61937769794878
2.07491613822804,2.11239150670259
2.72617936243063,1.09048524039332
2.37233789663609,1.6973703781278
1.76837811365347,2.00011419152645
2.74108583782949,0.873551674270034
3.40541223718372,-0.0494917556144099
3.28609264763757,0.352889015020115
2.21220056172892,1.15031922001356
3.57197327247305,0.144313588387769
1.95526819727476,2.38743106545463
1.02960779047917,3.27177764475848
2.90242110677658,1.19503727767017
2.2710882222414,1.46330201867905
2.37306996569538,1.39194040612096
3.43529380730111,0.341676260755568
1.88578264245118,1.89921766190074
2.21505446539335,1.45962536330947
2.86258443738492,1.18476610919547
1.91374418472972,2.34425787122731
2.22585183992145,1.57163361009123
3.53641242916077,-0.320614188002645
1.61373115423191,2.75490939545791
3.29982058978661,0.120107199601455
3.10347249704155,0.560456784818096
2.71326709289834,1.30140536465259
2.57193945479556,1.51637714344821
2.99716196382183,0.516089991111682
3.09451817072096,0.626872940651042
1.27868783924326,2.9220609328896
3.38327291684423,0.25795346997891
3.26644378763557,0.539165236698427
2.57713113070615,1.00739518870946
3.00556960238391,1.2618181943581
3.36295874654034,0.497324948854503
2.83558215894193,0.866879764238779
2.65134592649479,1.19332555905955
3.13590078565642,0.870037569966315
1.75641660400035,2.78961588463823
2.33591507836378,1.74639598829338
2.72773752306705,0.937217549454422
4.13697361909608,-0.201064580297911
2.81299528577532,1.30643138715343
4.12989915056756,-0.669769255046145
1.14165599075677,3.44067065975059
1.82970866497188,2.9949082234029
2.45391053581136,1.78835000967309
3.34483630170044,0.175641257689066
3.42843510785895,0.0711149926128131
2.06678532154184,1.79789954016526
2.5611681903111,0.832883819129323
2.76501221352648,1.59783348442474
3.07936333484601,0.606860926394909
2.11510137882487,2.03225638422719
3.01543595933228,0.586440121023633
3.35020195413594,0.497420270098349
2.37345169056676,1.46395276210091
2.52278594889119,2.41144968040072
4.16364935515528,0.351210995135975
4.08299699297202,-0.116167399659203
1.70494017353935,2.63741360913129
4.69082231230332,-0.743891570542525
3.30921537125878,0.431441268827915
3.55567197817867,0.403043452008416
2.77708422221899,0.851996071277094
1.23120009120579,3.36585910036663
1.35886396960949,3.53811156117635
3.16446515722694,0.57228483903242
2.42201840076326,1.82068488623598
2.66933005669668,1.78069360023219
4.15700026432389,-0.52254837646213
3.81154875683311,-0.189871038926895
2.67211616719184,1.76695663805253
2.41634019230487,1.65982116910595
2.65015355992324,1.90237546145334
3.04391159217845,1.61587268021778
3.81068104033341,-0.10208013298265
3.09330191501041,0.838181293696364
3.11905237293651,1.11354420236852
1.84826637228015,2.64572674716373
2.89969226638913,1.13293039633272
1.71107353534269,2.56685080844609
2.86933711946002,0.67077147308066
3.75072274597294,0.419713963015519
2.93569521270396,0.723885218932646
2.05952741461965,1.94664035763162
3.05382101254666,0.799645647747282
1.48619502451853,3.26850469617513
2.25234487634252,2.1547049304702
3.34948750040498,0.166444401783306
1.71627852400605,2.56960424123783
2.86914650755973,1.28270406224178
2.17077103178596,2.03270204257355
3.39396141984144,0.296363930990162
2.47902894295069,1.39806815790985
2.99885465825422,0.450768793686327
2.15663781769059,2.23899635405807
2.92307180476368,1.20820311838799
2.56696813455281,1.8848248419409
2.99360652207443,1.32423929820921
3.05632083471701,0.562740887548875
2.52825818560467,1.9968697186156
3.69856434091997,0.880815930178398
2.61125025422886,1.63737325963704
3.26946265872274,0.909231779378605
3.20769927415841,0.801540984108015
3.14890346247738,1.35376196885939
2.21283930711827,2.29590078145824
3.28694577880625,0.570110432386283
3.21966809448741,0.810418189343186
2.14797209297585,2.23234523081146
1.44699482826189,3.229485418953
3.0491948746397,1.06491255364491
2.2564546289585,2.13867769316905
3.14141148733265,1.2683302631078
1.780884931043,2.70412267565479
2.40651639759878,1.95993477416454
3.96672526219975,-0.349165219350394
1.60549483873233,2.84824713469198
2.97178005572992,1.14053728735719
0.962537484154478,4.11732640396205
2.90099890419778,2.01573851108553
1.21174705196956,3.67800664886537
3.19556771825366,0.888703638535579
2.83693317428952,1.15608584927124
1.90027759253881,2.94628435807966
2.37746011549096,1.9742476343556
2.39168989188113,2.30428042704351
2.23050294855545,1.87831361703064
2.92506843089922,1.12983596888209
2.82824056622102,1.4316465989056
1.23765665471373,3.63645510072261
3.45610945582244,1.11123197295581
2.82536082729368,1.81210710778768
3.67114193859587,0.703787367585978
2.18922454264659,2.49800046302722
2.72268497514371,1.48570187774469
2.96567084866774,0.828162100181295
3.71142902445244,-0.188529455526217
2.45032942156656,1.77534627485088
4.37975826645236,0.188095262198377
3.61046168593873,0.293840998266854
4.0960793616632,0.00030336184195422
3.14489440517544,1.07839975461685
2.79459992479383,1.13137611024518
3.01608211690277,1.52342390210887
3.00652680127605,1.15195260274803
3.25878357678224,0.983678980599198
2.09424865303239,2.73097369159516
1.50117400266823,3.57875574377183
2.46223450848112,1.4310877147018
4.14194321954857,0.4109311376105
3.6386309605704,1.04677589213925
2.14084027342907,2.5654670708345
2.60584596394558,1.80418080802719
1.99022625011429,2.70282106197332
2.4242284421536,2.03381329781463
2.57969053766449,1.74346384092078
1.78691180181894,2.98969290321466
3.43608468882567,0.684280631782821
3.21155037450405,1.02026778748547
2.68843587822231,1.66846050272138
4.04694225610379,-0.230103159472887
2.70906778116881,1.58013353712634
2.95083939689816,1.74946457050206
1.74596448737838,3.29087458389318
2.9038812930645,1.58636759672039
4.10482995035102,0.339712123602051
1.33503198444941,3.87770393578375
2.45936051568542,2.29219300033774
1.99159908372433,2.8544575186916
2.74782555644751,1.95255906058371
3.021413995311,1.10558147072205
3.56775646577068,1.24365216952989
3.51717111388925,0.89313015560549
3.31209528942177,1.19992229498519
3.34622295121011,1.4935176730288
3.41062202459339,0.772395866082368
3.58860499762829,0.637596235797823
2.78237247328316,1.96661448956423
3.50869577431224,0.797768041578538
2.78402526261665,1.85709834429731
2.43238112810833,2.46702764563131
2.54211363041501,2.21376744698894
4.47795503097976,-0.292876683853552
4.69669351562259,-0.0381667561006033
4.26892536767655,-0.461686670767291
3.48028769158138,0.685926933018166
1.9944945920761,2.92159171742586
1.7857777302416,2.93712497738863
3.12912612677694,1.18734049850624
2.5057964718202,2.1123518923088
2.72946772440547,1.80996201116607
3.35693530156607,0.69717861227702
2.58154199656464,2.5852914262248
3.26140993310138,1.46364209175445
3.12843238915643,1.38907652382711
3.08106240658184,2.19332789051112
2.92091003911746,1.58317846885865
2.34412444025675,2.37460570074846
1.64141808954204,3.34968449541321
2.5626509883329,1.5591927148043
2.88050849788559,1.71055865486235
2.52717622333324,2.30312120830487
1.45589158121356,4.10075573571114
2.82721980048955,1.74175083373729
3.14174178861886,1.48020831600873
3.34161509906421,1.41010536918795
3.95338796055606,0.238904067336162
3.30800676372599,1.84555249116167
3.24816168078746,1.62968977257844
4.80122540850693,-0.86832611878982
3.35685609633599,1.32088677722656
3.35922193618779,1.53416362284329
2.45796375877738,2.55872012317507
3.36088619201646,1.27864278243355
2.89435036336299,1.74206689921011
3.45374779425142,1.18398910724334
3.47884874925583,1.64565748004758
2.50247992440402,2.38212469970805
3.51075124858241,0.76145494065121
1.31273016027579,4.14043038501355
2.26556850533772,2.64874634126377
2.8939811165323,2.00496188144407
3.5842795263916,0.879078119454283
3.79820078007578,1.02864148449754
4.43261972479986,0.445282770453345
2.2589574736433,2.88456994190214
2.61272540771979,2.43423364300232
3.13249231435176,1.65801253323995
3.636735448911,0.869987055435274
1.59142653623098,3.84951239209465
3.63839220460972,1.14518931371149
2.65403117804734,2.1131853705238
3.91489778007566,0.682646941578389
3.01827979330478,1.81406223950356
3.16061414405415,1.4725679464136
2.83211325636648,2.20189427620972
2.95917364225014,1.87597763796107
2.97582507445259,1.4999245237273
2.91819760281479,2.58346378065873
3.1960282988383,1.69339656512792
3.17185391724013,1.48040399629423
2.7852173793846,2.65781504045665
2.84602184419609,1.87788841508395
3.93890514337017,0.425089701043691
3.98344877600585,1.10799526874986
3.03467663893834,1.65047123676278
3.07642672255778,1.52435468028452
3.2861171356709,2.15187409912188
3.54526601265662,1.62304923942374
1.73055169803329,3.83424518306298
3.28665255930045,1.32746652164122
3.79727539227369,1.21812047831935
1.65978465355133,4.00793333557049
2.96812432406852,2.1936061427229
1.35377762835967,4.12483070767959
3.53526541280535,1.44829506456708
3.02551531663539,2.4424423187479
3.21594358062476,2.67178592855882
3.59568779392609,1.45910787764743
4.3632154755502,0.826621051513022
4.68220874214006,-0.088049787092084
1.38207291753502,4.83347728901764
2.29944808101775,3.15519418068998
3.39784988120144,1.72141783201639
2.97949288093863,2.47614462920342
2.88604425168788,2.06614076875693
3.65702270936707,1.45800264499293
3.42327462148214,2.20342525524357
2.6834217898563,2.29904995041537
4.82685745359761,0.112413147932326
3.6258629598488,1.67522722839172
2.80093352009784,2.79732715031115
3.68717007742328,1.633097285864
3.32497775826948,2.51549462293975
2.67784490502767,3.24440316823785
3.5141116162216,1.29812806918438
3.93685544991799,1.39226165596819
5.29723963872592,-0.392783520330554
3.54881326025016,2.00907267734948
3.5218154298763,2.08147766268629
3.85996319646517,1.86528672088711
3.00066669574695,2.41767708771072
3.19714516600777,2.38972892831338
3.70844010399366,1.01529081483753
3.29027264795169,2.13445028413609
2.66853180974148,3.02968860950462
3.0323493741098,2.81648511543597
3.72284027177336,1.47772285905278
3.24567770764529,2.25440176174969
3.49388752562709,1.73009273255693
5.45356938918176,0.185508840052376
2.82462608977349,3.09775381345558
3.84192760809321,1.61889969031132
3.49753901618467,1.71402030177253
4.62120372846209,0.697627392672012
2.71436558507392,3.05103556625585
3.72881263728985,1.65614068272558
4.5006422015887,0.681904297876147
3.96578348636589,1.27770671196984
4.52300219881722,0.939165829081794
3.99186021404919,1.18096994458274
2.11770425401091,3.9902257529025
3.92401325008677,1.79702074714685
4.43835165254844,2.32544099240276
3.0697667978977,2.9972165255318
2.68316776730469,3.31217132719511
3.50315469028103,1.80631919799612
4.68956812340717,1.08664289455713
3.3461620873568,2.40198974758112
4.04491075907025,2.01095676733041
3.20423009115531,2.81677018464505
5.40522885028256,-0.191442233215669
4.01352352844072,2.3092243105078
5.07417470538897,0.980596626481649
3.83753786091713,2.17157221585398
4.01114085272478,2.24575022610422
3.74482983240472,2.75610411771096
2.91185767943788,3.8795488417698
4.75781423626773,1.46846694869929
4.31441042827232,2.13454801396609
4.67817448945501,1.74942532547452
4.58734595991552,2.37137794863348
4.54647156499285,2.16774102780139
4.32617754752246,2.5030091857256
4.50002873658591,4.35070440814569
3.70149595172608,4.50535269992338
2.33726784227004,6.55396047306973
4.12099315913647,5.24219690628642
5.08076354546082,4.21871804638892
4.28789944061587,5.39164853011594
4.63200077618061,5.03564988540201
4.83948775076834,4.95176928435768
5.71363059675638,3.9622676465649
4.4336818430727,5.50368383081162
4.758859514003,4.84293014920236
4.01797390676158,5.80230086136108
5.53619145874836,3.98730814009219
4.83936581319578,5.05711947712989
4.22946873544453,5.84629496122009
5.54827067952948,4.24511359888171
5.46027975983866,4.26870342303634
4.49798616853498,5.59983587238527
5.7930495037761,4.23448618648075
5.24121160056255,4.81596931355303
6.36778465310346,3.60197405491257
5.6513836802071,4.59886366670469
4.62937243197333,5.53588779452192
5.79799305851479,4.55483202117726
4.77192535263424,5.79958063311691
5.60038817625923,4.64781700492465
8.14728795855174,2.84130377100779
4.08918288311519,6.59119669968208
5.0808912278848,5.33405855561556
5.28685956954371,4.99105680952655
5.23319583073261,4.97120464223115
4.97672513855752,5.77299778152942
5.65173849867954,4.94806669833475
4.92167160749039,5.53602440861417
3.71658024533539,7.28753827120009
5.06946150672349,5.41862769595065
5.84170261710805,4.65765966944095
5.67114944887163,4.77161031489414
4.9522398161309,6.04180012209572
5.84199896708629,4.59356678630426
5.95709142095694,4.50560402053235
5.99404521526635,4.81839113451488
5.86679691002656,4.986765706445
5.57788366653846,4.80504667323474
4.43106408150413,6.3776891186701
5.29940150415641,5.37876551140165
5.58379304037214,5.16456636801765
5.42257976532436,5.43071513845911
5.31223369642608,5.59056994287469
6.25957003621807,4.50925724831467
6.51502101345332,4.21908408732895
4.98269602978606,6.1414431194273
5.71751442414471,5.14881853854499
5.67143680778356,5.20909779399793
6.01952639163145,4.53695683446856
6.05277258331684,4.58431191484568
5.47901943695682,5.48587738584236
6.44484209934592,4.18145068389797
5.92400981476818,4.85431806114353
6.05228412944402,5.104932989388
6.05758681105595,4.9769965204113
6.407195240926,4.85360488454948
6.36319515489803,4.54969162215523
6.67775450446053,4.44571931192945
6.78162697530764,4.75437917403744
6.33733168942309,4.65825006043649
5.82825432815613,5.40863330175677
6.09611756706923,5.01026129667353
5.58368314509658,5.5865405216443
5.51377693446897,5.71777433126482
5.80267163565789,5.20556448561972
6.81082710756861,4.10934338803027
5.99145580339465,5.11525837088796
5.46771489366773,5.87777885200854
6.20549445507733,4.81112833380113
7.76317407254181,4.4141565071593
4.14738867063832,7.61488248601836
5.85272685062629,5.28165134793379
7.44831472229035,3.65981479313494
7.53000758707777,3.9867787371358
5.6887235079335,5.85486930105146
7.34019984796212,3.82544825803434
6.39436509938185,5.14313610236887
6.98832724932519,4.32228805055926
5.99379670065503,5.79695425205131
5.95224177215866,6.25504100298699
7.4010954351637,3.71429525772166
5.85704084430361,5.50815618771647
7.26265873952614,4.25010949312509
5.69877475651091,5.93474629039659
6.25073213754583,5.36975682347621
7.05563612432084,4.31879739407721
6.25620216511464,5.18890082974409
5.66666689776904,6.11263500658992
6.91138627516562,4.86179458145228
6.53025521793437,5.08355986374854
6.10207274850508,5.83566723645764
6.11303201887343,5.64841051607415
5.6085506174857,6.33412099010787
6.00191063316579,6.17397692567609
5.34719813677309,6.60731839821314
7.46937001950447,3.69637610329847
5.87323849315705,5.97124020912263
6.23627680315577,5.79411936333378
7.44116436512147,4.48151451534295
7.05033670607313,4.42897550754774
6.08110589456532,5.81753447852446
7.69355937022944,4.28884478789048
6.01107722373569,5.93508041820281
6.08413411177127,5.51714257424876
5.68423574858139,6.29876456810854
5.69578611430988,6.19506085428736
5.90455558776391,6.07585693814354
6.08492676224311,5.52837338830331
7.04388857783548,4.31139885594996
7.64136369167482,4.20325537350103
5.67605825526383,6.19425463641605
7.22236921231061,4.68394037872954
6.68685883958933,4.84427156121598
7.89474341796087,3.75843562181958
7.68418412311363,4.78723248407363
7.04017226711809,4.60045560439305
6.83618507284213,5.26876373468121
6.0934960468674,6.07449979029447
6.05893227651718,5.83082661931723
6.55389106208728,5.46909820277175
5.23853390194402,7.15888726684245
6.8417916035413,4.97959874081992
6.58554181335327,5.22165658285253
6.85209177249627,4.98989852460468
6.19932245993701,5.67719886862596
6.9821440746312,4.83921868119856
5.99110762106247,6.0373845919532
6.55305924192685,5.26248517794619
5.68325488676827,6.57504059727227
7.51846691689166,4.35906469254653
7.25532882021714,4.47434093389527
7.4194690964313,4.7635619744542
8.30788036853087,3.96034106490633
7.04649229466891,4.92162558460846
5.08553504536994,7.31799956692112
6.85551173268049,4.88402088427205
6.20365612000591,5.81010084042107
7.26759067719636,4.550438289139
6.73151704587342,6.15782356858575
7.11112627267579,4.79241033768717
6.42904669877734,5.68946203439884
6.96054205658123,5.35191926816753
7.63552634285625,4.32942535134452
7.57094680491214,4.72821200938617
6.43779625736676,5.87287913162596
6.86896070981699,5.33032721450653
5.77752281555203,6.77755577999919
5.92409906331114,6.49040704561649
6.59698090061693,5.5011998915374
7.25483477135854,5.1324988220593
6.61437300707042,5.52646707054755
9.10591879546107,3.43948949689118
7.0541965511833,5.46948398169657
6.24190358516355,6.17215157550158
8.0837901614811,4.11702004222233
5.88685476323777,6.63953113816954
6.41936035960146,6.35949961848115
6.11223594399194,6.3471470323284
7.21303093351781,4.98374635078005
5.06416274160393,8.22605221001304
8.14062846712504,4.07557556810433
7.09577615708067,5.15884594496413
6.22579095884036,6.11338484105116
7.42303632173361,5.23637599478936
7.33418422980432,5.12612369019599
8.24719915045919,3.96253794985795
5.86500917243306,6.71732176031947
8.53350143970547,4.16619961817896
7.35152113518424,5.02921355477281
6.129898436563,6.28958455645243
8.19938455118159,4.27425614023261
6.36501827490056,6.10018047061584
6.70391843612121,5.72124121758766
6.65279127160116,5.7378546127154
7.51557356446575,4.83613381787126
7.88965485737977,4.68302216745749
7.72706482917809,4.48275243093118
6.80169961833037,5.6523947331755
6.99538775843351,5.91199981409173
7.6839126629228,4.61571824617234
7.38864549551948,4.88396494694238
7.09150910666252,5.68148586869137
7.02088399730258,5.77917034027645
6.72861522024712,5.70551725821801
9.21242803386087,3.57590728602005
7.79944026810478,4.85148703197964
7.20183410148464,5.39952294998897
9.17715515211913,3.45756224195254
6.81791720427923,5.91016167862102
7.06783242518037,5.77851328640199
7.18345952397681,5.5273664545781
6.97790598226004,6.191410024998
7.18931115370535,5.63776061629197
9.47332100408476,3.30872454314481
7.24019780746365,5.51176813629464
7.98936357544113,5.07849153391235
6.79046668870642,5.94822166352247
8.47865098629631,4.17456719096699
7.11691316331222,5.59612549530819
7.69565553273706,4.75746552366898
6.78513098516766,5.9576949890399
6.72725262488098,6.06502133747224
8.55438097906938,4.15488882325896
6.68535624075783,5.97795687362985
7.44141772327274,5.33513880523635
8.5896109447615,4.53244965292901
7.91454297062012,5.07664767422245
6.96684960931756,5.65383995638306
7.70406056402748,5.04584571754081
7.86746286923,4.89415904895369
7.14007717081414,5.85036760085624
5.86640013416147,7.27953164949467
8.86570235180673,3.56811126015699
8.33998361610497,4.88052767967525
7.29690755261211,5.84471260328505
8.18835036637316,4.58082293066381
7.8113144126964,5.70970643112903
5.41816196564998,8.1527707752665
9.42769786384773,3.54322098498256
7.34008105151864,5.73620462260298
7.45735360985705,5.43453917846621
6.87642095377608,6.41671486717238
6.944483541361,6.10045495988319
6.8390549272813,5.83575537725872
6.89980879482901,5.86574138468226
7.6541467962263,4.8677828669519
8.46945622409439,4.57648978109482
6.69080304131919,6.22136395975727
7.38398560536059,5.55632484042471
6.19518014753968,7.12929483121117
8.01556739287019,4.88193001156661
7.78148718151441,4.89060896563249
7.3008900787297,5.75741221095219
7.57879679087943,5.56728974092112
7.52067897400404,5.72491518054816
8.50614027094392,4.24890223338052
7.89098245795193,5.08089911298053
8.16607594312419,4.81894625554134
7.20656799131103,5.89837217119028
6.40650649326135,7.13336863332786
8.39723786716031,4.73293263522037
8.67197480056533,5.20005765809499
7.06737047685742,6.00947462481334
8.606355319007,4.16311908453133
6.86695378009848,6.4096043198912
7.45091383751579,5.62477655567799
8.44149337436298,4.5315218455748
8.02297876607268,5.38092697579581
6.65662124483579,6.72471839932352
9.38239449685596,4.19329014439936
7.13188847372405,6.16472486815434
9.17590726512385,3.90530520873793
7.8101275022741,5.21183262204669
6.95232465649074,6.33629864732402
7.95872657140032,5.13834316306891
6.63725533179048,6.66225458870183
6.87171580350933,6.55191503225887
7.39762386512494,6.36446344095285
6.16795473116775,7.159979013615
6.46569440873017,7.05360241884894
6.91154432779373,6.83529950416484
7.96484757628955,5.42474184262135
6.61695632391213,6.73320478956644
7.51191554168452,5.36054473530246
7.7735229130018,5.60171058536961
6.692710472014,6.60571901067457
7.72051115857659,5.42518349329853
8.35950835614257,5.16570111166514
9.52013443458543,3.50230206051654
8.53434990472032,4.90085044618254
7.45274120438784,6.24127739416617
7.4273897496153,5.98368529250957
8.2190840236456,5.08073607278922
7.58499566318176,5.96188082987776
6.72479203506986,6.99700650048554
8.33548100552697,4.97808195947296
6.99807701881576,6.29462865795498
8.87739328596704,4.75757970849085
7.82275392391431,5.81017463015784
8.56444355022331,4.99505676964966
7.72654216432256,5.60482999500215
7.81005068502457,5.79075562714407
9.20709788398181,4.14372041789073
8.92025687129799,4.04205019461015
8.28694375012017,5.21566287022451
7.67599606427156,5.87204899803325
7.91877905095425,5.47509676859973
7.67026715338464,5.76911073899607
8.03771200717636,5.58085161669705
8.67675181981543,4.48256197912005
7.83029024966279,5.95164405273099
7.45620496642538,6.37419069655777
8.42455983330202,5.13190688120687
6.99393248131743,6.55410010419931
8.28937187135477,4.91987616183501
8.55192259846824,5.06237496163297
8.41233175024494,5.67963977405712
7.43577344503463,6.25473934889352
7.3288926125881,6.21626110304436
9.49114404527095,4.38904865041233
7.82280832158558,5.659004122007
9.15356973742582,4.08699307892229
9.02530867321938,4.495024103335
9.04986147997501,4.39585798830413
8.84366932884539,4.78953599400566
8.14033988685892,5.46942083733757
8.08764332806658,5.71475901906154
8.88081455803602,4.93696561577015
9.02126609072247,4.79146308035033
9.06699512057084,4.76775015187968
8.00008120903861,5.80401717803061
7.50806103425877,6.56714519898482
9.55752735789606,4.25009006570421
7.69031022581882,6.09423214098918
8.84099953821106,4.55837653135502
8.22249412136857,5.51280336619913
7.35734613185297,6.62175182539716
8.62321270358399,5.33774504177006
8.26690934260689,5.5723202522806
8.9330408244467,5.28642913772789
7.59240800852109,6.3365547772232
7.43437082999144,6.58554561595422
9.05309596443647,4.71216688517957
8.27824937349262,5.36383591712971
9.11794993194202,4.5530056181024
7.90731840710942,5.65155784202704
8.22793239908557,5.66409405259527
7.50793411826075,6.86668563349342
9.14570570751109,4.55583268200653
9.3133315110296,4.64336299774627
6.76478653674242,7.31303835417622
7.40920802883479,6.58904065056974
9.60174799186949,4.62397444292971
10.3139310837944,3.81330756979356
7.24311797827765,7.10779907414629
9.19008831501875,4.75952853503702
7.30244949265241,7.04651985789717
7.21638197606747,7.09225040842784
7.49731242755564,6.613427287791
7.8787522989851,6.35374996010144
8.97192206817623,4.97384340369863
8.31672050995117,5.72344063416751
8.85473205076556,5.16551248757408
8.21556058999924,6.197837081871
9.88165308809406,4.91362219934338
8.15911853612145,6.05528014227051
7.06972346743838,7.61458633354838
8.59479542602451,5.57524466549508
7.65209542201476,7.02731621115935
8.18994649378336,5.94929102162679
8.56571282965291,5.30298955222799
8.02578747362472,6.19270110397043
8.03124937442001,6.11088302845774
9.0564144354822,5.39742727471413
8.39045065729855,5.81987884524428
8.78752660561023,5.5850427650267
9.69045333950247,4.77166741189936
7.2430966098513,7.09269170510205
8.22106275483267,5.93379499988155
6.91329874900137,7.48236961533296
8.40342496409966,5.49968527305777
8.62694863353751,5.72601023859676
8.70322033689846,5.52889859902602
9.78376133215006,4.91224619535802
8.87675132878613,4.95763010462966
8.74158786904553,5.65033081249243
8.66585792101292,5.80955330925409
8.26589693064678,6.178127456372
8.76245201359624,5.64528012896963
9.09682667626799,5.11808549813445
7.56969632845554,6.78869746579421
8.12507444009387,5.88598338580067
7.43784271397682,7.18509028499838
8.77341030475449,5.45359417056295
8.02749843944714,6.65777135055268
7.35936591279668,7.34062392845166
8.52795556219003,6.12455509828688
8.50113247741284,6.0186365067027
8.34188873125537,5.73055112375137
8.73175475894154,5.87720783229957
10.9714948787018,3.710971999135
9.57813511705586,5.13946629817316
8.74685158149829,6.01470838700907
9.45024424737773,5.05564710365411
7.48543965468747,7.59298844413826
8.7765426660884,5.72745486167956
8.01445600831983,6.57654983695406
8.74474596601744,5.70551219649671
7.11366644132533,7.79256201439083
8.00884194718244,6.73444202171144
8.57654781334132,5.91470069817967
8.98432059864648,6.12862592116924
8.83608393420464,5.73032397155675
10.711627782213,3.96253046549787
8.90745095113259,5.67996572509381
8.44375683694135,6.06366371201452
8.71578699870128,5.91321602917752
9.8929694914898,4.40086154379158
8.63320473118871,5.95792515416943
10.6991002130955,4.3765124198211
9.0987940093924,5.41940794440606
8.40069193189598,6.08496605512991
8.45834304201857,6.26091128603879
8.06190983155995,6.70809819050463
9.06220050874606,5.5258083070035
8.5252463405011,6.40395124977648
9.53870783926776,5.22000882662858
7.50198634591832,7.4556958836721
8.74405096784969,6.107234852441
9.15487579917113,5.73601489997991
9.14091718135987,5.72073297599511
9.72509387035643,5.44692953903773
8.80784169392994,5.7456776254885
7.12761428669079,8.08143631116509
9.51647725385178,4.74038936514863
8.50334644528193,6.31340942214984
8.31060709231529,7.112846483467
9.9132213452142,4.85451544788028
9.16505508233035,5.7088303291174
8.87530100636813,6.09969975344881
9.25703917885454,6.00686842553906
7.25818827744166,8.48838390805018
9.39338969338003,6.06599287294215
8.51065212567664,6.33386061565414
8.5356614330636,6.6737315206191
8.32781957241281,6.97999519008552
9.05194980178574,6.39016890367206
9.27071534802969,6.11182315176391
9.21496391540004,6.20138846417673
8.89109573585841,6.32904629678798
10.3016113521213,5.00478409368308
8.42691059867557,7.03180552984792
9.02867728454984,5.91482933158339
9.45181436105365,6.18104340765517
8.83912169503563,6.68153800110156
8.38729301955544,7.28761119654343
9.7591560231752,5.58353246669612
9.19138752710039,6.05198488062148
8.71437578556578,7.06454018882628
10.5628625768599,4.95804650873817
9.59057177485501,5.88766670951035
10.8529057123624,4.39970216976111
8.93846764160652,6.77731012847393
8.99752466191691,6.8451509132794
10.3854777589742,5.07270329666779
9.19795574752053,6.56904184457899
9.17105964174042,6.37338495237806
8.78557770486352,6.84171981861062
8.52401768053805,7.27031479236384
11.9800029044028,4.52902518688182
7.93800308404817,7.99650610596141
9.21032723704689,6.32149762903289
8.50148740693073,7.29107608569535
9.17364422480589,6.46786680856501
8.76889201066054,6.85944696302668
9.97511381836763,6.12847081395449
9.66915385576921,6.22439648703717
10.1955088527842,5.74376091107576
8.90147206997402,7.21255047953993
9.20043260462713,6.63187879658995
9.25709918718148,6.5986648243628
8.28806064381385,8.21972048664112
9.3211313831728,6.41519289665729
9.38959601374051,6.36086956998617
10.2618579624531,5.65362618528577
10.2120251253643,5.97218871866408
8.75715070937223,7.61769586687114
11.3355504096224,4.61519349067654
8.65799847928399,7.43266021714851
9.78930341708563,6.35336446386232
9.51398725953081,6.70555212595418
9.64685751900765,5.9697706650019
10.3299921605611,5.57272255560072
9.27065558621146,6.66728559150923
9.93749822993069,5.99866054420162
12.3691238125548,3.53001199023772
9.79004559472275,6.53479285096432
10.0250912926228,6.01763656328311
9.86399865398611,6.31461218497039
9.06255883542773,7.36991517868652
10.8127072255739,5.43998466477183
9.86459565812358,6.57598577984854
9.58396987721961,7.27006359012973
9.71392780427831,6.65365382114899
10.046750066438,6.45844452793504
10.2652751042303,6.72881331747002
9.07910353444496,7.60992989280484
12.1758676227757,4.54624724158246
10.7231859843949,6.51002348396216
9.69885581962808,7.38020581437648
9.74195737425247,6.9982972360117
11.608079273278,5.39807348430216
10.1500429477477,6.76329514099924
9.77127722886187,6.91581398791532
10.9870992840189,5.51685487642663
10.709055590233,6.12958813236589
10.751792510719,6.25362846226389
11.1430616760225,5.68974314263781
10.4303222980931,6.65939924347024
10.3010306659346,7.16452145074353
11.1835936274293,6.20933288643287
10.249316556785,7.15430655193724
10.1869511441236,7.41259088524056
9.06808303595736,8.81545205248472
10.282246316697,7.54088303592232
9.83002194804931,8.02088545711867
11.5604537919077,6.0620891981706
10.3299203348139,7.49769698575964
9.96529235453328,8.09738809786454
9.01438104003777,9.22659667884813
10.8097693380087,7.50152156630911
10.6686785468157,7.82306659459879
11.821577779321,6.62766824027489
11.448876606775,7.50765021884457
11.0544864525197,8.43994800736788
11.9755712598784,7.98338906741741
13.2253867873863,7.34635059453849
-1.00793833524457,0.212146430389036
-2.19038267153709,1.99621539525221
0.00419954961485605,-0.103466727346083
-1.02525375115753,1.09576435909616
2.57144254467495,-3.15510050802502
0.972184405553235,-0.953754351183685
-0.760142692988693,1.26652965439174
0.815098497097365,-0.589722646891595
1.33075271094993,-1.2061510222091
1.62131827602228,-0.94053567217243
1.80991131084118,-1.51404284255366
-1.10487598299517,2.15120272620733
1.50451570770626,-1.16817394726952
1.41714218309051,-0.514475861797128
1.54117772217218,-1.1304196103944
1.62844710339438,-0.672684132803747
1.55325452839647,-0.776972009078101
0.360554348582329,1.14729990925812
1.0775788906014,-0.556752363699327
0.681326702746909,0.140831996751437
2.69607113359371,-2.12798995704005
1.33527971346015,-0.903839001015842
1.35539499941555,-0.637434729521057
0.7771413079704,-0.00548021199104249
1.64373334901786,-0.66464411402897
0.669314896662995,0.378048342423296
1.7041959410424,-0.453404295586757
1.35437037494791,-0.957029295585956
2.23528098206598,-1.33920279840466
2.12999959539769,-1.06554929555988
0.535071747223521,0.601735499371918
1.19849420546154,0.525862018159422
1.74221665901054,-0.586604034922688
3.22327756335624,-2.14924421872316
1.85840477925998,-0.695717331233838
1.15739231644133,0.0224502218112439
0.805334198856361,0.910962427515795
2.97073327038528,-1.67047190501046
1.74614295905374,-0.384866417826077
2.34022215070504,-1.33854729404316
2.61967162043226,-1.28022899354928
3.22691959191098,-2.15965047493699
1.60416002488017,-0.396015198343225
1.67047285391986,-0.169061169328566
1.88862752839292,-0.659991335805821
1.35152996842124,0.0145524501754048
2.13090949057503,-1.23848136553335
1.22058892686238,0.190384153064228
2.01367290040282,-0.688506452428591
1.36476370128391,-0.0755492238314395
2.39288136528383,-2.01362083513666
0.942669971196962,0.218239420990358
2.01333650581019,-0.624793602263242
1.83948840098533,-0.931524774282784
1.71282608195103,-0.216356401265108
0.809639928521415,0.878271326890376
3.26834882423364,-1.88805572460889
1.82693243885138,-0.0865163448460102
1.5260690249881,0.162881953397311
2.82817625567265,-1.99227978872519
0.624451641166024,0.802110862036925
1.93325229293788,-0.554030246676785
1.44825839524924,-0.288269379621488
0.716631279409579,0.741747155486722
3.44629980331285,-1.82767519030719
3.39470473306159,-2.12199573077866
0.760441922404287,0.828591264738316
0.697091617632754,0.76770212545209
1.90871346746806,-0.735629624127066
0.653278305229151,0.946274421581859
1.57175471983209,-0.418879515604067
1.46751632157498,0.440634183521064
2.50905763274433,-1.28613140433842
1.96513802466556,-0.814997296033903
1.68535435633283,-0.492687048423753
1.94471155328123,-0.721952337086289
2.69242209262841,-1.46769527575757
2.62343908880698,-1.24968287343385
1.91819134750551,-0.49741966403741
1.86815335963957,-0.297377265939537
1.37797949921566,0.200714421685788
1.84389509517838,-0.515645320430463
1.77235954339953,-0.489126499042704
2.61272218126647,-1.03683203987418
1.78395503128416,-0.225289538036862
0.371133821351921,1.20364651680651
2.02907375036458,-0.617331493944608
1.61997888618043,-0.146679556412386
2.33785042575995,-1.03481847969531
1.85319092617907,-0.113929515421587
1.66950414870886,-0.343525995247365
1.14810610700984,0.573696596285927
1.82852777558486,-0.266340084134526
1.22333789056591,0.486987103047549
1.34830575713217,0.297307402345357
1.07632537750801,0.580861930813961
1.72287801986939,-0.302289855533763
1.36313601993623,0.414549827142363
3.45469950773784,-1.49344367236147
1.44379077927368,-0.113793656202108
1.97761393706588,-0.382621636756695
2.07317562898946,-0.508309102055563
1.258312334898,0.584932705295422
1.13571397819363,0.806521535245303
0.960913205486735,0.578250629225653
3.46308577891001,-2.08574450692633
1.70076759420948,0.0481656828995366
1.80207701269195,0.136568322897481
1.4733201320144,0.370365957677585
2.1285058479062,-0.396229432136651
2.61335637451189,-0.57266012855256
2.02000905974873,-0.0319828960898589
0.925006266440932,0.832629533546119
1.76228800925235,0.230138694030247
2.35942552067665,-0.514225281397919
2.02277067374871,-0.121868931903722
1.52413021829183,-0.045452617134504
1.45028588561162,0.411950924861794
1.82257875616471,0.00760533183944199
1.23313044716024,0.6313459882367
1.91805796667047,-0.0944371075886667
2.98479972670831,-1.42567607785683
2.49967084647857,-0.946089607617072
1.8754055868387,-0.111041383827509
1.65986454080383,0.506009139096238
2.39968296479294,-0.287616564079003
0.776837917239199,1.02459471609034
2.43430750255333,-0.635699159709656
2.20108361247099,-0.756136188597012
2.60593898548025,-0.633006905994517
1.98797867894197,-0.062236508527645
1.5453223352773,0.372163709200277
2.23940841215843,-0.337575076211601
1.23164027702001,0.597181656052498
2.25806328401293,-0.169155775239265
1.81811874517368,0.0386592239267261
2.31776232962359,-0.646162391085221
1.48642501174369,0.543307831169735
1.93494234073494,-0.194248024076282
0.744824158143269,1.19855244426727
1.62574289151666,0.270980340890759
2.25895964985647,-0.342137895313304
1.95617002746763,-0.0492024255423986
2.03720235683032,0.327399723407827
2.39162922030944,-0.408939180093609
2.25850155539309,-0.218498230191907
2.08078063626276,-0.335481178470378
2.82470818012965,-1.17195310530397
2.35977146123886,-0.721966977581348
1.59299283468007,0.752213260000876
2.2234500672993,-0.563820877054954
2.26590109828091,-0.582228205703329
4.50266927524075,-1.98114296208377
0.631366980987714,1.48106185250696
1.30601427881852,0.738651175955923
2.22669804173975,-0.450663465634134
1.22441066765195,1.0036417323793
0.824027314965764,1.18548645583119
1.78138452127561,0.065154634389622
2.4192414350672,-0.368199721044984
1.98196976451081,-8.8550881525401e-05
1.01414484514167,0.919240457058488
1.75110668666489,0.263194582624916
0.97319825807275,1.04226365024033
2.22979864811254,-0.331237015928336
2.72588465153671,-0.793427986533919
2.6806329437328,-1.13813597232135
1.68998957297078,0.50815283167594
2.35891601169547,-0.195647097767345
3.03268410707455,-0.900404583996525
1.67914665971643,0.175947511720518
1.25158582151164,0.706066175235981
1.08292061658974,1.34225718610855
1.78415778627902,0.226512407563369
2.88299329583183,-0.368506324189499
1.39830428285331,0.279059361688946
2.45220604135635,-0.784879569639579
2.58893854468869,-0.862264690870105
2.24796215010473,-0.300789208289444
2.90704401159786,-1.17428822047688
2.65551708462185,-0.600308579459129
1.47447711186895,0.631306606883356
1.69691923392868,0.508975555073545
1.58212505951813,0.390323718178192
1.69032598559356,0.194451278143927
2.20050575892694,-0.443103768751242
2.16607503846184,0.505296814802472
1.48419472380095,0.34425823885806
3.09209743540397,-1.38559163754426
1.58648702555842,0.662914148211498
1.83231851034292,0.549780807748388
2.68532228418835,-0.228578323724605
0.685123667461415,1.35747310258825
3.87476736872453,-1.55463198005401
2.10843170345956,-0.154822431515358
2.46617539285252,-0.356790189402321
2.07153548321193,-0.149519672306859
2.88578277049094,-1.11756747467629
2.55773665685514,-0.684947768802236
1.4679958238468,0.80720037781126
1.5278510808145,0.618257436047911
3.41668723344809,-1.09304191122584
3.03166273194251,-1.35976168197397
2.44342496130353,-0.475761794082834
2.14278558677814,-0.216030761362792
2.00542572751664,0.461374114911743
2.54332404876889,-0.574770058928709
3.90569030828771,-2.46422373140279
2.51241037270709,0.161486238386732
2.82730303807752,-0.940015011472527
2.4951537660182,-0.44691282429952
2.31239034735921,-0.215365416486676
2.18530136656766,-0.281413681722985
2.13211475351074,-0.185608340105058
1.09506076035144,1.74283531310405
1.75434178688386,0.462162411535373
2.33779439863438,-0.0764250172933745
1.45018350520756,0.840942217386436
3.6561630553277,-1.45619615533767
2.86350031108772,-0.965100028268947
2.28875434876406,-0.324699436357683
1.94052406463348,0.483270090744429
1.93383470646708,0.420127545267974
2.53500848760505,-0.095683462673314
1.67645673412031,0.393735097772518
2.95635106660451,-0.798096303931234
3.70733466511614,-1.43314736026168
2.25803445919849,-0.205403816372166
2.23046579988797,0.170003753773285
3.24943710834668,-1.04395084583805
1.19935431286146,1.139605421517
2.03965947093207,0.424721237705441
2.52081934825029,-0.517493091193028
1.21107402571589,1.21672681055671
2.04275138462189,0.128774713894861
2.29095476106719,-0.0417386346287446
2.57517064815582,-0.767842998096558
1.6634540044573,0.65467235066875
2.7691115815806,-0.406304477573469
2.50402756265772,-0.541689230136843
2.70688282461299,-0.666074112874726
2.01534065192965,0.254362189481672
2.02876965370198,0.305150297068671
2.96046517681746,-1.08092129847674
2.31518015056825,0.3181645757617
2.53376911256702,-0.20585939161198
3.35149417782082,-1.03305103323658
2.30777560535976,-0.179166709163939
1.51714022506948,0.807985861920363
2.5109356736069,-0.0395051159326619
2.16729447630312,0.433142720311126
2.54459808699337,-0.429579918587516
2.00231722695121,0.38688608905178
1.36181569126705,0.769210077454757
1.37356450644101,0.859910967384255
1.83380922160527,0.418327265704606
1.53484237159021,0.861451666303918
2.5834669360691,-0.0623705457768313
2.97727447784204,-0.842505961709969
3.0336102344927,-1.03214317845647
3.10230101593523,-0.457775686559
3.10228631981045,-1.16512528429484
2.46239880879387,-0.226727206677378
2.79615363743002,-0.839176924856142
2.3751460684235,-0.306288384859206
2.59432625765725,-0.611024419111559
1.54196941223782,0.781977295811459
3.33806649716296,-0.956880985406264
1.92325615323482,0.3251707794203
2.46573466242665,0.120178555914647
2.20114687688145,0.209249468132631
1.0979726081411,1.50838184157613
1.69563039831898,0.658002986994812
1.76792142263561,0.643824417342238
3.1465962326098,-0.80190045166135
2.47527129191941,-0.265881643324901
2.08425604995576,0.200440422479678
3.60016108519324,-1.62520705458034
1.93483712504847,0.504510865484024
2.74658288656496,-1.02876745921134
2.81137618481159,-0.958462234210595
3.64836164696261,-1.53631850340039
2.16622114461662,0.21094993177636
2.39309512803784,-0.463706268977133
2.44761025300829,0.0544816783766263
2.69557343100163,-0.139688129612759
2.23892437835914,-0.101635657476403
2.38908090529744,-0.018766953315897
2.35625913532903,-0.285115643416353
2.31741468407641,0.0854694274177213
2.38191904780727,-0.109129871443096
2.58135283415503,-0.505748085324764
3.39600302666657,-0.635545877983079
2.48804142991545,0.0832014356927693
3.1996007641154,-0.570680988943079
3.3441155863172,-1.26793491456538
1.82879878517632,0.293689593718107
2.71082428918039,-0.667196085570435
4.02477994004146,-1.30782337568361
2.8506197512975,-0.257644214390453
2.19335644914584,0.015305579641807
2.90938220124826,-0.67947523799825
2.19361931195369,0.0438736581467951
1.94714477622719,0.42887919815022
2.19267704553604,0.0121695651276006
2.94478552427036,-0.844406515092806
3.30284767767085,-1.06018862607113
2.88876183181526,-0.179906767357745
3.32836502520318,-0.907835249439899
2.35403068675109,-0.380381651642598
1.8426887778591,0.399281392873245
2.77046957805052,-0.0616823353616207
2.56244906890644,-0.158731489094703
3.08259019902746,-0.680912247621062
1.35602982324305,1.35520304701036
2.44583063606983,-0.41301810716745
1.94312036459435,0.72191518827563
2.36722519546615,-0.204952259328783
2.26894955798859,-0.0545274426314432
2.72710477787948,-0.182692209013084
2.64373408377689,-0.327294355748996
1.85124126044292,0.636040659184898
3.13491362950158,-0.762340889755362
2.24996444228496,-0.239493443947156
2.34147849102828,-0.171596545037885
3.07611132261127,-1.1330091751202
2.21797402606626,0.318954819258673
2.34992614136712,-0.0575108074699558
2.29344906712352,0.565485979858523
2.7183236231064,-0.0368521948469591
2.19214403529367,0.3357551747274
2.86765629075643,-0.375281017770806
3.77647816599737,-1.51303518289799
2.82868869577308,-0.987114684475262
2.74914399109553,-0.909790014872845
4.00206867258796,-1.31557234219224
3.3748636696311,-0.861996595295726
3.45120469067957,-0.945788783428817
2.77056420339823,-0.0435382772140493
2.91645881343702,-0.866576673460601
2.22240038293524,0.446944459624002
3.07863751436904,-0.816894900062652
2.67232457475236,-0.396884598902092
3.22184251192684,-0.295386633736629
2.22025648309942,-0.0114172887935013
2.24891447329329,-0.0761296101315244
1.93092648031481,0.520303256086571
2.6115728438818,-0.020203194894353
2.24966579919909,0.519909349880407
2.77585335639371,-0.699840866734304
1.97125202550846,0.534526527860389
2.72460205793797,0.0823378568757208
3.38141685044296,-1.01824568525389
3.95595003461681,-1.06307638698695
2.80183940553707,-0.00857536427876149
2.52462510020805,0.000817636640379558
1.70764496185338,0.651326158953676
1.97815644529572,0.442036316278934
2.08213628483643,0.187163255775333
2.55618356767634,-0.0161666572733763
2.23188390004266,0.236862232980335
2.10139984173979,0.334990780135748
2.82001654906689,-0.267964876975369
2.29761613560657,0.340688062665577
2.36591588621235,-0.237320824355945
2.50480628339268,0.28672436727948
2.70089385373169,-0.143579993369192
2.8067924761421,-0.748866624402182
1.97992907837932,0.237081667102578
2.22802185938914,0.42976341530153
2.81712145847748,-0.53152285909225
2.72872613079875,-0.180781694260884
2.35415489540596,0.0361052975178936
1.66473394433291,0.774089147502571
3.42175899415349,-1.5181360813057
3.51754342113012,-0.906232806053842
2.6064489069415,-0.0273700931130353
1.98204094177389,0.332663123871826
3.07550824583288,-0.938671097953392
3.06752065738074,-0.367543745642164
2.84300306926136,-0.508407375868981
3.24286909533706,-0.42663441801894
4.63919366945963,-1.77810653330404
1.23411364529064,1.43021215132834
2.52412358536815,0.0893747097599494
2.93532659425996,-0.137034161518665
3.52026126615267,-1.16688668711513
2.93207928932001,-0.819812760204362
3.30494779147275,-0.710962935907923
2.97964334022563,-0.368453059569315
2.00922387786645,0.469034244515631
2.63149509598463,0.124052066799489
2.67607543220629,-0.271031012786223
2.93883218322452,-0.668927949084159
2.87120859589574,-0.481569234700962
2.29188383390178,0.0172491440293683
2.05778764798331,0.392023843583704
2.85010794737142,-0.379040862603474
2.02016061035365,0.708926539001468
0.925079704198262,1.99110323969969
2.04761318804445,0.65369033058427
2.24941281600088,0.32611078826957
2.15923202625388,0.404053110182806
2.66979077777235,-0.0749574664947284
3.69216299247199,-1.32247534757549
2.4685859940783,-0.0837691068802981
2.69854346205934,-0.620472932532637
3.27962028459739,-0.82246395799657
2.82589619743124,-0.418486872071318
2.09946287529798,0.788186292391039
2.13199645229244,0.396168771547008
1.45919068026801,1.12131057339256
2.84016635618637,-0.47138162597219
2.29033654128769,0.658865738926948
3.82714445569618,-1.13846866795467
2.00190343873856,0.858716029964829
2.35530701979162,0.0346932925663991
2.99685467367137,-0.446398286088525
1.83792905991838,0.77796028109151
2.20045009980741,0.36947872936068
3.34845498576676,-0.53298369547751
2.73138292074764,-0.0711387493001488
2.41335365269939,-0.00845265302527816
1.74668503354351,1.0222298562272
3.17858522272155,-0.394284502314149
3.61457582721441,-0.627948938978772
1.82734074952417,0.943985559937464
2.8512187583992,-0.366963797379719
1.87857845077333,0.545700418793999
1.77700902688038,0.701210762424819
4.03107802323332,-1.4171734765474
2.72076402887376,-0.175697683873068
3.47028319799654,-0.657807195354127
2.24433498823846,0.246144982827027
3.52418278297564,-0.82032251873415
2.94224512690059,-0.285967367795817
3.31570696918706,-0.468975338707553
2.56989061490136,0.0785278667840493
3.31597400848289,-0.634154227950086
2.79381989856535,-0.259714777742318
2.34758359679275,0.422048557486781
2.79218099570054,0.0344217924848203
2.40446618867107,0.39096124722309
2.40928043038976,0.308791209263144
2.25515282580484,0.500742592390652
4.61362498539548,-1.71436767763833
2.25247118175289,0.316493140597232
2.60829750789554,-0.418662226920129
2.76983220692644,-0.547010685552481
1.55200267210188,1.17157975746574
2.34314566569338,0.770584535697469
2.73928739713403,0.231590778786573
2.67557350667448,-0.107773465989437
2.75207505816089,-0.319196592579492
3.75719998919923,-1.07098104805152
2.49292569070347,0.00407817441297229
2.11662795377311,0.52543161379674
2.81967662349453,0.104568498013152
2.92530440867931,0.207067856400532
3.12469727660944,-0.205231911317486
3.04248161335597,-0.436240305881549
2.6240985721887,0.17974108806841
2.14738442614296,0.669549152275676
1.99733333674838,0.724253101935003
2.7116226419005,-0.0342538890909213
2.58836828082358,-0.116347465238668
2.22817314049871,0.327113892906465
2.50046764073659,-0.155453617283688
2.05670392471872,0.904673370616638
2.26690984736403,0.133309876474192
2.83332699474998,-0.295841115081333
2.62864982879743,0.342636789513413
2.45982268568224,0.0484720902017504
2.23319888154609,0.437942531931157
2.69533300171263,0.00676380162960127
3.54709035055807,-0.61209237838806
2.99685470303774,-0.322779564966748
3.35505112806206,-0.932959056228622
1.45232440924811,1.3660839584608
3.06023744770614,-0.367264121943664
3.10040952111328,-0.215166235774256
2.3579348169683,0.759285551133731
2.60740146828471,0.275699689150574
2.06643161101947,0.560826322164506
2.7693846631599,-0.000942321844292632
3.38079315036918,-0.53494192373956
1.55071376999812,0.981899503206396
3.34503069397057,-0.303094518020472
2.55341951287332,0.328684188033885
1.96633573978886,0.77971612871996
2.68193437454143,0.168694684753003
2.58071006845198,-0.238844161744774
3.36467148892237,-0.929948377964519
3.21859356863156,-1.01813518453967
1.99383759283525,0.974015092256452
2.73617551565553,0.0984249527025811
2.58478876179752,0.0169002395749345
2.30246575234885,0.337635887139919
2.93471661589065,-0.138615798969614
2.83430657941753,-0.126409946084719
3.47658866963562,-0.421659888414275
1.96872936683634,0.681791973920774
2.33864684996435,0.0968331734953546
2.69363309548384,-0.18341820524334
2.04361501692638,0.7140662244023
2.85801785704894,-0.0932284183269227
1.47325698612091,1.31227589986404
3.77079199451195,-0.578596400097673
2.05932774679295,0.481818292745376
2.07947128240093,0.722618544291242
3.76762255911203,-0.924060985506199
2.70588430536585,-0.400140750593782
2.42517318787176,0.159493237618562
2.34375873099068,0.277357016448376
2.39550970642515,0.885830284405289
2.848307324369,-0.308096189843782
4.32742307475899,-1.09252733134905
3.78776546553712,-0.948479321473261
2.91937843291341,-0.0200039644575477
3.13841913417464,-0.869590655222256
3.81022119465627,-1.11224100384554
2.28432170366128,0.470957661829153
2.63650569833098,0.0882031820244492
1.68415338231082,1.43811225948717
3.05785327929904,-0.240653068528017
2.94816207368426,-0.23633610072827
3.08917050666309,-0.218363493419947
1.8822097176992,0.961401586736706
2.56666335721827,0.534977138674576
3.10893916804067,-0.463334276815872
3.36379454063096,-0.775883871232902
2.9971396534901,-0.0723473308197755
2.30748582033858,0.398441660117893
3.19500429435499,-0.285834509701577
2.53354725976187,-0.322939901887472
2.44096649889081,0.445179846138333
1.94642840131582,0.932835749139615
3.65717974333687,-0.258481605567283
2.78885435679988,-0.0772413355460869
3.95447909232776,-0.618664372446227
2.89289798280016,-0.19151535959079
2.7337392548935,-0.250547196470769
3.90366210393379,-0.802310698123927
2.00032917572878,0.792865292363701
3.00549256243884,-0.357821691070182
3.0024808249343,-0.682032900080225
2.23519065641866,0.933774395249078
3.55068122814207,-0.889447580286714
3.47000501678339,-0.314074214857835
3.09758763408271,-0.663844844998912
2.70287639413513,0.00609183836689658
2.55759611451523,0.219894525872732
2.66393839107388,0.176803917494205
1.73894438291403,1.0885542777996
1.43884443991448,1.26098843730656
2.11517710972664,0.485486962389919
2.28987989762767,0.776511732529228
2.05847335328042,0.792156018293086
2.67273800424093,-0.0256843022057596
2.48043270636665,0.247529985939698
3.35116581726768,-0.853827803823765
2.76322219636859,0.34140489866586
2.97843904906796,-0.40096971724797
3.16651608348376,-0.178732416003734
2.36906780688692,0.65845455473402
2.94806549316309,0.18211171736234
2.2594990036729,0.564415190237054
3.21847860813492,-0.950371365189748
2.55817055918152,0.17818684474615
3.3973871748926,-0.248864704338752
2.74052428452351,-0.0364788809460238
3.56653560371885,-0.661546559377005
2.23799345810411,0.491323629686885
3.854152363557,-0.880530604305169
3.31269790062826,-0.0261026379921813
3.18404190795249,-0.162025336039719
3.13335700098266,-0.284686244483391
2.88645247170368,0.300346663655045
2.26760043166557,0.782533322826373
3.28506312951232,-0.555128153708803
3.59540251670772,-0.999026161562023
4.17736978932476,-1.90599964949728
2.02868179590869,0.750859974552484
2.02808071443219,0.929018182710398
3.58097422731177,-0.489711459981849
3.91939582515854,-0.818984013725929
2.46384910762561,0.128251397759768
3.16398682361199,-0.103667191025903
3.10876901225216,-0.192923046515292
2.88417631102438,0.167698243789184
3.49214462375743,-1.21423187964738
4.72641137145768,-0.580050672402483
2.62822846237426,0.0754132255174829
2.68052291483856,0.361178580320315
2.69551455406984,0.285728376324176
3.20955244186949,-0.194839758519613
3.30790107543269,-0.410172531481001
2.73056909323596,0.309141540811147
3.37183815003997,-0.670147241019293
3.26237164445986,-0.629470186478172
2.5707876690213,0.16716984546749
2.60397821669575,0.0699159841960467
2.8996867922176,-0.10151055775211
3.05746264164305,-0.434086001889087
2.87055105944931,-0.0118942437510334
1.86259301808177,1.30576150213674
2.52406021350779,0.56614765912371
2.52598219746735,0.378671574169529
3.40844071567378,-0.474154550839301
3.38394106818246,-0.569454307897501
2.83581772250769,0.376860786934396
3.24136302775667,-0.667652766268473
3.13103896073345,-0.501220158366259
3.12125610329576,-0.0155834388122176
2.29029915461698,0.137789271219242
2.47599011075527,0.133352930960012
4.1144307688426,-1.09557243604166
2.23075069429118,0.815453101572737
2.85106029393432,0.203637828494233
2.65240501560823,0.705080764108135
3.46344258262692,-0.501128568527379
2.99301295416391,-0.189512927939109
3.67893925737816,-0.762384792575583
3.0486233669218,-0.179234255457374
1.97595959587713,0.892273197832392
3.40973199790383,-0.852837339389854
4.25779498005419,-1.49488575296639
2.14401134250891,0.759631377892755
1.76108013971529,1.26406000612191
2.75316657696418,0.162097683117158
3.4781209312265,-0.355651256993445
3.27261415411511,-0.360690683161713
2.15191895326409,0.991569293991477
4.53571721757267,-1.55737170641501
1.65997774757628,1.53332350322707
2.27027762009967,1.08363480337058
2.50368196715826,0.57741052029838
2.51498276237737,0.909429190325722
2.61661002893542,0.341591999637353
4.2670530603894,-0.987387603487822
3.70169761883718,-0.764158624484251
3.98807514681313,-1.00389613501259
2.34434501743194,0.902485898211302
4.51598106334253,-0.757775895887691
3.06152616597343,-0.0734174491903944
2.07598843146618,1.33982029709324
2.38496965282893,0.841615388780534
3.36809528662,-0.772982931111117
2.93783812769313,0.0769513159552622
3.21574837512551,-0.318496193458567
3.88991890171198,-0.831100402138236
3.66532069653174,-1.01283818610182
3.93641971981022,-1.40549271179
3.52016714730633,-0.900291060807419
2.74942470989515,0.283067824812761
2.48895597021723,0.778410756270178
2.00486879595984,0.962656449085484
3.28681609638092,-0.567981382541214
2.73965419118167,0.210399763862856
3.28951374308598,-0.0931028564713422
2.15471541466319,0.537808408146234
2.67583415950612,0.355159478793071
2.65925834885465,-0.0452850815137143
3.34605436717941,-0.655572279222373
2.93864983791189,0.0500030511838156
3.34562080840812,-0.306915389000223
2.60172148869759,0.292226451910206
3.50218536324553,-0.625453740388424
2.18412910894878,1.02432211581058
2.84675121025115,0.351544745492693
2.83805908640148,0.431193941938997
2.82684817635202,-0.214344780272751
3.28083896879406,-0.000625877149192267
3.71637646084797,-1.04340995488796
2.70209389826663,0.421126624197676
2.9433725378123,0.406508058772932
2.19679453384501,0.870020323314645
3.06057665217303,-0.106888886630221
3.96519887691848,-0.543952122366376
2.91007705392934,0.00652091474664435
3.34584561964555,-1.13713733095317
3.34132320177897,-0.146331605954169
2.88843152309999,0.0943232594668771
3.31511027731457,-0.19882633366652
2.92961033994021,-0.284163683461455
2.94659155423792,-0.377308300144417
1.90695818439471,0.757515701823103
3.41927321786719,-0.551825389356415
3.00690648306882,0.0367159590729423
3.43196732215182,-0.162493167673833
3.24420694522708,-0.37401265253357
3.15401343136457,-0.395867892757909
2.57392146867381,0.392847129157401
3.04609465438843,-0.188729550089122
3.6918313830826,-0.615705106451444
2.88178904480555,-0.0698680582982254
3.95811712596209,-0.453589500435528
3.61892471419156,-0.565481867293094
3.21019810847694,-0.312311101107109
2.4477063891382,0.830372989837182
2.73848754621071,-0.0941751515116767
2.02991352659365,1.25197652894776
2.86161038867068,0.318962231438677
2.31692529619189,0.716779803639676
2.98198437157063,0.719074583787445
3.13614239738859,-0.12386036551967
2.69574502208553,0.519269979295641
2.75599755095542,0.254386597898116
4.00279115001234,-0.829707713586146
2.20971978689022,0.837747155576625
3.32396858212621,-0.545251752801855
2.49853323933122,0.291311059103696
2.31513402509635,0.787074629745159
2.8342889826626,-0.0980806964344404
4.19744300171322,-0.80469802373439
2.69110570693291,0.721951517461209
2.76180300731127,0.545930270292057
2.24780577411605,0.997256079569389
2.0622393330655,0.98340957841452
3.03989757915155,-0.278851606283491
2.53021967615533,0.735865999436936
2.33071105596896,0.911032612807772
2.25562191514304,0.630361495424197
2.94611214432625,-0.219823373196985
2.5693772021235,0.497540310808325
2.934446792143,-0.176791699274912
3.6035902328078,-0.514637770517086
3.29869811424574,-0.263137606305207
2.78532842662357,0.113977287083191
3.33758686997853,-0.396706433236631
3.69254992318742,-0.747936849831625
3.11567760125872,-0.0047574953411582
2.61148391998523,0.608604118737121
2.47533479162453,0.728343186334448
2.22008655644766,1.00048356008407
2.71935027048776,0.491223721346522
2.48742609651637,0.682087709700971
1.78787997995229,1.75403733038496
2.73956685737993,0.49688348844494
3.02070138978219,0.292089647002394
2.51064037817737,0.540417589035733
3.55472535856051,0.0405580215874085
4.69634971787915,-2.10386221762858
2.60537311045047,0.806733341210662
2.88508574523504,0.418333468032567
3.04242572294845,0.0160799028775823
2.8416298081315,0.212552743341109
4.37461138006497,-0.951365168685795
3.34900705738344,0.0576253376013399
2.26487523084432,1.04686002516297
4.1362505505685,-0.753112270775262
2.40405510725908,0.946111937545516
3.1440080932738,-0.12313332255572
3.77632529896473,-0.807871806763911
3.28114322019147,-0.387731575196799
3.17872747274403,-0.125299916252436
2.86456129855805,0.408190284291735
2.47147700972258,0.819707739811003
4.39899925816691,-1.04292005140377
2.83095537745332,0.542022139619693
2.88740104335195,0.0607834452712977
3.29118549338864,-0.282921828886298
3.8592288083703,-1.00223796995515
3.99344466865583,-0.339170216789101
2.86434852129105,0.0925549405514438
3.41167866831416,-0.285181208305241
3.24451561866904,-0.322066496639807
3.24565153841967,0.101058789211678
1.96405714171422,1.45676350007029
2.86545879365637,0.221493964435034
3.03576610752773,0.1495016398976
3.19310410913827,-0.486488973855785
3.28521487699436,-0.0808514692665957
3.24660071934601,-0.194349655397992
2.22122085404791,0.915544507264229
2.75205073015071,0.497907053148966
3.03930333881807,-0.107072849538476
3.12537391769122,0.0795897212115
3.13795718036097,0.00819283914914555
4.09663327510406,-0.815930641036103
3.75923605757712,-0.932977830993559
3.84749011813419,-0.321927764341204
2.33971645591097,0.665355562568437
2.47070417012762,0.972577896872203
2.93363096221104,0.342475549696847
2.88601488011684,0.337849470258318
2.5265013577527,0.82360557095772
2.11597601300434,1.83181075353479
4.29034251706555,-0.822280026795593
2.76142907608795,0.502874696642593
3.42236910801151,-0.278630401405083
2.96583914179892,0.114636596009499
1.92312496374888,1.48623678901154
3.79055144218331,-0.712907167037224
2.8128238664814,0.614975116786125
3.05574641325243,0.151183185817336
3.65707274473021,-0.142054267568209
4.7727014829646,-1.65806526816638
2.84310545751669,0.430120952949539
2.32487071674394,0.783259479568927
2.83371017708304,0.492595751343933
2.83576740862537,0.513937563718527
4.89619948171771,-1.18464626066857
3.20310931182043,-0.165569150958741
3.43338064660368,-0.447836247055153
2.56289048849067,0.878529181310147
3.62751512760106,-0.31240957619758
2.89424268650612,0.0621812150803795
3.4002545525439,-0.0614999533173815
3.43504912482627,0.238473290151869
3.01242828425979,0.364298574581495
2.90502824775209,0.190331633898862
3.65313453337446,-0.100778780220516
3.13012434944662,0.661848404321321
3.01339778081841,-0.0857410359689328
1.96575319789793,1.41421645506483
2.79330625113373,0.564027896252424
2.26507353404378,1.01526668774487
3.52534751523928,-0.42948003641317
1.67188712721209,1.64651020769714
3.95493583369393,-0.874827297658385
2.70476777496626,0.327560100545732
3.51765541177316,-0.365416684813171
3.69646112889347,-0.673588631514486
2.53377748521135,0.670342424905935
3.39150215693579,-0.718270128942347
4.18291465265653,-0.690092252009528
3.59519244565827,-0.164224941295155
3.27852995001652,-0.088572209198977
4.48482933927769,-1.19468472105695
3.22079468286252,-0.535778440841559
4.1440089287467,-0.580651756046412
2.45914287130079,0.903935304704023
3.43400618089094,-0.270760803429782
3.00264599093915,0.482180659884398
2.57782391703859,0.6574532912541
3.58598486075466,-0.206780140970511
2.92099647293658,0.0882035020713988
3.0562328263619,0.201343958173441
2.43016917649476,0.827443688372717
2.64439684718554,0.941230501330064
3.49902840432616,-0.0574254410549636
2.56136921270238,0.60432943424823
4.01650265098966,-0.719448990646425
4.78297743839921,-0.927391742773906
2.16203853129667,1.29471604187893
3.3124435903194,0.257554558658421
3.35647446118991,-0.253237747031493
3.09950664327706,0.0900229016451152
3.82266861282231,-0.254369021301541
2.54654036266538,0.773835069137194
2.18376072753643,1.22613160859935
2.79813783300162,0.246732605380299
3.38504722873063,0.261380672382456
2.60054079873707,0.735757708976605
3.41173947907966,0.0801782020358133
2.88585104771893,0.41479689091725
2.85988552682767,0.569900757054941
3.79426402243568,-0.361442910542925
2.55889060777427,0.593073176151981
3.34922525146056,0.251004737234687
3.39322683901754,0.362264990769703
2.79418483172745,0.573910745433909
4.18715914652547,-0.591183378077668
2.59696145347669,0.820716072971155
3.42813508413822,-0.257142182287668
3.24121864000927,0.0989323104853408
4.37189729286504,-0.845321764216663
2.84129664789215,0.359469712284274
3.41080389171025,-0.115106001836908
2.68524829858166,0.522064773888728
3.41115366352739,-0.317769105136663
2.98317054213592,-0.0645346229773323
2.5533283179068,0.520170837429279
2.83449778573952,0.817090572875019
3.58051437112823,-0.188775122366377
2.77120887969286,0.491050658500744
3.62628504163233,-0.35460027854946
3.44008656273153,-0.737831205134014
2.84716865849814,-0.0575882565805338
3.39851263071282,-0.0734954320417816
3.15575591988283,0.340345116022212
3.43498898562528,0.0646472963101101
3.45585508398779,-0.0489201620056082
2.82322933591276,0.318993710999626
2.7174561578834,0.707690716401971
2.66834627285842,0.629862004143551
2.48781282754681,0.59516812703122
2.38589002544244,0.738814684966428
2.75767627736575,0.65356482344055
3.20806441222466,-0.113674681161023
3.46109981868066,0.134221626987674
2.74219821882109,0.592036420916811
2.16821933420161,1.50114323371052
3.85471340601967,-0.316740173846981
2.45155811510555,0.757381471519052
4.09728559399683,-1.1389556003169
2.93911205160442,0.17732925540043
3.77423846871131,-0.311619887866113
2.64475171710341,0.594795827283762
3.4169435751671,0.140396992593945
3.59068847910737,-0.251061391644412
3.00590134429052,0.497484516929699
2.83596920988425,0.225315067615276
2.84504136573297,0.400599029310353
3.15600315979196,0.241760682996643
3.35882482567329,-0.221825975181671
3.02087042527019,0.082521491641643
3.13857561175783,0.161159152733314
2.55973481559204,0.861656716626914
2.78448210181818,0.45777163138197
2.63003566586654,0.762518350050387
3.07446778051262,-0.0669599888675966
3.48444524226397,0.00252180012617023
3.1989250843734,0.417259639722453
5.35043767763783,-1.49215912105995
3.35961944535757,-0.537178189132074
2.69037470165726,0.680047152677368
2.28519900799674,1.21653907528429
2.57923074961522,0.562717771767423
2.68430722092166,0.648218963198883
2.63301224014196,0.649176739842527
2.36262995002057,0.965447085049066
4.2588832287588,-0.726847742070147
2.63881696228567,0.779553622374055
3.3543511218233,-0.00895286968932434
3.21081019319761,0.121841724682728
3.62591413530148,-0.288850563915721
5.06567900517173,-0.942587688098867
3.5030710176132,-0.302394832676506
4.20210053452371,-0.483585261405311
2.74453021458526,0.505302872200425
2.8852768079758,0.822356586908197
3.53912377436512,-0.523421988006983
2.9100390546364,0.321331706963484
3.42686280358384,0.0319079396021514
3.615177697976,-0.503540179140738
2.95698294195663,0.268810462802044
3.71237200899573,-0.313081164436747
2.01423884970062,1.55050862521821
3.08290124218599,0.167672243960463
3.71080327463665,-0.188066625486607
3.2690020551236,-0.30139429609356
3.29758198165637,0.540530316875882
2.47455536931967,0.765858413577986
3.55747750789309,0.134850559241999
3.63706862400043,-0.197345279146618
2.96045307094317,0.364871775607796
4.86210120139287,-1.466799496717
3.50740592440858,-0.130581907604612
4.29186444206652,-0.936534665264217
3.54472590608753,-0.263957626932863
2.9081419850643,0.393756067808411
3.48080773662355,-0.0485349341077143
2.92314313378258,0.799713288257962
4.1090364137262,-0.697059439326023
3.80908968246806,-0.896109370489471
3.06474596971241,0.0054131857116192
3.55120722709856,-0.105088090485022
2.93194343264885,0.407785586766525
4.54357247762075,-0.793678303955984
2.35258249959543,1.05486761249246
2.97102445765125,0.340435771786698
3.31148334290881,0.171686970389243
3.87963576028101,-0.210209636174438
2.91899739039267,0.75776887271483
3.32831332391647,-0.0563918171830494
1.90187779029662,1.83116727630136
2.84871601792394,0.985351321145852
2.41746881880243,1.16864059844858
2.59765283805799,0.817630519814384
2.19220915314349,1.1591445849251
2.81103526361445,0.112610163125991
4.08061792108209,-0.734471724570358
4.4928867312478,-0.72354588368871
2.48060902267849,0.880679572480314
3.08686881828059,0.45059609164593
3.68921927289165,-0.323491719991539
3.55591781360604,0.1163833267219
3.23142182763207,0.340673032625611
2.57084279845238,1.0608020862686
2.69604561125589,0.546343000401348
3.43021432681834,0.307692502390508
2.37773032974322,1.084329994814
3.80435498662063,-0.545616841535843
3.3798820489187,0.251474177352573
2.72815352914968,0.460806789326254
4.07721243745233,-0.702947201078951
3.18865263653374,0.0175677695129547
2.20031321405782,1.52151887180333
3.6898264326843,0.180296963520744
2.89320768437094,0.494246210616027
3.19663690411789,0.175466644372812
2.42759747123922,1.25473661919071
2.55969754922671,0.835303398339419
3.44321083687688,0.210092832014772
3.56084089678715,-0.256140188064875
2.86641685088229,0.594333440700547
2.99227139973193,0.764637823374387
3.80662771867991,-0.285782269651954
2.693907054901,1.02222134830512
3.06592706098167,0.422905795019768
2.31771054833161,1.40155494826894
3.97038651435025,-0.728000119822859
2.89228998725616,0.289170922664984
3.14854276269219,0.351080935552153
4.42624399250126,-0.868909137498348
3.44793728722581,0.0194661932715744
3.22610593811616,0.137729644197248
3.09097566688941,0.687242321117471
2.78122217576579,0.765507444128585
2.78533326606973,0.77881950083163
2.68773714553258,0.851681869751361
2.37675601565743,1.17686353477043
2.92849507781153,0.541897492443725
3.13458787544504,-0.0438310479932212
2.60399153794183,0.99647873430269
3.00080776525379,0.482114845695137
2.05426369030874,2.07170746556414
3.2432729952587,0.340924990076436
3.70536138169811,0.254780502274819
2.16501397099485,1.44551846730968
3.25381255266045,0.574805541963753
3.08875755843005,0.31904256929038
3.39542616517172,0.634182567097026
2.85820024358406,0.604219163888344
2.72289275340434,1.07179004807587
3.85815039466231,-0.207959655537825
3.19251788219891,0.569751465921812
2.58948478758897,0.847329218584569
2.30566232505697,1.38554844991406
2.96626813018719,0.77446687046599
2.90340298346714,0.05830008388039
2.92977020725129,0.514685067460816
2.86921922013323,1.01486639143552
3.60169251781214,0.393075990516312
3.80571416081993,0.0754490887428722
2.91885928300421,0.733866825402014
3.31236040951634,0.215526343614406
3.71036292275453,-0.0764155123757416
3.42486232236787,-0.22532083597797
4.33979276878618,-0.687762786483947
3.39782364929482,0.115959022260111
3.11937420224288,0.701234874719246
3.50027521753863,-0.386521632407692
3.92004836338292,-0.833553895213132
1.84027602676988,1.92338014596781
3.76025002341759,0.234087185075148
2.35513538509834,1.21490884750836
2.47118982749107,1.19885498502652
3.38778959366328,-0.238104512279486
2.9072665400746,0.766369778861499
3.42871892996685,0.505192922472554
3.05238965709367,0.341370889877106
3.51446972512773,0.0121859451342267
3.31749970139897,0.250152636186424
3.11624309169569,0.406339619500649
5.22588412464543,-1.14596810239926
3.49086218268424,0.632893070102269
2.69048473437231,1.05331053274251
2.79124462848148,0.554131013092444
4.10807973247617,-0.534933436291439
3.57356794661957,0.182221539997848
2.68753632204205,0.976572564533192
4.12531119985745,-0.507023825865546
2.14087684898051,1.71962243032419
3.67440769624612,-0.00758033597672753
2.96124546407772,0.468159457047494
3.69403182968614,0.108856925655187
3.71449218214915,-0.0501505803135929
3.32253247250597,0.281899183390659
3.04620279687127,0.415446160937096
3.62637704837661,-0.0641149364335777
2.97768599926752,0.634966689206619
3.96120409708546,-0.102361142103403
3.13664823756287,0.33136670551883
4.45566802372622,-0.510615058919137
2.80426922501461,1.0078250057482
3.90196313507171,-0.174635964039665
3.48041947395236,0.566142196094268
3.00664172975823,0.458026802976344
3.12205043494125,0.467020713487785
4.40539751747957,-1.11152052097331
3.55757398524016,0.354635350731151
4.03228447524378,-0.707113491067747
4.25982777632903,-0.435686371256265
3.84715427759202,-0.298432608052756
3.22015057369265,0.348858711796317
4.26030121950492,-0.510466887988925
4.03448362761895,-0.568850589945755
4.09590020733113,-0.0483896008202888
3.31016157635146,0.354362924216759
2.99957550728193,0.706767739810656
3.0018246040153,0.575898705270279
2.97874387463244,0.743241189975656
4.5499635555126,-0.5939402944485
3.15577459589459,0.33189323041202
4.39655830552752,-0.608422379372842
3.92963178406337,-0.201257609511005
4.01645932022929,-0.882104524499541
4.04162156985589,-0.480368647505115
2.22782336622459,1.60172087429025
3.31796558630517,0.494904908655619
4.56213197026342,-0.992965683976352
2.8610569259464,1.04055179956741
2.95802572809745,0.962560447071681
4.34588759050349,-0.340270803034172
3.39443785363806,0.180690502437342
3.55828101673432,0.494864119954332
3.21878923406349,0.509314124242066
2.69430086608122,1.47910716018403
3.35811963194667,0.708935035602008
3.15945070574034,0.596032840138232
2.66060982669406,1.15615391736334
2.68384655947961,0.905146519080301
3.20040976668273,0.718210624816043
3.2278336337092,0.0480004792343386
3.38668539721297,0.691746216465522
3.49148171135938,0.225698498236712
2.49235729900078,1.55065984101317
3.74385842613245,-0.0744967030361221
2.58505618301849,1.37546078697842
3.05573954688452,0.533891123245743
3.69806041010194,-0.296076881049133
3.43671127639053,0.346875303643563
2.79335224201749,0.944716268989486
3.58286006594533,0.602189652974035
2.80295262266525,1.19972067599441
3.49416283657064,0.0684826236077711
3.25873096908009,0.460331949224546
3.66405224364232,0.24495989840783
4.43563719096672,-0.202522032353196
3.41492935640962,0.111011740811892
3.45056723426369,0.182438532728602
3.20237059761843,0.65817476882111
3.09146545127273,0.765949766728324
2.73970916217641,1.25243279802662
2.87607955944515,0.989699975208535
4.31044524393841,-0.829387387056734
3.3460155744699,0.188550988758507
2.67287436055275,1.04916676946775
5.06519413237268,-0.631447589502762
3.21661635749084,1.06466857180511
2.78970148641517,1.1811153627719
4.61934588788261,-0.658432606841975
3.10636218977118,0.839212572349471
3.65359466613621,-0.0546426047543413
4.10568024023047,-0.493134639738291
3.69606842960687,0.33409679512574
4.98197637274292,-1.07179943574047
4.20219636163725,-0.133784941043596
1.93871003720866,2.06422349188882
5.25346857692368,-1.04487349999834
3.21346724523121,0.727801166779533
2.74120722797453,1.23986681839176
2.93282095281558,1.00077050350539
3.91112095100566,-0.529232335422025
3.03550560972106,0.710105855383687
3.23031820655818,0.51091343882447
3.24395646935483,0.853418682512828
4.1109166974763,-0.0436689700942101
3.67326654610467,-0.105528832801452
3.13841507587267,0.83442274118262
2.23912079966455,1.89141425735926
2.97616587771905,0.938275269977825
3.56622083660813,-0.132395657391697
3.77253913532125,-0.355319372795344
3.43759662211761,0.573284797710256
3.160263221238,0.603225124117716
3.61959652954714,0.403962574256333
3.32606005067144,0.279838649864697
3.53811356674089,0.383896580852654
3.652086957709,-0.34682434022478
3.4832379584886,0.262269235672533
3.40915581780672,0.295429088203638
3.64238440270623,0.466924414103044
3.54859324462834,0.254145400003414
2.16625179411619,1.73704815813225
3.43097451003288,0.388815109184729
2.62431292427472,1.35666361584487
4.76011173090047,-0.71927311331626
2.85895389796994,0.886124189489632
3.15015375025028,0.717882255999062
4.78162430750844,-1.30084437539495
3.01653145462616,0.939257501777262
4.64605454783044,-0.974212688987908
4.21005986163142,-0.54248857502772
3.40268647659529,0.773597871902988
3.01115027003734,0.708005675098297
3.50000731339695,0.561752207661913
4.35660268307138,0.131547676832125
3.3192590938223,0.81873071945196
4.13114511357316,0.0195191939897257
3.64781006295101,0.0747652971882509
3.95409817933908,0.28434646529931
3.78112899182764,0.108632315671569
2.99259833683459,0.702240719797814
4.29152302246942,-0.0546997741610584
3.08127153422097,0.8531171775036
3.20445327127744,0.412336592387238
3.49528509244918,0.647926148848903
3.47848764523329,0.493821090453149
3.2688100726093,0.71364707554537
3.53753486998092,0.833090479625307
3.22988120893703,0.640199290579268
2.98460755748289,1.05625163550636
3.25451832944572,0.625212792480725
3.80763402925558,0.396828053904633
3.4354417074441,0.060569301959767
3.2821702256608,0.699315405332006
3.83401764025914,0.773993399214685
2.186631478467,2.05712285696766
3.23964406669541,0.570478859653387
3.12680019699969,0.718614897431196
3.60049629546479,0.476209884113915
3.27858508785668,0.738506471573322
4.07522438603816,0.0356153286092034
3.01930201601334,0.868077541390704
2.80177993349908,1.34195756462987
3.29544486081308,0.888314136093664
2.59976866741922,1.51102110648847
2.57556549543647,1.72782883508918
2.84552875451886,1.30118926222872
3.5498198234223,0.669432892199406
3.28468436344898,0.834967330302705
3.2003157892734,0.660674281480555
3.31786199879247,0.405822176089777
4.50380419389619,-0.804929779645008
3.67548387536896,0.777897635828723
3.06167259155257,0.897356144755208
3.26274317753748,0.381674065934884
3.59871506210299,0.0634367510131358
4.37731778036055,-0.00707636923658655
3.5565111689949,0.26409160962364
3.159347717051,0.75620501744682
3.91832872468989,0.146645502965666
3.29379900523988,0.53121365629495
3.53313394376648,1.05000975055888
3.99895649634456,-0.190393233036485
3.75396987520062,0.0672123371129388
3.5608371856872,0.535500732275469
3.15337993641058,0.798888012916863
4.11574823199307,-0.329178518694283
3.75645699320488,0.788752924033091
4.1832804057204,-0.116561815227956
3.61596411187505,0.437589444911431
4.25203421291525,-0.151155866016704
3.15782856423312,0.985518458372244
2.89434299496962,1.11107635805122
2.65145577896752,1.65356107572198
3.10996237821029,1.05793093443807
3.07968879188847,0.555406235170284
2.23816969665643,2.31448900780345
3.1475501861251,1.04681618473102
3.28089073291441,0.576046321066101
3.52237575050582,0.342022300159777
2.37705758289525,1.74530205088851
3.06435814938681,1.21118984286865
3.29091135409184,0.550622212886316
3.92975052204715,-0.290994250224871
3.54945895002059,0.627213725037635
3.38339467002334,0.973538981339144
3.86636892856139,-0.058249079235493
3.98868945885287,0.105561202582133
3.5171269603849,0.79928871688148
3.52544225323361,0.561036590523936
3.9765840847451,0.292363063778186
3.99757713931318,-0.339940542971971
3.71800111777115,0.626943081232285
3.68982650381533,0.255370703404339
3.47067789798533,0.117645174144087
3.72418760938106,0.072164117621026
3.63529626540192,0.141942549908995
3.79459036177897,0.284279074257948
3.85123309798803,0.441112161486284
3.88009801633918,0.491701944456109
2.76762182039443,1.30332885804276
3.88172273525744,0.157015590224776
2.56174075601092,1.69317035933938
3.61936529716806,0.674004087411501
2.30621494429714,2.27794583251156
4.31099481481301,0.248008982085562
3.72748844289788,0.530379562891616
3.22173862628665,0.802756436576527
4.4484066956679,-0.167476662760797
4.31424935272511,-0.366485820371775
3.52651105234829,0.557878312760902
3.39620443099728,1.06891192356644
4.1669033170673,-0.250090352050527
3.78615620418781,0.306886187295986
4.16270496543347,-0.136536641943785
4.49728431440346,-0.354406219913033
3.79011808833865,0.14612289533006
3.58288328182999,0.330708286977775
4.52645432767803,-0.58491667214803
4.47129775649256,0.150205427666979
3.65563865359049,0.3705796405776
3.2304114839175,0.885052212991081
2.99851781970789,1.23261909132738
3.08532767843447,1.16254981651655
3.03794375326179,1.13331616835475
3.73428134722746,0.349001413609796
3.63557017250684,0.587329155988435
3.85836300155641,0.499377504956307
3.33642343176257,0.875474357360857
3.72702384286232,0.878184479864897
2.92124436751519,1.13641499761886
3.53724014252538,0.670045063260527
3.46387645074892,0.851788477469269
3.5600817776819,0.449118635829514
3.72153035216879,0.422976275263875
4.18891130908284,-0.176177911280204
4.50664553023497,-0.172464364956342
3.79319592680707,0.362111611482803
3.23687024152247,0.784791137356934
3.79791057764364,0.607905565266534
4.1604189748404,0.208390499500208
4.16827691191974,-0.122224721780761
5.4904857697563,-1.69711481039528
3.65228586291976,0.447839905459132
3.75030493632757,0.219936426336894
3.25580306961242,0.790065057378263
4.13423421713318,-0.312069705713046
3.12204212906273,1.55885254074009
3.08664331140366,1.02340410002416
4.40453048561648,-0.505675003197809
3.23936518761133,1.10097780123403
5.2423339802833,-0.824141924071677
4.09013620477602,0.357519824525784
3.52406809763783,0.787264430659245
4.14927428848384,-0.703670372871707
3.69624575982897,0.556251931571259
3.96977098065373,0.742097371858941
3.87108201752,0.381853963601742
3.88800094898806,0.861701160066952
3.26093810460825,1.16494733778586
3.11748617637131,1.23170261748413
3.33803533039175,0.967807421247349
3.43585696291592,0.851956711404833
3.87716290451502,0.813718942643848
3.87101914043878,0.0460060395304477
3.26156863619513,1.1779204161891
3.73933954242396,0.277695423877789
3.47890213941315,0.733017282710282
4.85609772354227,-0.326019116973515
3.9892117619297,0.00668996878006355
3.87629429439759,0.396038368038928
3.09648924171123,1.18722897816947
4.6541157298445,-0.042837775705415
3.19282945481069,0.84620561036939
3.97537651321237,0.442950544472857
3.15519103731301,1.15086302029237
4.23376475511828,-0.0881531876472265
3.596732028042,0.787047921984322
4.34637215736221,-0.0684923449456303
3.32715082163767,0.783447421419295
3.58667610398774,1.00805197640067
3.76104123573935,0.557711176068801
3.26202838310733,1.14890630858715
4.2038039332573,-0.196704852959749
3.61103959652526,0.680342163172122
3.49900607343924,0.706847686131349
3.86319444429982,0.534266471571917
3.73569373855578,1.23407410742064
3.41853994241285,0.667647608661997
3.46120920317835,1.24396547782768
4.2299872594849,0.0352764967241324
3.88898917736734,0.624847602640719
3.92375675382611,0.307062626383131
3.43844778380416,0.962381647048218
2.54810297272138,1.96719743069142
3.76444310049486,0.590863640696569
3.67168081262733,0.752683817263448
3.25560731169194,1.21907653403708
4.39466660558997,0.0165818134067261
3.36423776849067,1.14305263686424
4.31121696159993,-0.0141032758204014
3.26832636536094,0.699727396281591
4.53689042465396,0.131261377906266
2.83693905946293,1.40659509370274
3.05485260585253,1.56841118727146
3.22613222820998,0.951982195085492
4.05906906069841,-0.0612109075200351
3.73855063314883,0.266205116183087
5.06857845117527,-0.444085780550159
4.61774791362454,-0.402479768047756
3.60426293962348,0.191235120513949
3.24991832734264,1.3304731059573
3.57168993299586,1.21571413989931
3.55636339107712,0.991799101919549
4.60426967949355,-0.484171279667794
3.0333044836336,1.59254843683343
4.42082767899623,-0.017317210619606
4.13640670351962,0.204512198025974
4.83228831725788,-0.311778094970834
4.12758258870075,0.665227391370311
3.33431732914568,1.46263480376785
2.66332715229119,2.00429112686074
3.19432351326472,1.24002521022999
2.18585379625175,2.60751167496115
3.82931730491256,1.15316858114749
3.89608964551005,0.428439468209286
4.13361172674776,0.308618110987924
3.51079906786416,1.26373819836721
3.47473049302923,1.13883555346506
3.92874767550059,0.56652238334928
3.18713231469084,1.27169700561944
4.09407976394983,0.469051634671376
3.12059012149201,1.54947497581584
4.03079568338734,0.459440257722737
3.2271130631845,1.11400850723225
4.60878495832671,-0.505152842939087
3.60517322558158,0.877133694980782
3.10736831542368,1.54926797269006
3.09604999730365,1.42928645114715
4.11438301071111,0.26825550574976
5.63465080831926,-0.608296561966171
4.3660444279908,0.337958139089873
4.12955183373788,0.401098199666753
4.21934599648353,-0.265808579481135
4.83065087026189,0.04675340482423
3.54496915447261,1.00936002035644
3.25903224795219,1.2831936673684
3.68292192485332,0.811502222266293
3.73230766096863,0.890091972151901
4.36152093245709,0.0773915517121896
3.24571501142622,1.2314224907963
4.53509461659658,-0.133354590317884
3.92175318997551,0.331630256786842
3.64950985904605,1.07801665801633
3.57531721465353,1.14013536396692
3.74027778688127,0.617122654572021
4.06705153421141,-0.0442050494277359
5.11225547720318,-0.133246242663189
4.7385490800123,0.00646873767328171
3.63427767336171,1.15168261634961
4.02154322148627,0.426051087576553
3.23670172847553,1.18749681845465
3.94968686514433,0.356003604306482
3.33732167178265,1.4421644032353
3.53732752531228,1.15776008657558
3.87339945655408,0.796946934920054
3.97173489218748,0.456235546144225
5.3520831453991,-0.585804076632244
2.90697597797519,2.00518377687869
4.12956333826435,0.228461304548801
3.73302232041015,0.717482208497613
4.18407911924426,0.607016283759175
4.11520090735305,0.284483379234274
4.45161336667784,0.173969762671207
3.50744663014611,0.905781453895103
3.41725206853945,1.46759824438547
4.21373478050102,0.0120725058504898
4.71784016957063,-0.0471002786240668
3.00361861105871,1.94108188149489
4.7500185773638,-0.170654182196925
4.40518382690253,-0.0137059398457215
4.96916325880975,-0.0588398269560574
3.53181071760063,1.14920497810865
3.9067976408151,0.586165301527838
4.18968170211868,0.347792081225702
3.26768420718815,1.47891986051277
4.57604309479388,0.417467079038422
3.14214186076465,1.73672767433798
4.47012271390596,0.861755163317233
5.86026070612891,-1.13390761840084
3.62679076379445,1.13545690796898
4.39103796509075,-0.098014906382
4.33609982869855,0.38017755338826
4.52383167733526,-0.151950469193806
3.65611188943521,0.932797910282413
3.56076728924374,1.23589361533906
4.62304607383673,-0.0818948579692406
3.86216637571938,0.500885391838218
4.27355274458096,0.739567771903224
3.11602147892664,1.73495819763775
4.38258485664739,0.348430333760432
4.36355191008455,0.503755287254178
4.09050182228643,0.625974557225697
3.79770257741839,1.50128291002235
3.99046821640604,0.696816076040978
3.30206123456747,1.40295187605178
3.48999371348209,1.33407664138972
3.52394062479148,1.41379940758948
4.66343994592088,0.127937910029801
3.25269791683175,1.83853076680561
4.23166166814354,0.232923856678693
5.38803281260949,-0.625570738868368
4.56952161072303,0.128701864628451
4.67420576487786,0.57259730626509
3.45495020404299,1.68868618657814
5.11669410705937,-0.522661747456393
3.63864553125432,1.15703628813178
4.36144340923017,0.443362375562543
3.82826153361244,1.04311711354838
3.82019243206629,1.33314350643521
4.41981602168051,0.305050138804666
2.39919962322742,2.79696126069533
3.58376870131009,1.58461041660467
3.58698040327408,1.5318328002094
3.14494517991616,1.87462861455416
3.85421431826764,0.410410012130038
3.10740151647161,1.85107127267171
3.51801557778779,1.52454107913186
4.44680219527906,-0.131557381966308
3.71375164875647,1.16374712782346
3.92061979854796,0.942117569627767
4.09131347977892,0.98331161663801
4.38603369988624,0.121846706774851
5.45526830986793,-0.931358176046369
4.38209943593959,0.658117312931368
4.10427570575226,0.933895550147548
3.10442728360026,1.93678124345769
3.89687710238016,1.17620874406972
4.15559305317284,0.918110272911146
4.73412700500673,0.353991323278679
4.10792474274024,0.826362179801607
4.84402329914293,0.0648843299223423
3.85725542402943,1.3275434562281
3.92367365056503,0.907194289640523
3.84658279916039,1.36435400270413
3.9360095976646,1.36683724928409
4.48142638227271,0.612198230296905
4.82749510815187,0.00919506671750062
4.44237845493573,0.518925743731934
5.07786149753806,0.00713129251716138
4.36385147251181,0.586366662070217
3.68430911608813,1.38619466574821
3.436933114477,1.66529701192737
5.43871757576204,-0.429348510346838
3.97571290284534,0.997492141768125
4.69716211109059,0.860574270188144
4.75650100166857,0.581178777330207
4.29563395163656,0.950506286156639
3.96479596305636,1.18363672976534
3.91181575770508,1.26757148814085
5.00698107399315,-0.0398538381029241
4.1393484850778,1.05434420505459
3.47949449613266,1.71529326083996
4.62499287145392,0.370373914177682
3.4020440659735,1.89340334096201
3.7103571546757,1.18423572357889
3.81423295910196,1.79282527053925
4.45828299475028,1.60847178673066
4.31537035853112,0.768651600463114
3.58039775903825,2.07926603934114
4.69712335174003,0.0280183850530196
3.45707030971019,1.84169033290985
5.23472991489572,0.229707851654481
4.29104120577842,0.786336366028817
4.47397882427141,1.00316366922661
5.74836361763183,0.452570512229639
4.55555740908724,0.559014432023421
4.7128494440947,0.800307654463351
3.76163690681186,2.10553659259378
3.8908650901358,1.57092977789683
4.48833049290539,0.672779408809234
4.66639834246082,0.52421659141287
3.33096205430503,2.10926478955725
4.04400086632796,1.60013923428224
4.96309348671982,0.259278431755836
5.42584022800652,0.236425500436727
4.6000010543519,0.858967970112504
3.44626624713409,1.94501322522215
4.24826773362055,1.04749839571536
5.0953792029905,0.244678247331813
3.66245354374912,1.53983568101569
4.7615758736245,1.13454766991
3.70307122446158,1.73109026667966
3.28627621751791,2.13351778942673
4.05164993577823,1.4045279529829
4.50066042074824,0.757466852620769
3.4647357411361,2.16899804186165
5.20373224597242,0.785443556878717
4.97844191592907,0.991489362800893
3.5179467728993,2.27491144599549
4.25445764476402,1.25991143159624
4.35344299258182,0.890787475488051
5.37035120757116,-0.0440015074344409
4.91696161744125,0.58906690579926
4.2934700935467,0.86264207964533
3.44196116738259,2.40824058492778
4.33922550558048,0.802271166736774
4.44701446378792,1.21830387744952
5.75569620274737,-0.00397534866029448
5.20327951239711,1.01685139902194
4.9591095009967,0.895637013030265
4.29789364398478,1.54988961993675
4.30657411880806,1.17000400096646
4.50565051998445,0.958567972379949
4.56904496358249,1.12424764002467
4.24822899174496,1.40271108029261
5.15568682139566,0.376746346957958
4.09800545681964,1.52070533655526
4.37536664042099,1.41427292791384
4.88580616401225,0.983103038659406
4.34295664544539,1.21486555720646
4.62985866508837,0.828829226639551
4.53981079844511,1.0853408732779
3.91610771740969,2.10821460910397
4.09401996593177,1.57532313033123
5.60492117643872,0.180336840719329
4.94055381424086,0.963453283227119
4.6087281178297,1.35919851839762
4.573514537488,1.31583735345176
5.0177162854937,0.831360053499398
4.81550846369352,1.03343158765702
4.4342356796944,1.68403942942399
4.01597005108871,2.07709835617755
5.43868917898442,1.21616719585473
4.6767153170168,1.21430255012586
4.02733207331954,1.97434814383171
4.80467195999266,1.11202574355043
7.2011019829181,-0.49272516190375
4.71673198465791,1.06938872472652
5.33629147683533,1.28570532907026
5.1545400392261,1.27239482509837
4.75341150920097,1.41664131743087
4.42128160999508,1.99439185276227
5.13633166941442,1.55152777117271
4.32750353033385,2.29172442732628
4.91909880021092,1.7256260110208
5.49391951114333,1.46849345968645
4.34593129375587,2.45917591541131
4.60102355425393,2.27503547268107
5.05139517992129,1.40362452214507
6.01370735279905,1.05528502562521
5.49631034204418,1.76341797493519
5.26356559262186,2.62440062470456
6.33015138770156,1.27248277223636
-0.000786841237272129,-3.98998791853357
0.301326790689626,-3.41211019979166
-0.0438598341516219,-3.09367451195754
-0.652778296839349,-2.57006294881405
-0.652778296839349,-2.57006294881405
-1.61080241488599,-1.50520031366654
-0.0928965527812752,-3.2769374771601
-0.633789350198928,-2.465493295858
-0.633789350198928,-2.465493295858
-1.27759039458596,-1.82269606956197
-1.28874553892842,-1.52170055754977
1.11230807429383,-4.96815352454797
1.03338557688577,-4.49349236342053
-0.337318781847418,-2.96949945780934
0.162146183593253,-3.40589106824362
-1.0602618092828,-2.04450871688911
0.67024671638731,-4.04579632035268
-0.730690597692836,-1.92168036632269
-0.208087434994947,-2.13066494710752
0.239036976292072,-3.4618634994492
0.897698258862601,-4.08044956193176
0.768147951758023,-3.6714374363174
-1.72734249565508,-0.904542330599188
0.20330506966796,-3.3165223397511
-0.272629029798781,-2.54360872186635
0.372085697228607,-3.18219415794768
-0.191850189371885,-2.88305900853869
0.478456701877988,-4.02720319501539
-1.27156466468374,-0.928105297964379
0.70986263046512,-3.62390819923173
0.426030161610008,-3.27054991062175
0.681709547702644,-3.79608935229126
0.386330539076999,-3.3375195142501
0.700346405175137,-2.93727546418604
1.01471721525997,-4.48688045305956
0.701316630146321,-3.87180621928539
0.43750858933375,-3.28816696307778
1.80471605037434,-3.45734637245728
-0.951139198912326,-1.44842821574925
-0.806981467726987,-1.63529954187728
0.775367073496567,-3.60817147411985
1.51392749064462,-4.78948736024994
0.143594535989973,-3.11374765316511
2.14929005941206,-4.78770446859403
-0.160578703429356,-1.96006219275729
0.517976994997366,-2.83544652528712
0.217469915670767,-2.72519604491928
0.217469915670767,-2.72519604491928
0.331012268504699,-2.68746721303606
0.873987036445074,-3.98599702922565
0.882470270342885,-4.14567878366507
0.564651440405714,-2.56763197843246
1.72407631466878,-4.53793383807156
1.72407631466878,-4.53793383807156
0.740743884064562,-3.81789683988018
-0.849411424967772,-1.17925449165805
2.25225823812283,-4.76761207733073
0.688790386375289,-3.5077135703951
0.887308298699431,-3.28663076293211
1.0376802636297,-3.26523460892064
0.0536442873214808,-2.40818325082626
1.00956398425821,-3.94668957833741
1.98720931784886,-4.61923748698195
0.320832247792914,-2.28435808921448
1.26506763414708,-3.98109976643946
-0.0057725874955068,-1.91075448029702
1.16486437755518,-3.43678463874315
1.3056989929543,-4.01078373321547
1.80372486291879,-4.9476871285452
0.594261775262054,-3.1142805932524
2.24121689093871,-5.26743882690501
0.860900253021568,-3.02323569465578
0.664430314732633,-2.17561988018646
1.6761180006854,-4.28250413325869
0.590462243066942,-3.41986234842116
1.90101321873824,-3.70232693648269
0.526231552387927,-3.21695806344655
0.994935864790737,-3.27381416603297
1.53409109404915,-3.37322709972596
0.963665757129603,-3.32953991452642
2.11466275263586,-3.67937989499603
0.486281658141477,-3.11752888994062
0.541525161734264,-3.01040549198313
1.43272738256708,-4.29174637132377
1.41832561483769,-4.1487653126077
1.27445529805774,-3.73282989982057
1.1148994607473,-3.8348787291316
0.739660385654215,-3.37227969896616
2.05684260860164,-4.9878044793542
1.28876714514343,-3.92195057069231
1.40150969816213,-4.17902381848767
1.57972447846149,-4.28286934670525
1.65542767370577,-4.16207917265415
1.2753404727332,-4.08555742141881
1.10912420364907,-3.68829601236896
0.620323574279512,-2.78098817066751
1.59355766281485,-4.12567543070573
1.6468802332083,-3.51858890318322
1.6468802332083,-3.51858890318322
1.4435896065724,-4.31526830586735
1.74747512897022,-4.56037863700305
1.02925265557541,-3.68934248352447
1.37854897438721,-3.90592086632522
0.457251394626273,-2.42870784795051
0.270976982616625,-2.1068241899564
0.374839939152988,-2.39050040118019
2.22322664415104,-2.91128596441266
1.52204574677488,-4.00064471366653
1.83489329148579,-4.66423393966635
0.987813791093981,-3.41967304219874
0.875159338124444,-3.08614476140203
1.1975553316182,-3.24350932622849
0.820824607951121,-3.22992338757756
1.07608227554206,-3.4007618785576
0.741154884439836,-3.06862779115679
-1.6765065337726,0.543353027466827
1.45077979932377,-3.67606103665116
0.617824195632101,-2.67825108045894
1.2765675148585,-3.71456282844884
1.02548780231387,-2.9902444328982
0.835140028706411,-2.95749508115778
1.90156714819842,-4.26267698544069
1.90156714819842,-4.26267698544069
1.62373364660766,-4.04847675921735
2.23228626696778,-4.68996018537446
-0.361570947278495,-1.42501460534588
0.26407589429373,-2.12090664006367
2.92802125072217,-5.2226532383493
1.94793727791882,-3.94078475645951
1.24289534312932,-3.2075403071922
1.24289534312932,-3.2075403071922
0.998917107928818,-2.49622172547431
0.860714845560059,-2.73594488108177
1.51509858536082,-3.75518047926238
1.53174691609847,-3.37404462773009
1.59000072094104,-3.21729976715653
1.15119650286057,-2.9120569960673
2.05218307795221,-4.87350897233387
2.05218307795221,-4.87350897233387
0.907406964145448,-3.08655412684853
0.602210426812663,-2.60012559062843
1.09611873029971,-3.11345410744621
0.928692759358435,-2.58529454295101
-0.350856946224007,-1.0193294633967
1.69527595627748,-3.49943192647741
0.295657200693843,-1.58924287243064
1.84718232594056,-4.04421466289645
1.60998432576415,-3.36639800931583
2.07682703736385,-4.54349752783918
-0.624313388036906,-0.70106812937771
0.616914881252407,-2.34546969008356
1.61912487876181,-4.07359328769785
1.34517508113981,-3.62684931757068
3.96770020669235,-5.75160627090423
1.76679705579406,-3.97091242604788
0.95824444351492,-2.72909171884646
2.18273072625516,-4.19853948189112
1.33271379091221,-3.25015175610505
1.33271379091221,-3.25015175610505
1.99741512745096,-4.26735099367241
1.20526014465377,-3.06751026592647
2.04213369338966,-3.65988601609373
1.02850078112506,-2.28772281235792
0.456330292107216,-1.76667662104859
2.19235941952942,-4.59320619104482
1.72731430132644,-4.06904861022844
1.66037642051374,-4.09510220761773
0.954641813902754,-2.72912252043712
2.01176823083864,-4.1773777610958
3.01263427531037,-5.3977599498389
1.39447013740761,-2.92024080703983
3.61750687835222,-5.23879907807853
1.80403139895969,-3.97814208125978
1.07220845187839,-2.54286526416812
1.04005530267608,-2.50831795429319
1.81703397076976,-3.98389870671161
1.88276026774626,-3.91795338646638
1.82483517280832,-3.71829724939635
1.82483517280832,-3.71829724939635
1.67193078055862,-3.64730614064228
1.53200667452029,-3.14466999729923
1.43094312561766,-3.03061681722579
1.43094312561766,-3.03061681722579
2.05701565223521,-4.1155869071413
1.06656754659964,-3.11167325361931
-1.19898673956785,0.243924091128071
1.93170781235995,-3.87893633775352
2.51700874745921,-4.59423259165828
1.78634832785737,-4.18603834959892
1.44291553797001,-3.5650368032872
1.9250845558503,-3.94777399337668
0.930104360055721,-2.19493929793345
1.56852788084016,-3.54612999050592
1.32968002618204,-2.52553240355671
1.2001060196409,-2.80384922859459
1.19138772397731,-2.89929888157892
1.11788410820954,-2.16393157171797
1.9555409640917,-3.97365098164467
0.902748657171486,-2.18682749583443
1.33728439426476,-2.91653272138423
1.28626315763765,-3.23559412570343
1.58569800066182,-3.48981576075666
2.02366440737166,-4.56180965004665
2.07966995258003,-4.5619502601184
1.01969795707439,-2.46168599760002
2.24227803265459,-4.09916876922625
1.41424125842768,-3.06849474445791
1.23774497380704,-3.3424032718989
2.56905504621629,-4.58513885681461
2.59531591953713,-4.42290578231899
2.13538391917148,-4.04464050098426
1.48680874937688,-3.30202579060475
1.93838816839856,-2.64027374074313
2.08872542057806,-4.37706279354834
2.08872542057806,-4.37706279354834
0.167737686766208,-1.31047693304057
1.61012175835992,-3.38731152205791
2.32575277015676,-4.59797597765898
1.98973285742521,-4.18677502294878
1.12048940114713,-2.88039331076563
1.12048940114713,-2.88039331076563
2.01163251250077,-4.13939720363051
0.395876504488756,-1.76655120528048
2.70096775433786,-3.60706976313627
1.71992012863311,-3.20947383178565
4.2734766241453,-5.98322897841305
1.04726900407195,-2.1710010914853
1.64128006919892,-3.50793724186318
2.01098224933847,-4.06160502873243
2.44721244968161,-4.41900337824633
0.818495533786944,-2.15483976158314
2.49132503671093,-4.34000441680685
2.24900729262175,-3.88231571634334
1.9032368217909,-3.8702138282854
1.7853300032637,-3.4106968351503
2.52916511548535,-4.21452548098782
1.03271679717518,-2.91984674993457
2.09331442548825,-3.69704252426788
3.97431149440068,-4.83866787134807
2.56520267905266,-4.20777246966885
1.71043971776511,-3.53604595931316
1.29167567778767,-3.29714297914405
0.96905014388864,-2.35887946890375
2.71926308322065,-4.99896244673115
2.22027497294669,-4.37189952445514
1.90040063674925,-3.78727133757739
1.44069319670987,-2.86399554835506
1.59254396658713,-3.12984879521279
1.54297920799259,-3.47317984400063
2.05676181862859,-4.11902947535202
1.97389814343707,-4.1882749380238
2.32214536771634,-3.82748513675934
1.94805466718304,-3.29582326214238
1.42707565514522,-2.63867828265708
1.61912030638047,-3.24879334242431
1.61912030638047,-3.24879334242431
4.2464407232206,-4.02917946796279
1.59117682516372,-3.33816784897893
2.1349048237987,-4.26333199493522
2.11159738582619,-4.13116782399091
1.85857333022617,-3.0617373590761
1.68823530425478,-2.86098459108636
1.41608829638424,-2.56456516468842
1.56592108178461,-2.90225544967759
1.44546541198952,-3.05057416148927
2.15856855458886,-4.20960839803606
2.09613019798195,-3.75003675155144
2.04817842418906,-4.00512475902859
1.66193349166479,-2.78514064582618
1.54087538159821,-2.65995799105567
1.54138448418391,-2.73179692747274
1.49445573298623,-3.30028153523164
1.02848208419494,-2.36542637868858
0.632150188832683,-1.69953232720748
1.49593267444287,-3.05148465714246
2.47084237679663,-3.61784872333032
1.56031010231312,-3.06172803897999
1.4788960520729,-3.26345576598113
1.69105934113907,-3.0606366542492
1.88082197132799,-3.59125394043647
2.47849239514591,-3.33706954401745
1.76095655199169,-3.1345902855922
1.95707059080278,-3.16490092222939
1.37812624393276,-2.52211116170741
2.83186457456555,-4.25295005613574
1.13692429017982,-2.2436888066853
1.71785789255031,-3.24584838271148
1.95877051957159,-3.66711805965617
1.18792169603848,-2.85623501675623
2.02659286691026,-3.11722495064434
1.75449136726569,-3.09111063844855
2.11406778775502,-3.36142429151616
1.11075791301363,-2.22994651526091
1.245861568416,-2.64067325400538
2.35360889268798,-3.56315003330835
1.58437180997477,-2.99523678549
2.16067940384251,-3.76662463375269
1.8155377123656,-3.04806176637476
2.24796288432431,-3.64284852972116
2.11177578284576,-3.44680406376586
1.02690753120334,-2.09725056326661
1.87313208614437,-3.55703085082805
3.85952329956362,-4.92818754881136
2.02505868463357,-3.73468871130818
2.41528918543232,-4.32981383105338
1.3792288717166,-2.58556322074527
1.83551093179316,-3.26113660426073
1.83551093179316,-3.26113660426073
2.27084758879188,-3.8129487941264
1.26136417671229,-2.57287023690901
2.51630702903983,-3.37691633675023
1.37668387060961,-2.59811336926758
1.37668387060961,-2.59811336926758
2.42257020762821,-4.25219392791881
2.07959575879979,-2.75037909461169
2.34341401954684,-4.25072049828901
1.61444499163152,-2.72304411126288
2.68776252303972,-4.10083067313865
1.38046006145636,-2.24301681974058
1.74350654321428,-3.22403472714417
1.74350654321428,-3.22403472714417
1.50280749093037,-2.47317688446009
0.952429721563376,-2.07461655555046
2.21608950819265,-3.21578128629946
2.42360392611356,-4.17330239286364
1.94058371678663,-3.13712593722687
1.69249693657225,-2.9585941904972
1.74163864094729,-3.19583971051767
1.61799247562011,-3.05635812667585
2.05961940176784,-3.83332484184956
2.98721734500463,-4.47939373766576
3.06898350971276,-4.83014889571415
1.50641197315241,-2.37946336498714
2.26391183789456,-3.59681933177923
2.22931064563577,-3.49862939054599
2.5039915462235,-4.33220716588139
2.46991569221108,-4.2822153488796
2.46991569221108,-4.2822153488796
2.40144094283954,-2.83537060520127
1.95298116758726,-2.82234257261768
1.54207190007251,-3.0027508233228
1.54207190007251,-3.0027508233228
2.01850260726976,-3.52299507388096
3.12278385896382,-3.65180248392194
1.11367649067082,-2.69673941667989
3.11261120401472,-3.80107343122412
3.01175174585065,-4.58682515249263
2.09168403400662,-3.91962600945376
1.72454453775956,-3.24796039722812
4.18186229911417,-5.55134944436859
1.74013607023111,-3.06013912918882
2.38273895321975,-3.74136968241828
2.12049761416928,-3.50336392161945
1.2831760777145,-2.52484921026302
2.07364877246154,-3.98567544176703
0.816514761612359,-1.50506843258612
0.900967703405826,-1.49512591153345
1.54373237604822,-2.52764712629175
2.15460234017252,-3.37510157499569
1.77863596784897,-3.61814725629448
2.51874199952993,-4.41485478903821
2.24777174150595,-3.60140670022644
1.40941612017423,-2.53654004862842
2.31753602875117,-3.93694919711333
2.56705580665369,-4.39840896578878
1.99872156687845,-3.68712556416518
2.19764323216703,-3.9038784486843
2.47333481563087,-3.66580098150237
1.65357569913986,-2.39077189870316
2.59567552132398,-1.76534497683123
4.49639774920571,-4.16157982287523
1.48493933222043,-2.41663531125286
1.60918779215023,-2.80247552591252
2.70931094021203,-4.65557166700275
2.91374720255969,-4.17312899631393
0.930221566539083,-1.74287029049118
1.16448646739691,-2.541707318391
1.61505218485233,-3.1457967138077
1.66245599546214,-2.59970742038996
1.66496493993652,-3.04162611602689
1.47790947458461,-2.60871931043568
1.61009186064848,-2.69529585516406
1.58818632788431,-2.68290455081378
2.12016642350831,-3.83592797429708
1.21978584500052,-2.11698716378503
2.23897881757553,-3.55232661982423
1.60016576853291,-2.61324412714392
2.67752912330457,-4.18575533831178
1.80379507440893,-3.02972096632532
1.94955266831367,-3.1522137351806
1.41152341642045,-2.90215618844304
1.42025229544705,-2.35071212974619
1.52445116189952,-2.2875157578943
2.07931126787328,-3.73224370879435
2.59173558960976,-4.01272540301319
1.99008239428011,-3.13321192112482
1.7099778279395,-2.95553315213259
2.83837054221328,-4.12739934313396
1.5416875358239,-2.68477988314507
1.72563367231584,-2.0706382164577
3.53298370423161,-3.5117663105363
1.99664641479525,-3.46604671669392
2.03472434989193,-2.95912850431599
2.1934080654029,-3.87378453301474
2.07340471608965,-3.18892933960281
1.97406727457015,-3.76560514274833
1.67766217848357,-2.53558406927151
1.39815881782161,-2.77744458574986
2.31130381811416,-3.34790757353293
1.50545443659009,-2.66998514218872
1.34058600199552,-2.24128452066534
2.42181874761668,-3.98832738239705
1.90644437644866,-3.28715099047106
2.53512531911537,-2.96801403396421
2.09919943026726,-2.47760585276316
1.79178890360654,-2.9529089042
2.12509678768842,-3.27226376633418
2.12566380837772,-3.5239786583602
2.02927012821072,-3.52300660265422
1.67116953029257,-2.38363076946209
3.07044872581632,-4.53839167969124
1.75123453088093,-2.93508253804186
2.0188820687274,-3.06971054233947
2.07285520476433,-3.1839355374531
0.894672556030536,-1.47469395671366
2.10811138858431,-3.74187939161871
2.262799223951,-2.99359266251139
1.72129786200457,-2.82887982443435
0.911146991612034,-1.40206407746621
1.92456982388382,-1.67344678731324
2.11464669710098,-3.6177367900509
1.57205902174758,-2.87796494992866
2.91466448912783,-5.02711325003266
1.98762142122876,-3.63424070333579
1.99053060889235,-2.86903577989846
1.92582303346233,-3.27160833747799
1.78016401185551,-2.47054041118586
1.41139682123543,-2.38833467686957
1.41139682123543,-2.38833467686957
3.70572419622834,-4.50210976677548
1.80932567766072,-2.78467927696678
2.21770221776971,-3.73824093262334
1.88236632141215,-2.68402784772527
1.59851153031804,-2.73433560096896
1.71464613598646,-3.16358683364618
0.46024182359355,-1.28737339666545
2.30032592003973,-3.97472483575577
2.14921558845458,-3.59204024579047
3.44487712834868,-5.16588441984477
1.85280185338024,-3.31987934151266
3.45065358345011,-4.50483675477182
2.45876300940128,-4.04877118711174
2.08339407483812,-3.21968008513257
2.55241270478902,-4.2629623501298
1.49296811214312,-2.8803389625691
1.40940145831619,-2.08384679245696
2.44597683091605,-3.71889875503461
2.94270714195182,-4.29103605536722
2.94270714195182,-4.29103605536722
1.70567962925715,-2.61954599989556
1.64471202176905,-2.12523224367284
2.82877451645653,-4.63660177095204
1.89237590948553,-3.18380393059729
2.87317944056726,-4.11170866759882
1.846920549571,-2.96129721073011
1.05431740239208,-1.33310127324903
2.02579144040192,-2.80430316027875
1.71807006393172,-2.74716077453019
2.30574236102034,-3.66019001394734
2.30913537963028,-3.95907506796145
2.44094965104263,-3.39839839327551
1.74452615073263,-3.07344860416568
2.29230164470294,-3.33908579451759
1.82282301312615,-2.81817628258533
2.05997457232952,-3.21386202097576
1.73826398439091,-2.99815466760967
1.82096324206093,-3.14805903851428
1.60660059059826,-2.39404537919132
2.0782657870014,-3.53120288278191
1.66366414104719,-2.66281937271861
2.55541611848734,-4.38604586618242
2.57004051700903,-4.11694515158366
1.94968724649627,-3.43437846424842
1.96563164751762,-3.21716758377436
1.91503934809902,-3.12053268521021
2.5114261818894,-3.47495125268057
2.07730341998981,-3.22064841756804
3.491379865362,-3.0472861928963
1.85999194509992,-2.91449621841387
1.78853070336838,-3.05566985787534
2.19704173805242,-3.14853102041019
1.74888854466874,-2.61330985503179
1.68714671885168,-2.52025820513123
2.24540203513979,-3.86927113551353
2.54928684692033,-2.99853582679535
2.5951935400339,-4.2413115881951
1.87607235553367,-3.12279207274876
2.6396893631743,-3.62967046680926
2.59088122360777,-4.10496915068804
1.77103069952853,-2.96678436320298
2.63456759085983,-4.09303585093129
2.54009429731889,-3.52280251795163
2.27497096052822,-3.75043915807786
1.54635908369219,-2.45028646283979
2.52472285765127,-3.70381321161911
2.35564827307028,-3.8663584535752
1.69943878949978,-2.9821154761087
2.75348466073232,-4.0929700089784
2.50289834015316,-3.55359174478603
1.79120369519665,-2.70612304717378
1.0775079270435,-1.69226075982688
2.48754102356225,-3.49112531062699
1.90750182349726,-2.56260789726124
2.1178845079401,-3.16808303549417
2.43343270279122,-3.64260509401054
2.66988746030002,-4.23496491734372
2.41721148641474,-3.60320914571833
1.63479283973833,-2.55002260171823
2.23228357897092,-3.67473367103509
2.32327023237615,-3.94663864929549
2.25019236778523,-3.62907865849094
1.72610306460286,-2.5461533219859
2.20371200209805,-3.23332715529568
2.0144893356333,-3.08714144864975
1.15619900881876,-1.3799650232111
2.00014175634103,-3.23841463264424
1.69809784783012,-2.55009113131579
2.20096814955788,-3.36379530768302
1.55135101830941,-2.07152614419796
1.29942739251039,-1.86416179962086
2.74890732374385,-4.28053218807856
2.38066617469869,-3.83765594999735
1.74601376612613,-2.69871198061333
1.794360293881,-2.6199240706922
0.897975599230914,-1.41085692796205
1.83862730455131,-2.9707747622168
2.13187189672148,-3.60831520916175
3.56611371171132,-4.97145308298997
1.24315885891958,-1.85331160182367
2.31389790360187,-2.32563312521665
1.68599139358928,-2.47214239256009
2.57938182291913,-3.94878877430168
2.66803526394745,-3.97738676124125
2.26367027276089,-3.49248291248605
1.9191195058923,-2.86790432838718
1.9191195058923,-2.86790432838718
1.78885454628695,-2.67325295902057
1.99304045068928,-2.92433406554173
2.11394789352141,-3.38321559424862
2.88534592914918,-3.43305177271511
2.45486160258346,-4.03173570690359
2.74643639137802,-3.99747211070931
2.34296088734872,-3.837039113381
2.71313857639682,-3.55694458085593
2.67477870458687,-3.42815791377939
1.91599951626122,-3.25166842969336
2.87250990650762,-2.62234040801629
2.18038059291957,-3.08150959022063
2.75057065142026,-3.84818383793747
2.08568630127936,-3.20589836113321
2.38451446460818,-2.65498017683451
1.86214716624372,-3.13596813170633
2.38740025000332,-3.62390452808876
3.15506218344473,-4.3364161446109
2.38852994152312,-3.40109490512951
2.55547522048244,-4.03212736080327
2.2630186276977,-3.5506481817588
3.63840131076273,-4.4861382750989
2.52270195731394,-4.0667020148921
3.08088440690375,-4.90959145333846
3.11458990712957,-4.57274532714238
2.34588727395702,-3.15918258862076
2.21179044084448,-3.45230634453029
2.26015298619776,-2.74542957122501
1.22114693925503,-1.56810720112451
2.40379632024216,-3.42436742809689
5.52160699956606,-5.37500575477121
1.51701623960039,-2.26529241273435
1.96881665424413,-2.82811338697594
1.94809928490926,-2.92725807201762
1.94809928490926,-2.92725807201762
1.65142139451602,-1.9671262239433
2.11927677434115,-3.48228475467399
2.04931025570519,-2.72712397022226
2.83544959705964,-3.77463518545222
3.47685795367072,-3.69027600753643
1.79479212598522,-2.9150736095174
2.33923231426521,-3.60940945038775
2.16739620619593,-2.7895319842439
1.69704387138557,-2.78298828726545
2.06531462954814,-3.06384445525799
2.21274365665707,-2.85990836021153
2.54838546478041,-3.54753022438301
2.2592743743416,-3.20765233951507
2.48003230240005,-3.86556776636597
2.79449086653676,-4.21726298500183
1.71603462186738,-2.40040382212065
2.12211079395916,-2.8306851324154
1.88906271322272,-2.20541522652653
4.38807444953037,-5.0356859695881
1.81085309943054,-2.49291794348882
2.94802704194874,-2.4983496163448
2.07717250265249,-2.79689041446921
2.03997734705479,-2.67403458871959
1.94307869903909,-2.90752056134403
1.93236571668163,-2.47022239455919
2.38848824239939,-3.40426669254856
3.38542985564244,-4.78515662520253
1.87929920960283,-2.40956325000594
2.08756447532048,-3.3838859218304
2.95385267433024,-4.09113721780525
2.60656042425718,-3.2217600571542
2.5197511825267,-3.03219480730781
2.63640534263823,-2.30451697199879
4.14468864978891,-5.55810732034491
2.26208118931049,-2.7704656924874
1.63127933824541,-1.85942323047909
3.61631296212971,-3.26353139856343
2.76791308236209,-3.97240786854423
1.58331263718575,-2.23194264011186
2.57106405026105,-3.70101671312393
2.30263939301642,-3.15288233729899
1.97883919638879,-3.12119398856354
2.84295223822725,-4.10847050764363
2.63618675559434,-3.39188187502796
1.87208945096766,-2.91183953632113
1.89743620818408,-2.71371348979852
0.388680849570421,-0.393171988195696
2.99842877134036,-4.27565344430838
2.24356344385688,-3.39780192217858
2.86167571706279,-3.83034699163632
2.1112005819746,-3.06261659545765
2.48786270062925,-3.57919856863086
2.3991994205748,-3.37723770415167
2.37558305645219,-3.11137678662276
2.46861503914503,-3.74412870307601
2.1173619939069,-3.42174899219978
1.61284731376343,-2.12269650049348
2.26887154818448,-3.13390496845466
2.26887154818448,-3.13390496845466
2.79990909017367,-3.7355044137416
1.84990050188517,-2.67992493552818
3.52052873098048,-4.63082768424817
2.04792545579708,-2.67816128601617
2.8070450181365,-3.33038344474726
2.12394151335604,-2.65366010711007
2.13342985448001,-2.53921237199702
2.20304717186916,-2.49340940730198
2.33288921442213,-3.02095772710389
2.72821206224554,-4.20449725411144
3.79316673956862,-4.66004608979473
2.7994176285223,-4.09742292558727
1.73556646989209,-2.49675965327543
2.41981044955995,-3.66616286283664
2.95782206156532,-3.28253640704767
2.1295860204922,-2.08254296064541
2.70379980095493,-3.79586876620375
2.03604748941828,-2.85763830283395
1.80101570475011,-2.47444130687953
1.78180272223698,-1.94833444316395
2.89863135225899,-3.20659916033577
1.960228951277,-2.40887734493944
2.65225325488457,-3.38045122217763
2.05887806710541,-3.15681932607032
2.12121935156361,-2.60957105758236
1.9658252650138,-2.91226768617162
2.56621119409105,-3.74051581458981
4.33383973248152,-4.65228865071539
2.25517122925715,-2.70836485943641
2.94298209204998,-4.25115701083232
2.36375109178908,-3.30814686299287
1.98895643450126,-3.06751515819681
1.9484849138717,-2.74037004664671
2.25787952789301,-3.19945487339158
2.42641840045528,-3.49021536485279
2.30706864885444,-3.18541342312931
1.7572824252169,-2.19467938199169
1.7572824252169,-2.19467938199169
2.23811697268151,-2.68191289410725
2.44131685461518,-3.00965316403669
1.65010854084826,-2.23005509532377
1.76904410636169,-2.27662443145681
2.42270870472932,-3.04731586298901
1.558283239147,-2.18392260791725
2.674422925754,-4.05551412273772
3.08757927165261,-4.1668925078199
3.19969100082664,-4.16343573457647
2.16551824104107,-3.22164326164162
2.01657442581975,-2.32992606336375
2.71765112475893,-3.47336975308989
2.25307841612701,-3.19083406512212
2.69148674312775,-3.15859167809468
2.24892962159328,-3.02324124793625
1.8021652221705,-2.26034493997761
1.21487041981598,-1.37350226887375
2.69872779669426,-3.01129082766193
2.19668994704629,-2.76775506178632
2.30384387474378,-2.58854551619055
1.92156197991712,-2.88904567253929
2.81736275339949,-3.62687211829773
2.46803642121756,-2.85228668734759
2.0856762197287,-2.74237073643974
2.43061006704249,-3.54386052752488
2.3182637888317,-3.39050642870651
2.72532964969527,-3.52714026632667
2.33365384635523,-3.21438709848164
2.07031588395267,-2.28905956876435
1.98125364320109,-2.61059265366786
2.92005046911526,-3.85348988385591
2.25300793358879,-2.85516708921081
3.64193720126064,-3.04638365069119
2.32935121463625,-3.00044777491428
3.024417267331,-3.55368633395714
2.58945637808495,-3.27965589031428
1.15387507865785,-1.70080331097524
2.20189502522779,-2.8655850105667
1.56307784112546,-1.95113264754824
3.35947331443212,-4.72412854073997
2.11851198920186,-2.82268909746492
2.11851198920186,-2.82268909746492
1.99944083388136,-2.48102088274235
2.79211137737946,-3.43849778416092
2.70059941639593,-3.9005403385682
2.86871323913307,-4.42255196707948
1.95846475084957,-2.71070236361229
3.08067959613669,-3.9875769162877
2.32302475575152,-3.33016034352165
2.18096544182416,-2.59233246574389
2.76676792501465,-2.88788481541828
2.37929500246911,-3.1752907854817
2.47648684706043,-3.42887651166373
2.67559990349974,-3.90493427533936
2.23164387243823,-2.99306746335659
2.474633698446,-3.2693115698699
1.87652794275802,-2.45643272669323
2.44362337973613,-3.26032381517115
2.34494304887037,-2.91200066361968
2.25475360964437,-2.77438616152522
2.53407557641868,-3.00101898438781
2.90665707301487,-3.69039907383307
2.75444554278058,-3.87772810543236
2.71537565696455,-3.85631034141705
2.75357963490033,-3.86486257446863
2.33146701399216,-3.11506175924248
2.71912621561956,-3.87554611674316
2.88547687092245,-3.89137342755114
2.48432944999205,-3.07120316768511
3.33872571697373,-3.97183917640786
2.800511268192,-4.05022912026869
2.76092680298427,-3.68154672918129
2.97620186295818,-3.46540646560456
2.63281345777954,-3.27595905902193
2.63281345777954,-3.27595905902193
1.95323276091115,-2.44717963955954
2.26142323241669,-2.88180951306433
2.26142323241669,-2.88180951306433
1.52634649590339,-2.20967470464708
1.70659636645251,-1.98850299910931
1.42372731976971,-1.82332553303578
3.14232451995746,-3.43739908673269
2.5773599084629,-2.33138961179543
1.96329712502139,-2.59830625754341
2.15147275335238,-2.93869517616073
2.89727349096687,-3.4121725344449
2.36140612233475,-2.95850242025565
2.00699244971954,-2.36503160331532
2.93679371772589,-4.27167828572927
1.94238802633615,-2.37811665447276
2.59479856323902,-3.32044639794989
3.61178756033401,-4.10174606197561
3.55904259044675,-4.70845488464729
2.46611184728295,-3.36803040354596
2.90997629433354,-3.19301443526994
1.62631808638338,-2.07774629879918
2.94977004442309,-3.61235822514058
3.18057183275153,-4.464274367915
3.73948982887231,-2.95637851236187
1.91289162509909,-2.20327542071486
4.51472156277778,-5.35302935341024
2.59770407981665,-3.56492078431091
1.80286149114702,-2.03306007891422
2.90013763989142,-3.97319536236212
2.85332997513429,-4.01251941224969
2.53155305551944,-3.76228982897546
1.97619342844877,-2.43745353632528
2.13914253050355,-2.41851954244234
3.19474507930521,-4.16442903059318
1.9016459075988,-2.70960766988009
2.50673509566412,-3.29263110049434
2.84926173665097,-3.72509311355416
1.77071683395199,-2.14426554853929
2.57477866409698,-3.78077380941209
2.28886423615785,-3.0144204502513
2.24701075500684,-3.18336220159039
1.87947333565569,-2.3187471067561
2.30431243905235,-2.70841626769997
1.61095780365783,-1.74945692549034
2.13218148072988,-2.78351079879401
2.40831856848688,-2.96950626604674
1.92743950066736,-2.51064617544285
4.39468464900345,-3.58965640410816
2.88158955191824,-3.85172315439914
3.10793043863044,-3.16984427895572
2.61777494514433,-3.85187720973829
5.62341161457195,-4.6910652484553
1.47844530804757,-1.60250085619349
1.47844530804757,-1.60250085619349
1.78148568367994,-2.18116857573563
1.98631901167035,-2.49341839751067
2.48284551906322,-2.89854325229533
2.21334770086554,-2.68895838765426
4.02507145877477,-3.86763548688947
2.37746727822118,-2.77608258724013
1.61236531823304,-1.6387975247373
1.81862012299531,-2.40408753790429
2.79541486053814,-3.19504932844516
2.15537924924622,-2.7487707877134
2.6970832059751,-3.41664638678774
2.29813632422798,-2.61422951737097
1.86444238459162,-2.03443010395958
2.41281145321439,-3.41944641581111
2.26757747774165,-2.82671733860414
2.02882679927942,-1.83765771951402
2.11394856360114,-2.61846920752819
1.94023112304507,-2.13085275245325
1.94023112304507,-2.13085275245325
2.41284900514166,-2.263276440473
2.85882585592989,-3.76347660845733
2.92610830444425,-4.2302937123861
1.76466629839503,-2.04829727642169
1.87678626533342,-2.25190546383494
2.67429918777873,-3.68638549837267
2.29747629283316,-2.7402728763158
4.06234052917436,-4.43268277647461
2.07509771384678,-2.54415473123484
2.25217569560075,-2.05918897483612
2.48359999090423,-2.72004352680608
3.32549839416889,-4.6951485120715
2.28364362201221,-2.80431520565944
2.54637851287543,-3.21314923711859
2.280127615854,-2.69339747362995
2.41214116340122,-3.126503503555
2.20813106358136,-2.72799729318973
2.77833665372253,-3.8561689801716
2.61092446362197,-3.24627294671196
3.45536124813278,-3.14671520067819
3.07210398527398,-3.44815806912374
2.20575607559635,-2.71151739746121
2.20940644797284,-2.94442815646934
2.10159609178551,-2.40769720501126
2.04470696344687,-2.64306810112756
2.49532049838873,-3.25221957106489
2.77638656364679,-3.34583095562625
2.55676402346299,-3.4877163033956
3.66121805046883,-3.68204692425599
1.84342553195127,-2.05578596167928
2.29205653610834,-2.71946660861042
1.9371782998514,-2.53860478767025
2.45404162416935,-2.72256445625945
2.42537946104954,-3.00725839369769
2.10615501383235,-2.88181110820197
2.07596059633028,-2.38010295177365
2.21291075930492,-2.74708446696695
2.52794535535508,-3.018747424686
2.65723544913707,-3.1984646468429
2.51652318522352,-2.83759781448811
2.05407762764475,-2.7207396443358
3.32078211646158,-4.15493796579798
2.47197119023805,-3.10225731321178
2.31046442945805,-3.24071585152866
4.23063827940835,-3.39138418492215
2.74925211865443,-3.38065457968383
3.48984484252856,-3.51604448344018
2.28011063384804,-2.44718419262219
2.86231191717571,-3.75902800155156
2.02538926202302,-2.49626969128031
2.21055096500023,-2.33295928678477
2.27873863981945,-2.96461890859316
2.42605232118154,-2.89834950738858
2.6666372091737,-3.35883610656035
1.76973551696746,-1.9947907314211
2.9570161369995,-3.85910337674068
1.99265437484411,-2.51224969839415
2.23089883963093,-2.67343403914392
2.81377144173442,-3.25873198956316
2.49624617347727,-3.35393054314651
4.32178738301904,-3.63786609239206
2.43881847163686,-2.41383787020658
1.87516822123175,-1.76127289085423
1.98457951048771,-2.49453393895596
3.29505082733675,-3.31428372095318
2.44748967406525,-3.3559242909409
2.34656939809457,-3.09056829735457
3.0095512267822,-3.82494644961624
3.13311608737512,-3.96110227702208
2.41068159793298,-3.25431521332328
2.76759005893651,-3.53498271578631
2.18804467296408,-2.34673018319218
0.550507888610679,-0.301204902489519
2.11517240506223,-2.1012869365431
2.33120084214835,-2.90585044194585
3.89141293950977,-4.45900548289421
1.8071510025364,-1.99138111500478
2.28636144846801,-2.55885388580667
2.83954409559894,-2.67475225440248
2.73507830409496,-3.32256062320471
2.65061878830658,-3.44438977967003
2.71578172537555,-3.7101224862607
1.80633163532555,-1.59950546541904
2.74279181999424,-3.21703422887946
2.34687686534835,-2.82773238282475
1.79022350811432,-1.78783742394924
2.59071558574126,-2.9604199949609
2.74718617257605,-3.65341426337974
2.8091183940383,-3.17755736519682
2.76765811738462,-2.96236369997429
2.42720493982789,-3.24435052629903
1.62525668283367,-0.982290707828926
2.49496611836607,-1.64191715730246
2.78299756859689,-3.7014870737193
2.61552220660205,-2.75718099516247
1.99873395592972,-2.15025294476283
1.99181618022562,-2.02046252409794
1.99181618022562,-2.02046252409794
3.56124055049842,-4.24367192423178
2.75522047407799,-3.3523139647897
1.4310070193867,-1.01178247960253
2.70079510899702,-3.44163582512521
2.94917143925803,-3.42619318391053
2.50275358125476,-3.23483663870633
2.63958818637487,-2.82692807554229
2.47062217620736,-3.18621299495752
3.20187583636656,-4.24199001747982
2.56850389444902,-3.35652090769699
2.27350221372905,-2.56255019125388
2.32275456534116,-2.61455003096967
2.58001284423572,-2.44161874380853
2.45049296959885,-2.49791333025986
3.21410951304192,-4.35537383650908
2.17307573386022,-2.28652211582329
2.62442222829752,-3.25438139633164
2.62442222829752,-3.25438139633164
3.26681095182703,-3.95182605311704
3.13688951405386,-3.96706973431153
2.70486847627975,-2.68941131013143
2.51240400334198,-2.43407934474966
2.57718654825241,-3.05575952244532
2.60454617048113,-3.30493870611295
2.38213587997939,-3.30585667695577
2.74959191147379,-2.28265885151448
2.74959191147379,-2.28265885151448
2.40919490724356,-2.60260286840144
2.31933358404644,-2.90735801585401
3.7047956250444,-2.89846313533459
3.12237718078671,-3.77022646349311
2.3409692591737,-2.5106409242057
3.38422579503557,-4.49426436014491
2.52985289328576,-2.73031794578267
1.51500173248523,-1.28165751345402
2.59493664378525,-3.00611570294489
1.48481128642153,-1.87652150347251
2.21762416768363,-2.34811478060799
3.17011500580372,-3.8011053006517
2.77048600679742,-2.93014230731617
2.75109594396475,-3.33533722186372
2.0672749879452,-2.66121955019022
2.43500008670703,-2.5997566470717
2.52297729027913,-2.8618963165303
3.88383098972073,-3.92131827724957
3.31555955581576,-4.10115191679498
2.63192692712555,-3.20807742139856
2.36535612945152,-2.48278721698486
2.14023186116397,-2.5131915460476
2.85249277435572,-2.21496726952843
3.83506402770289,-3.88737626310494
2.40913599838692,-3.24227395379388
2.68749104505815,-3.2858022580354
2.66154583939507,-3.25147082588614
2.6088235790712,-2.88938878941348
2.6088235790712,-2.88938878941348
2.86000271951492,-3.38128562710282
2.54775425654261,-3.32856662492431
3.08529564214079,-2.89412479358219
2.23161003847064,-2.06146546666605
3.46859909417578,-3.32885340756045
1.77813998893672,-2.0242815928972
2.39406377328934,-2.17424541604444
3.29129759119522,-3.95395495743634
3.70438928888376,-2.90046002728985
2.12531322729787,-2.05582166377883
1.9377994044515,-1.06833343105899
2.9369466816536,-3.51133479016111
2.7484649984809,-2.86907480948942
3.17609804073295,-4.04765911363377
2.89193213382199,-3.30817708854136
3.33837580286505,-3.99063393290446
3.1494530259912,-3.93741035321209
2.95305864372894,-3.78243333365169
2.40464551731431,-2.41995661769609
2.04192502753481,-2.33865630228102
2.67490245652013,-2.83450313243497
2.80982812750831,-3.47503886498752
2.09360640739172,-2.19474592322511
2.63912644478586,-3.392802085317
2.56152907807316,-3.3904327109364
2.78686252546687,-2.93566582275024
2.97452782717418,-3.22261581026241
2.58168145765796,-3.03185381493242
3.02041993683744,-1.95449333949246
3.02041993683744,-1.95449333949246
3.65383017032427,-4.40471801930028
3.40903792619591,-4.18890611539375
2.45883830968853,-2.44472235284127
2.34606389576177,-2.39273456703946
2.34606389576177,-2.39273456703946
2.19674950317363,-2.31910931483478
2.64434366206435,-2.8636998490227
2.49453470343508,-3.06287298451875
1.82727082499397,-1.8031954834193
2.44609098355568,-2.79106999238642
1.49532585767751,-1.54293883700161
2.77121163947213,-3.55297892133405
2.65488236695235,-3.49173238835549
4.69674137497987,-3.61401842919134
2.82913674820824,-3.63293215251297
2.60840937571621,-2.8026351614896
3.52936697326892,-3.187888749905
2.78256078691465,-1.88379320363324
3.93474807657348,-3.03797737270991
2.21572247808823,-2.05017881765962
3.25406029804817,-2.94372380860883
2.88153531601939,-2.88941043264643
2.61438573089711,-2.64049771621184
2.0244372005106,-2.0479037600014
5.11319653775976,-4.56833326014769
2.849034599124,-3.75168915140751
2.07568726953025,-1.97215242142867
2.39296550608242,-2.7607965782225
3.97501695037386,-4.25650310813646
2.99570746334712,-3.70066292457828
1.7564079410066,-1.68994253032459
2.88538130341673,-3.62562116119152
3.68104875333996,-3.20442830784287
2.3977302537184,-2.91859966346385
2.69869749509331,-3.5740423931369
2.15706971184022,-2.04187728993608
2.75446179585759,-2.3953856283303
3.33532731458933,-3.18875885138651
2.63512309951033,-2.65421314917069
3.04358822213017,-3.42529083640769
2.27127511522637,-2.76671160327561
4.27182303134505,-3.54913588489471
3.16010430345075,-4.07819386034114
2.17662448593614,-2.61900765695004
2.03894130937538,-2.17977756092292
2.33984786958989,-2.63586271463496
4.15303639552049,-3.54719438387645
2.69536930940364,-3.58845665587848
3.30549836609079,-3.79526334377066
2.18945631808251,-2.62899622705497
3.58359943043204,-3.89879585296655
3.03422568522965,-2.72636832430805
3.0514444797667,-3.33817996989371
2.49311530351714,-2.6305154054943
3.36341550637166,-2.32341041541316
2.26081362103849,-2.32128507602823
2.23692632747369,-2.31526723020791
2.35040455795578,-2.50807119345537
2.40447985371293,-3.0492768318076
2.28035641769125,-2.69566318688951
2.03921636161023,-2.32353344299061
1.88645804645138,-1.839112408902
2.46429647706522,-2.7872571625783
2.71870752812127,-2.61163797185428
3.11110624882563,-2.96005253220732
2.99947780317023,-3.65109520267885
2.97401448699017,-3.4450582651334
2.19880475441293,-2.5538058184923
2.84630066065948,-3.13992109112455
2.52159483281473,-2.99097235498018
1.98653059378698,-2.18661767545446
1.98653059378698,-2.18661767545446
2.69479526355929,-2.82549851372527
2.19520959192419,-2.15175287486793
2.55823312049293,-2.66394124208583
2.62540576494374,-2.81014420192384
2.66283108216111,-3.03517909567248
2.34738080320398,-2.57530916680666
2.23401285131417,-2.76360688492788
2.8357383596518,-2.90417195531177
1.95001068849821,-1.45449565765067
2.84410905089044,-3.32991875953596
2.23891166157481,-2.26079013245613
2.94690869146053,-3.71270035237224
2.49575230655268,-2.48031186698694
2.79393891893553,-3.33862826739494
2.04132108859904,-2.23373852676592
2.04132108859904,-2.23373852676592
2.02806862064379,-1.40023401570645
3.61219288045017,-3.38428696205785
2.86178840895054,-3.37815444486475
2.19336893996721,-2.26164160703674
2.479801787682,-2.54537236711625
2.57365243320576,-2.79717161939716
2.83751688293289,-2.78686310016931
2.99887640764618,-3.21319900850332
2.6989005256847,-3.53460325211423
2.06963163092501,-0.899484023585609
2.06963163092501,-0.899484023585609
2.39924277326138,-2.63716820958394
2.02647496589559,-2.05393105679468
2.70644551905462,-2.7923094855732
3.47328490229774,-3.72974171080262
1.92490089354559,-1.52914519093283
2.32480150897756,-2.35560231684111
2.82099051805442,-2.90798579343713
2.85343198723113,-2.75155330521389
2.14779834294609,-2.156877588053
3.03904576051187,-3.61874812423407
2.68839724060602,-2.90575183086352
3.02402731667536,-2.7755553448445
3.14632536951434,-3.8033990030325
2.89896711701735,-3.48674152335331
0.95463567571525,-0.33369938166751
2.29605310864693,-2.05167237090883
2.4092759779661,-2.55174570520368
2.64538184707421,-2.72316017867834
2.57805266752531,-2.94099840093772
2.57951388678496,-2.4853587692596
3.72264236716588,-2.54649174468191
3.72264236716588,-2.54649174468191
2.74968919971752,-3.17481369634562
2.14365057472754,-2.17654805746192
3.50945768188408,-3.99926482794169
3.22534787374519,-2.2060819143676
2.47606674763803,-3.14572896346377
2.30707204120925,-2.23100226946294
2.15297020620451,-1.78734213615319
2.669876288254,-2.01274155496827
1.7961566997047,-1.63383639507381
2.42464768157855,-3.05257643542696
3.55738733964464,-4.32549140501601
2.36656797687292,-2.24130075032646
2.77955114034922,-3.57727792312604
2.62369887308686,-3.14610102363641
2.8340108121785,-3.20532382532764
2.49206481807223,-2.98484766104386
3.17465561110102,-3.43462121264446
2.01108325300135,-1.28713885120306
2.19791016177639,-2.33603308252753
2.48593100912034,-2.24101952783498
2.48639157572878,-2.20548081390321
2.5735494722238,-2.53329179499793
2.0690654281389,-2.11276361543542
3.00083286135938,-2.44546867403896
2.41353800387426,-2.08801826237016
1.57755306806787,-1.38205508679936
2.16891604323321,-2.05951409174452
2.74155874924355,-2.85593034691509
2.72111934282959,-3.14952603532453
3.13676952231273,-3.42252335731464
2.71459023136258,-3.00063787929504
2.51663638832859,-2.36535157625432
5.31715804386442,-4.23798645133213
2.43036435158008,-2.95520838061798
3.44421201982227,-4.1181965995645
3.46697203288097,-3.45564533362342
2.44739075611865,-2.5999469153322
3.06140819327373,-3.15269549691531
1.78609377013942,-1.74419102006825
2.85428933915455,-2.8600149446425
2.37355615646108,-2.61622778520987
2.45827165184949,-2.05392908230024
2.08178524780894,-1.99294271180556
2.99732969670611,-2.86709204171443
3.43467432630357,-2.954663695769
2.79751205553682,-3.13323082248085
3.0858282320273,-3.58401165918087
2.33767340827518,-2.39867648707296
3.40557333364027,-2.4923724704773
3.33187936506671,-4.02794301803909
3.74223260909664,-3.98539375002763
1.62706722130883,-1.14921754332077
2.25267476576356,-2.04818455453586
2.53047046309981,-2.51960599123593
2.74793295124669,-2.87475039795163
2.21793146703164,-2.3853328632419
3.14978318893814,-3.55627260212539
2.32283906279126,-2.12285500908412
2.32283906279126,-2.12285500908412
2.27841119126641,-2.5307239307124
2.41052771210858,-2.67077210475154
2.90282958984957,-3.41157549005304
3.37991628691324,-3.45360400133429
2.5760089916472,-2.77055408397063
2.19207870310423,-1.59426232898468
3.38791295259581,-4.23323316166659
2.79768329751065,-1.34161137160961
3.04007961148236,-2.53044586699112
1.80813985608927,-1.56531191489894
2.60481317821242,-3.17338063169107
2.56213930830461,-2.65000535192905
2.84710762990972,-2.79187110416311
2.09608824569697,-2.26794707862643
2.72892427870417,-3.16408875060283
2.18103154501373,-1.61500252142868
2.85779074142218,-2.73200208943008
1.79813129771724,-1.30876061058267
1.94452587003135,-1.72816130137085
2.35453110917513,-2.48661185574082
2.85042252840904,-2.69622355616894
2.89878177996002,-2.43727102615333
3.23674261153165,-4.01733342229102
3.80427328134198,-2.80751406498175
2.48558527504973,-2.75056927215464
1.54035830173524,-1.01033401259083
2.75684832584377,-2.92337184487184
2.37821180726547,-2.36903546019734
3.44226594959394,-3.909035927347
2.97972136444336,-3.21301941615468
2.08458454533185,-1.86719707108382
2.76475424554902,-2.24822249581273
3.01127885108654,-3.32923295488931
2.57247634958,-2.05021674184107
2.07761132974058,-1.75241867990398
2.59799161832465,-2.39237087334892
2.14808228468809,-1.86763885142111
2.43677794116305,-2.33715492991574
2.6217812107329,-2.38670179719536
2.42335922505115,-2.37005803816685
2.49159939792012,-2.20669426038911
2.66086516529475,-2.74892415789622
2.48406217553912,-2.20899727495143
2.51430911741381,-2.2905746165371
2.49724566107824,-2.68301965244299
3.65007795092816,-3.94221396127296
2.68301472564489,-2.91363667745376
2.94809193097074,-1.4934801915394
3.32664964277464,-3.0793505455663
2.65416686809668,-2.0082744436698
2.04165892479927,-1.50574015057979
3.69911762113576,-3.51583294158737
4.10362192331967,-2.92125807131698
3.09199409954575,-2.73613378287571
2.74263622839393,-2.6504038296014
2.39848164901703,-1.99387114740118
3.13304137679939,-2.04746053377145
3.33027305443842,-2.42558883782331
2.32906678374869,-2.43229397391027
2.32906678374869,-2.43229397391027
3.36123979332492,-2.70136384049523
2.16813903232009,-1.7821318343323
2.2398521507594,-1.98752109809531
3.04834907516432,-3.25342323775106
3.58002190006158,-3.46956643316586
2.81337409463372,-2.51208587551326
2.35343200008697,-2.00736321508691
2.79351587499757,-2.20549275782457
3.05018638526609,-3.06781425393823
2.93245862780049,-2.11442733651185
3.2987296957372,-3.36923501396846
2.71244703174192,-2.24255544756572
2.71244703174192,-2.24255544756572
2.02891736967608,-2.05453715851319
2.94186255948387,-3.14214213666852
2.10176581631679,-1.86618979074005
2.88197309436007,-2.69997517626322
2.55556347777895,-2.64499517325839
2.42205134572243,-2.08113909129272
2.95158803648069,-2.40062860371283
2.65318871489375,-2.8019669115702
2.13311302364131,-1.93525058178036
2.26996590942594,-2.15743487834995
2.58703114039288,-2.51000594721332
1.63087100994235,-0.890354665381732
2.94128873595443,-2.99601661919244
3.12261191521057,-3.70991331601709
3.12261191521057,-3.70991331601709
2.47144922104793,-2.20494372289564
2.74348003854312,-2.74638072066554
2.64806508906354,-2.69697940527435
2.76933263199611,-3.00718357455633
3.77261219602138,-4.54974738720302
2.98905674633015,-3.3994332652677
3.72181460000405,-3.72010628860694
3.37586552848063,-3.17449007333337
2.96633649435715,-3.06261955940943
2.96633649435715,-3.06261955940943
2.52867969151782,-2.13974054889639
3.64541621321027,-2.69869286334384
2.5450834903956,-2.33071635750744
3.80646916629132,-3.13067213805421
2.81411517164231,-2.56202218428423
3.2908737772492,-2.93659705616355
3.37586228469158,-3.48226786555349
4.21379807280671,-3.88836415301274
1.88550540218658,-1.44201341499615
2.54180932202551,-2.10503054383713
3.30824169445613,-2.83142522911024
2.11809749823674,-1.58257532197167
2.84642715612207,-2.97763018859096
2.78791918482808,-2.44421310929161
2.78791918482808,-2.44421310929161
3.67572560425784,-4.0483233267936
2.92821070720635,-2.95044595362074
4.49642563917682,-3.05977823202586
2.83652593614241,-3.03543096867698
3.13032577800899,-2.67766763865075
2.7875875304465,-2.68352031525194
3.01850488076546,-2.675577319702
3.25410381066427,-3.43374599023699
3.31367107985643,-3.50909391657379
3.38492667300534,-3.90614988015618
2.54976892860722,-2.77943666128778
3.88708816041373,-3.56982589015203
3.31324074030289,-3.67893711953965
2.58089643335541,-2.3791000877232
2.32109761015842,-1.47435384445884
3.18903344620426,-3.13900453543141
2.54213757108059,-1.99515391057589
3.01011037260184,-3.19401899118533
1.81188983571903,-0.915166130661177
3.30065424658369,-2.96341934299293
5.70140228038683,-4.59656122591278
3.01327583658797,-3.23993718969337
2.05411552453998,-1.52349967169042
3.02053668704665,-3.38439888637975
2.32149779876775,-1.62247989767245
3.14444118526551,-2.85973382351323
2.61996435794796,-2.45139527746631
3.69889641867323,-2.73620134605701
2.51481098021016,-2.30297140185205
2.49659208206829,-2.32237993004104
2.99785765722054,-2.91363025213498
3.57350679353337,-2.74490813677198
3.1656256211194,-3.30160041235106
1.57580695258912,-0.880673123198956
3.29316506824177,-3.81858192809204
3.05331520939621,-2.85715640445409
2.59889947851365,-2.21121760111859
2.85925416019765,-2.74448261853955
4.022479518751,-3.82873080918097
2.16961088237486,-1.5129740315108
3.17679324264305,-2.96391422533539
2.56244106865722,-2.41814583176107
3.21615801757527,-3.2845526691383
3.87842409324475,-4.00450389412985
2.54204249461091,-1.99738254018168
3.13319093374912,-3.16017548763998
2.26542779110833,-1.40754926748007
4.65948046747219,-3.01433971311855
2.22479633978547,-1.66943706011332
3.28720398608921,-3.61991210183689
2.72326021670047,-2.805999828051
2.93970780932316,-2.9044425602864
2.33880455622816,-2.25807290312256
2.5680714803611,-2.6416775271178
2.90673787055816,-2.39949651669056
3.24048105654903,-3.29570851900137
3.20575732505726,-3.1764044763486
2.74727741356846,-2.84272937173395
2.64374978872978,-1.91078166638358
3.41719762543165,-3.02249053027498
2.95527445115594,-2.75301673411061
2.56079812266187,-2.47983572158538
3.12649841576897,-2.72525986773784
2.77195988210036,-2.36771644551237
4.06849805397606,-3.14100731333465
5.16922192189489,-4.13657701442804
2.74123665601041,-2.75521956895234
2.68892184011371,-2.02466324743798
3.44535187774584,-2.51915534874143
3.2123222092857,-3.35218895563483
2.83181557661688,-2.90822423846525
2.63518954534616,-2.48954859899918
2.71473678660639,-2.48322120190501
5.65195700709016,-4.08776784566152
2.1603939347162,-2.02707844792126
3.84584001910091,-4.03145264837789
2.63621199826284,-2.22176876723185
2.93159613665533,-2.83865441410757
3.3701177019289,-3.89905642390353
1.78873082172774,-0.926638347235441
3.36329892166116,-2.62843786413077
2.52638976698234,-2.24549231053757
2.51706300158811,-2.23030675242807
2.69027642818425,-2.18541664345776
3.03987386824001,-3.06973670796235
3.39612131671389,-3.73357727146479
3.0231242884074,-2.47976295721731
3.0231242884074,-2.47976295721731
3.37125908622481,-3.03569241061479
2.73293769415796,-2.52009785803703
3.06627317991451,-2.99993067646295
3.43197839539586,-3.44906309755582
2.82640273573259,-2.52650106771582
2.29567982106141,-1.83036046559106
2.87036996346688,-2.47447541935538
3.10631473518181,-2.64544372360978
4.0074775588479,-3.89028607106855
2.12334483707329,-1.4698296171843
3.36158439001259,-3.03739250276036
2.35158559529609,-1.78182753036869
3.71327184527588,-3.40819106360886
2.60057888907467,-2.27525015755979
3.28763168552224,-3.51043982735687
2.42442102575701,-1.86104580440254
2.32977440852263,-1.53346897768025
3.07535904451443,-3.24179399305174
3.33257143080706,-3.15959345880942
3.36579706755842,-3.70571768194289
2.31615035106195,-1.96527346130896
2.58686609134321,-2.10915569039582
3.15320761548093,-2.99452398312134
3.15263080353918,-3.56516733336222
3.04989876003948,-3.29867631192105
2.16627643375784,-1.54126376018068
2.65676460062243,-2.15357638347551
3.17372354269676,-3.17913104317265
2.51136451344803,-2.30304061308022
2.53113979253018,-1.60712985327064
4.09725923325328,-3.86925491549771
2.70199610236498,-2.73699157566427
2.87315583730232,-2.8635980059592
2.58956460459272,-2.05869429194102
2.97176126691173,-3.15138767014298
2.79469945834064,-2.78491988942286
2.94791033243608,-2.48862489247657
3.86124269528192,-4.49251599258986
3.48458645205864,-3.35016651614495
2.98690065734007,-2.43441915622155
3.64445320648567,-3.49646067260495
4.59135105321256,-3.1276293214197
2.86081647148247,-2.42579360503355
3.10797016993166,-2.03586725805337
2.78248686250849,-2.2063935711664
2.25926826361942,-1.60995346274525
2.06032047894476,-1.46335242604857
2.38759733365655,-1.64513723431406
3.52948880674009,-3.66188376895389
2.59671083026638,-1.53907091187463
2.43109322484432,-1.66676329896884
3.63574192959787,-3.01792920244212
3.24961305038525,-3.14635452661851
3.01989505885449,-2.90235074924246
3.01763124632506,-1.86918503184019
1.62311803246388,-0.657990464895378
3.38081976228522,-3.39625092169921
3.01715521655666,-2.83438378461362
3.61624538228198,-3.5125834670249
3.33274612761351,-3.41059967086341
2.92378907210331,-3.05560296434358
3.26316946984548,-2.88234681247007
2.37316806963984,-1.29907005956212
2.85779477631526,-2.71193659140282
3.56169384761958,-3.20874702449361
2.52998563371039,-2.17577172571616
3.04843257456267,-3.05780335960754
2.48036365219436,-1.55831759180762
3.79861481792948,-2.67109484099128
2.67646139601783,-2.54045625705024
3.5228434238885,-3.06033375386871
2.53831078212428,-2.09822261902211
3.66179339802836,-2.45902110143022
3.3683481285626,-3.49929747231196
2.50347975045659,-1.36615698942052
2.01593411436097,-1.15616477844005
4.2043996735392,-4.49270317555927
2.35139109735897,-2.23885193875706
3.09250599784542,-3.17655450433955
3.09250599784542,-3.17655450433955
3.24293456795129,-2.16432453494047
2.41186622793273,-1.66095630816965
3.3544342306572,-3.42753406311803
2.45745060716778,-2.26417795581241
3.18161175220826,-2.53900789639774
3.38243554752463,-2.77780901375696
2.8977006813139,-2.35450110457947
4.41645953566314,-3.92031864684216
3.05904416289606,-2.52560846807459
2.90215870588307,-2.58706305874461
3.13126474445254,-1.75920915911996
3.13126474445254,-1.75920915911996
2.41416486089806,-1.8779612553809
2.91691698279682,-2.39022405706998
2.29179520802224,-1.51795964766939
2.81080790448112,-2.34603629304534
2.9778494693816,-2.15789866291136
4.19759389915011,-4.69977473477263
2.61527357984449,-2.40252937945977
2.95906870518218,-2.96131116499334
2.69227351250863,-1.9624806318138
4.14274220685837,-2.89767717007096
2.50620863362948,-1.8222310972967
3.19284071021735,-2.30778340582543
2.46428429499566,-1.80794272858092
2.65758419987445,-2.44275775790948
3.39359136771718,-2.66152047114517
2.16980241401349,-1.25566359373376
3.26968247629517,-2.6140516339546
3.67924999432495,-3.78823660056591
2.89020004168922,-2.67353941221586
3.26571512855862,-3.29791128463838
2.89496295495906,-1.94320037234562
2.69620708454824,-2.05617633446103
2.82582026052472,-2.43361458699592
3.16666520116353,-2.2052136538961
3.22073447641711,-2.92591117962711
2.55096237255574,-2.11176948728608
3.5041118401876,-2.91414500089171
3.5041118401876,-2.91414500089171
2.75456776946552,-2.16254422101013
2.09901605360663,-1.06397183915661
2.81036731275217,-1.96780646524494
3.31814205005931,-3.35388959421599
3.3601181504748,-3.16885324426901
2.78149018773357,-2.09561633589148
2.49653639817596,-1.68854585210181
2.570262103791,-1.98075385993287
2.95093910614398,-2.45489163824856
2.93838689596277,-2.44860548472321
3.09356279152945,-2.79488646676155
2.78284761211138,-1.92280826642169
2.42979573070044,-1.57927483369879
4.09787416316454,-4.20580510031152
3.26491667242985,-2.50197760354491
5.28691219229568,-3.59949389896393
5.28691219229568,-3.59949389896393
2.63713426566468,-2.14073730972346
4.22779214580938,-4.43964824066622
2.91247708982161,-2.20901557016366
3.35361038793006,-3.46430200952101
3.35361038793006,-3.46430200952101
2.49216484758412,-1.90523920674849
4.75444911980957,-3.93673310116621
3.22598293731086,-2.46931204405291
3.32816436749626,-3.5742359707498
2.92846473040555,-1.73830035493897
3.12406804777145,-2.29071637733437
2.71214379799383,-2.07129148074862
2.63492913667722,-2.28262407679561
2.69307178276235,-1.91040364158053
3.82534462805747,-2.70447166320213
4.10313717746374,-3.75338793723272
2.79173689132436,-1.80892347191065
2.80254481510385,-2.30575687678775
3.23689077222231,-2.73451767556621
3.36992767516382,-2.04730721418551
3.08635597604483,-2.84193097447464
3.66733391677366,-3.38865131294113
4.05122634169789,-3.64124977425305
3.08852638962465,-2.55247834508107
3.21713986800189,-2.53816069711202
3.19300680161777,-3.12624058878167
3.38790603095862,-2.91740616872095
3.27532967232194,-2.90699859684622
3.32716302867133,-3.24810371160278
3.66144073590464,-2.62782121116372
2.6544737780045,-1.65186097770641
3.33700627913494,-1.44074693162678
2.68731474320668,-1.76835628152486
3.30070104954231,-3.10318694837763
3.15072247250438,-1.4306874865316
4.11472723932278,-4.11193021762424
2.74376683086613,-1.97326417361704
2.91099809880207,-2.15368949341738
2.91099809880207,-2.15368949341738
2.45032332436771,-1.48133282225968
1.89679584087068,-0.656685873856002
3.05165458542765,-3.12375041923581
3.75920710791822,-3.91805525202288
3.03696139126241,-2.49859264245403
3.57630419634811,-3.58973741365054
3.66999420866542,-3.37589899432912
2.92433009671221,-2.59332353586313
4.2882984256412,-2.21169722841192
3.28397677619579,-2.70977178296108
2.72722315171632,-1.95400286075541
2.62145873471795,-1.89763550125309
2.38888769939486,-1.31465743912012
2.75405379443198,-2.40222107902819
3.73633168298389,-2.93165948805695
3.03067217414736,-2.42354744436049
3.46793588158657,-1.14411481526894
3.09214775324414,-2.36415869792183
3.69945229552821,-2.65123134320669
3.16794153081282,-2.05013624583732
3.06590179146107,-2.01921903965544
3.95458241550513,-3.86210316947587
3.09411078480646,-2.77977644270706
3.76651017633077,-3.31428329257952
3.38033077263561,-2.95656838598299
3.77204524250755,-3.28808753948051
3.0876743323951,-2.00874525606578
3.0876743323951,-2.00874525606578
2.99357380579875,-1.78442728525536
2.64277519688235,-1.43940176141334
2.70773242383411,-2.18016705065951
3.26922593748766,-2.90364785792943
3.17579067061919,-2.78302382104833
3.65479429716732,-3.40368665715562
3.33106335818669,-3.17500660387507
3.97838518502321,-2.61159247662963
3.87311893038592,-3.79877308389534
2.96416470006155,-2.70535682161324
3.68251108782337,-3.43909145440971
3.63640940393931,-2.94103745549707
2.73539832836112,-1.97059796217018
3.21893070097338,-2.98787998255616
3.22596866108437,-2.85294177025715
4.59242979585951,-3.82095095836307
3.12913089540616,-2.18689622520625
3.12913089540616,-2.18689622520625
2.58610847511306,-1.5896910025599
3.54421438378214,-3.38336199589219
3.11909449683565,-2.51968469972229
3.17988346394338,-2.58557908849317
2.62281042424957,-1.94657160411704
1.94688589365163,-0.82670725134105
2.98812215895813,-2.37722252005896
3.37448029404994,-2.52015968049357
2.86104009830321,-1.96260006698771
2.86104009830321,-1.96260006698771
2.62397604463881,-2.23375869799977
2.52246073776664,-1.75247548617881
3.07851543276982,-2.05316988235975
3.33851119708159,-2.65326278889046
2.85228715871347,-2.14636670389265
2.54465922481745,-1.61224171501688
3.94752312897137,-3.20214122561564
2.3466817602657,-1.23152437514369
3.20577017585191,-2.58685065285336
2.10223516527891,-0.636884847846486
3.06801221975569,-2.43358560025961
3.64140441840883,-3.28045745849781
3.64140441840883,-3.28045745849781
3.11915999656011,-2.49485891787885
5.2948796945073,-3.45972258607052
3.23504905396968,-2.91680526174822
4.1148655730457,-2.88162763075921
2.87078168080371,-2.09362600586185
3.01008472453223,-2.23130898566177
3.23592128772696,-2.51605074917205
3.23592128772696,-2.51605074917205
3.20402650938852,-2.00446986269376
3.86686525224033,-1.75338847851133
3.69448495964523,-3.35252201148076
3.07327533483489,-2.27582340840838
3.18184548773216,-2.07430190439445
3.5141637055507,-3.33335350519821
3.82853803556176,-3.66916336174055
2.71926051497236,-2.1554363107897
3.08955074010662,-2.48959335399111
6.10560018291108,-4.53231707860293
3.59657644810907,-2.74072450593285
2.67604594372899,-2.34439097634349
3.11010587447117,-2.37780916490724
4.056773331173,-3.86978566400528
3.52726790220061,-3.3635269544798
2.75770944529918,-2.09683400337195
3.11795544834038,-2.63694690766409
2.93794839330423,-1.91285131214336
3.71968775275433,-3.05677657459483
3.28335504301594,-2.19225922576674
3.43252748588236,-2.20110212255462
3.04044089644456,-2.38075020328003
3.04528239451553,-2.69125042575588
3.93678553207526,-3.48004574325911
3.73531362485384,-2.4813560446198
3.74168528406974,-3.03388383466869
4.60982144589078,-3.18149742617274
4.60982144589078,-3.18149742617274
2.54906678366281,-1.41831989341405
3.34462839298743,-2.57562320762826
3.39835280645096,-2.99482782086255
3.30837135375664,-2.24352057547454
3.45451119886132,-2.31436719887395
3.21662624429833,-2.02967784542213
3.12988304768694,-2.13506579791865
3.12988304768694,-2.13506579791865
5.4278864874271,-2.98665063880548
2.97261426937055,-2.03287955130935
3.76339554609707,-2.40409823330468
3.34749163165419,-1.92236727349847
3.42783875305633,-2.89080526027939
3.13369559286984,-2.3457644838546
2.8101021852805,-2.17808199882823
3.27500667347318,-2.1519924793732
3.2170647952876,-2.7096778715741
2.87734209221265,-2.44973504434629
2.70563381716037,-2.08688298765192
3.31923649184366,-2.52787249738199
2.47961424279528,-1.20665464327576
3.15067809051005,-2.19529368372123
3.15067809051005,-2.19529368372123
2.93442937119617,-1.94743697286774
3.22304244330587,-2.15854267027878
4.38345643541164,-3.24982192452539
5.54987040504355,-3.03111458464231
3.18249425165399,-2.40719808918066
3.1339245312931,-2.9063892951825
2.6563649975304,-1.90521500054181
3.17280897503636,-2.06023716822394
3.23756493594607,-2.1180296495275
2.22282328423902,-0.613185233574482
2.60027268834298,-1.47283021291968
3.1582953638486,-2.33181035804284
3.1582953638486,-2.33181035804284
3.87031628128609,-3.67798042134114
2.1209645534715,-1.09208356114511
2.81655792898635,-1.58610671288732
2.52514412074072,-1.67423241352452
3.58758785545596,-3.13027390752625
3.88824490188843,-3.39939480922963
3.87497252061811,-3.49206268071653
2.75694422216948,-1.50984427661807
4.09286208967964,-3.09155284461834
2.71126188202014,-1.60122401577344
3.46670614876415,-2.72626768291485
3.73569995632729,-2.68178675873324
3.59372333219172,-3.02615851131748
3.59091276429319,-2.83089507301727
2.34647947758171,-1.1600722665541
2.60160352380914,-1.68416399483293
3.6608258111519,-2.73728263655936
3.4238328479568,-3.05706518681319
2.78556213433312,-1.50302688973394
2.69727234302941,-1.92112236043607
3.32817633988488,-2.18918348805879
3.22435912928196,-2.25364800072263
2.85297514073672,-1.96073096556723
2.86521644972937,-1.93058758345805
4.06290170491659,-2.85577879154424
4.06290170491659,-2.85577879154424
3.01897161606545,-2.13727183133134
3.44684239424578,-2.95056878784298
3.31266976868425,-2.62602069500373
3.62946477362455,-3.17318670910408
2.4272409440831,-1.3037695238974
3.47392135978611,-2.69070146810746
3.80303113362874,-3.17409055701133
3.24127067157361,-2.52388294329194
3.08350250027203,-1.88981468094573
2.6536465478921,-1.07394708166872
3.81007431504123,-2.41910088850446
3.14607001512207,-1.8713104944287
3.21436055720312,-2.59954967444988
3.58753146236523,-2.11536482026174
3.84970949073474,-2.94687893746161
3.26906684833593,-2.03012673235863
3.84894445725688,-3.06025288945668
3.45059486049808,-2.7103696481784
3.33023184626075,-1.83655999365884
3.47520116920653,-2.5868008931494
3.73058498837342,-2.92219349053687
3.83163048609677,-2.98858537574256
3.24859934180753,-2.31570924533271
3.52611541643394,-1.99655117712201
2.64656032798487,-1.24987970667284
3.84639444965716,-2.58147377528441
4.05161878874841,-3.30647686790808
3.18479768939708,-2.0141989070212
3.18479768939708,-2.0141989070212
3.21279594134984,-2.49180962252673
3.45465573282896,-2.16393907752734
4.61069606176776,-2.36111586359808
3.73367853374712,-2.61133629347649
2.67643522877644,-1.19760347470939
2.86455403185124,-1.99410659166751
3.19423243313646,-2.25422388891474
3.14710976854521,-1.68114619689655
3.72743845727926,-2.81555021342079
2.7302185270271,-1.77295130479062
4.04053790449504,-3.05637916364158
3.0201094671507,-1.68362654447009
3.58169139019415,-2.26938852370514
3.22264615136213,-2.05958250051076
3.22264615136213,-2.05958250051076
2.64165092367382,-1.15355750351637
3.14451783839417,-2.39159841418552
2.59201077900229,-1.02526078571962
3.48977306950514,-1.84480580405008
2.41553305977663,-0.82146105129162
3.20050400504651,-1.95252459584231
3.20050400504651,-1.95252459584231
3.8340906204097,-2.61303335954598
3.48251702554776,-2.69152979115253
2.18670743562391,-0.352643515775239
3.09444602684544,-2.27285494800418
4.02883386960056,-2.54432323731629
2.52321047173686,-1.34136428610125
3.87143931182597,-3.52765600074161
3.23724395663997,-2.4071156202217
3.70162961362717,-2.48171816848638
3.71263903092572,-2.32411391875453
3.32083418248479,-1.88647490895415
3.42797929609871,-2.4409337823589
3.83498804241563,-2.91952620345916
3.24612014013113,-2.50000786141195
3.35675789792431,-2.00967662430263
3.63006284654613,-2.7788358878325
3.04601011082124,-1.85293272297696
3.40915231588132,-2.37301824221474
3.05757276502143,-1.7141651967503
4.96018933078331,-3.70787911472064
4.06410303412447,-2.09477000734668
3.15268288955789,-0.976662737758464
3.50623046050087,-2.31076222345901
3.58515965175427,-2.33380211812832
3.0758380014628,-1.30548708299697
3.45608625293976,-1.66155018446212
3.88042832061427,-2.56872151347702
3.86478358404197,-2.18102981970066
3.54544314358289,-2.87989565680795
3.83658243378101,-2.65587705656127
3.93951611476716,-3.42250291240333
3.45666423242462,-2.19573392366681
3.53408614677505,-2.69447377226515
3.32140880355546,-2.26948476666912
3.51631456228277,-2.09706636716147
3.78319512535869,-2.99760456957048
3.15830014137795,-1.73793957897281
3.91687531024556,-2.66111620446234
3.23154433385642,-1.69007291215356
3.88627121663618,-1.72000644238853
3.4588989457331,-1.8040899035741
3.83559828888636,-2.3275591545997
3.55879465662462,-2.26251051518331
4.39316100203658,-3.90091089369171
3.57503414245306,-2.48199275969638
2.80470888702252,-0.872419302464157
2.86997605393692,-1.18341323538911
3.09042388020285,-1.68138958051478
3.53488036632864,-0.206577832119234
3.67308308821547,-2.47942173848737
3.68072929767508,-1.95852477087865
3.5570544376309,-1.61820605718101
3.08251381377983,-1.47763739768843
3.2561505937084,-1.43906475783842
3.2561505937084,-1.43906475783842
3.44237338160484,-2.2314524888558
3.44237338160484,-2.2314524888558
2.8906753887696,-1.53405309904987
3.78739246611703,-2.54712165656471
3.87311094946822,-2.46875144489779
3.46899554710102,-2.11049551588501
2.77338225221443,-0.649449231183622
3.4622934263321,-2.44413414928878
3.89763271678317,-3.0418199795743
5.3597701532585,-3.44585281015598
3.99190019288601,-3.2832339086037
4.1415038484772,-2.85913074732748
4.91051177844823,-2.8530576970448
3.50342912455349,-1.96061057537843
4.16260224059172,-2.99908531185039
4.50657616280132,-2.23704411860431
4.1614645678526,-2.248263821674
4.2437132728842,-3.33222471838707
3.89622336077666,-1.67918442153502
4.12023424023431,-2.72460732502899
3.65386331735104,-1.99816836301044
6.37586636567729,-4.34436102025321
3.64865382224438,-2.3153093561506
3.94055796030274,-2.49581098109054
4.05265892177876,-2.87287944754266
3.5439917378178,-2.2996270748425
3.10067946262388,-1.46987881853269
3.46528978115493,-2.10445594835357
3.86190367636681,-2.73378211225437
5.35022675777931,-2.24733923454399
3.66302634587154,-1.87107224856461
4.15688126269966,-3.08683274935588
4.86326733823245,-3.50131599146663
2.97081033698075,-0.993016351216011
3.55383478207948,-2.07847113150623
4.77043875593829,-2.61244685425223
4.37719332151317,-3.34355383919308
3.51098129371416,-1.79773942172553
4.30141129726158,-2.08087532987856
4.19984266309386,-2.80982142012783
3.53810659362912,-2.20487827892892
3.74787797055953,-2.04448740773806
3.70038802760942,-2.36601401592997
4.78951613362946,-3.19851813600326
4.10239640226166,-2.36904881230751
3.10670937499458,-0.883402706589963
6.07539234982843,-3.09712877537337
3.76679364925954,-2.34350431445657
3.80471295570453,-1.96556586229677
3.75447062686718,-1.80380257565026
3.23581521106987,-1.50720768139589
4.33781845683026,-2.20118559244283
3.5769319246358,-2.22809754698812
3.38412959241547,-1.51224545696188
3.34186778679632,-1.39178603655699
4.59707577725932,-3.02513061286674
3.98060004816122,-2.68949110510258
4.02539123032521,-2.69915952467263
3.6530819924365,-1.75482937615765
2.8153957951117,-0.0834391224545486
3.52606202034303,-1.47914531821277
4.25348263630529,-1.69741628482782
4.25351394238787,-2.48013774290208
4.86932379463659,-2.77576526924262
4.13405795095815,-2.41813951289759
3.75020502957562,-1.79860914624794
2.80553242561501,0.129510701198285
3.26708418588438,-0.696986461142258
3.91865259819321,-2.5569553724117
4.80654279837619,-2.5567974769963
5.44331507944144,-2.68870739164491
4.04386812630257,-1.98113765814246
4.06749378218146,-1.72424251712846
3.93456129059524,-1.00952647935316
2.67170234690801,0.404195153751911
5.99619104013143,-3.8895313278863
3.66686591811549,-0.808905170162744
4.02356284770773,-1.95804176579295
5.46662840773926,-2.79107625795251
3.91625590483922,-1.75568974377431
4.04801620587336,-2.06329191170793
3.59851511474068,-1.22237892223913
3.90758400114952,-1.51911763493993
3.8477694151632,-1.33085350263132
4.23176685681335,-1.72917020328761
4.4600927267309,-1.4859732154565
4.33212709595449,-2.20039127800428
4.36392557543234,-0.865583862003013
-1.51348545071232,-1.90493448540425
-1.37889046503964,-1.45611750014554
-3.45290084328231,1.03972428679822
-3.02488127534124,0.458245798314999
-1.72922981036224,-1.40072624258332
-1.79658849895522,-1.41716436248999
-1.51770365820677,-1.42167550646744
-2.00707814135527,-0.597273727867441
-1.43145416044838,-1.4686681333083
-2.93073181912177,0.450399083536813
-1.71424473528172,-1.17208634994737
-3.06337757355508,0.644103999336765
-2.10636410101018,-0.605692139184751
-2.00347122219333,-0.760987955090287
-2.78436374689797,0.459901846885075
-1.49164942830678,-1.57538058674174
-3.54833990569811,1.43149151909529
-1.91113379599971,-0.798111234982763
-1.13730296449714,-0.850090620034969
-2.54490415016286,-0.0997760944970406
-1.85350849277175,-0.882982086419537
-2.56639873164666,0.406199217108096
-1.94304231495556,-0.572806489400792
-1.8053117764211,-0.810702893447762
-1.5715377555676,-0.861877580058473
-2.3209481701259,-0.0580508404366237
-0.539974929756307,-1.9772260707543
-1.72681041732496,-0.783381308911035
-1.90367031429977,-0.345197136444406
-1.45461345992941,-1.36576936395608
-1.45356143263485,-1.28207533895685
-0.937140890937662,-2.21889941589151
-1.1969546031564,-1.50430015683802
-2.29883061027196,0.137450233044015
-1.908439171459,-0.475264697837003
-1.35743411388457,-0.857574414948906
-1.52823934779268,-1.03601782968372
-2.51578802299645,0.167514993887717
-1.13960967506211,-1.57590252149429
-1.36005086483283,-1.3374888426339
-1.12882201869034,-1.67112415879604
-0.696693718580872,-2.23487487044608
-2.26070012841305,0.0735981291208495
-1.00915263991947,-1.49455367702562
-1.02863549089013,-1.9165877977203
-1.32383957982216,-1.13399550883893
-1.63889831872358,-0.74267458437774
-1.91879544426977,-0.325896788902177
-1.47056490368273,-0.745190425269253
-1.61756028982088,-0.981941476476835
-2.5507086182476,0.319370416080993
-2.02000518138333,-0.254083594413062
-1.73581516571255,-0.802870734097324
-1.26274687564471,-1.35193789438402
-1.61148527552235,-1.09229423217475
-1.85184727692466,-0.494616691996577
-1.19422105520914,-1.2357250469649
-1.81216808010333,-0.494806694153299
-1.17418934129673,-1.50130699769557
-1.91612537188257,-0.357267469338474
-1.49539892614076,-0.78538012796471
-1.79849530201721,-0.627790519421034
-0.652776172524494,-1.9219402802366
-2.44430476279388,0.383082807433918
-1.57899153727484,-0.685274835862405
-1.31985120312026,-1.32983520388438
-1.66892800946534,-0.828531179580229
-1.83863997898607,-0.510565176512197
-0.956178655445403,-1.72355893807982
-0.729644265378767,-1.6911402259909
-1.39059893959334,-1.0951568047868
-1.96186418073837,-0.2689657922296
-2.02507027815205,0.0017506448495907
-1.24023264176765,-1.13698268815981
-2.2192927054534,0.137373212984405
-1.91257056878149,-0.101089764630081
-2.17340058289537,0.104754740379772
-2.19958484533838,0.0635278375277227
-2.73528957312624,0.887700487513318
-2.16350722298875,0.217798666592992
-1.81188461946423,-0.372938108801947
-2.34531675742869,0.36087289643485
-1.58284159840811,-0.59035639162299
-2.20703188407079,0.193702239222291
-2.20957453464092,0.160532202055248
-2.45934758175159,1.06471118566257
-1.57119736697469,-0.686268036670393
-2.15779470572679,0.222456014893165
-2.61720956684882,0.572784787037138
-2.20379231518629,0.121628729214469
-1.4227120200125,-0.887839789923937
0.712838749720248,-2.71757522537764
-1.55830940496361,-0.694428082944723
-2.04717458124015,0.0601164134269825
-1.44073718442233,-0.578212728836153
-0.976921210768489,-1.51748066982357
-1.48748277752656,-0.276050901068238
-1.70394025296929,-0.323176301449434
-1.37828207454708,-0.958699818810729
-2.34185935912296,0.406867003308384
-0.886657892319277,-1.69645171949541
-2.51420896356111,1.08839810735386
-2.10211386049804,0.0464205803963739
-1.4504983592898,-0.754588962729482
-0.450929848236767,-2.09113486692608
-1.38363115933325,-0.669602966738687
-2.53678540272727,0.795119870420712
-2.01146621212708,0.0327578111755525
-0.871866879656248,-1.62040893347044
-1.96131135964002,0.0596300112943304
-1.15382835450133,-0.985163912678485
-1.88240127335149,-0.170434241595556
-0.8692117144797,-1.25851207063436
-1.36951176497749,-0.767369182084648
-1.16494056715974,-1.09648919008454
-2.31069072706253,0.579340806401607
-1.72639218673463,-0.365880411114936
-1.62920616085696,-0.549670091443691
-1.51775416814146,-0.344594234850088
-0.816083048227076,-1.62056258442404
-1.96578080991458,0.0895240377293762
-1.60033456110203,-0.268110154128145
-1.32677874748422,-0.849788042100716
-1.71996149737507,-0.238129268523372
-1.24990093610503,-0.820274724759396
-1.6332235113952,-0.643779055332527
-0.811880347770345,-1.52995854799489
-0.692632332820877,-1.84700753249243
-2.02303050230569,0.0384688304985383
-0.997916273419662,-1.31536104787166
-0.111166805780603,-1.51682421976898
-1.87696925258932,-0.294065651432194
-1.7765363272,-0.0946424684387211
-1.72075797556493,-0.362762491661569
-1.21855242598842,-0.995557065209646
-2.09902538045663,0.327506198801462
-1.75799601880735,-0.276401387020915
-1.52342972885424,-0.572354476849919
-1.86294875391376,-0.0610384368585641
-1.56017856613883,-0.649871566365653
-0.71234771745529,-1.76138044076388
-2.18826067776151,0.510249435577171
-1.32936567806456,-0.682679435401133
-2.26220948379495,0.157131853608403
-1.12112726360675,-1.05851789926431
-1.50466114191435,-0.797558791255894
-1.33631186272632,-0.848957548464977
-3.05719834860336,1.72998637185487
-1.98466644034997,0.153244441902947
-0.495084051813371,-1.82291973127235
-1.58971991107249,-0.345619856607322
-0.533924446839172,-1.33583147720383
-1.52149508397707,-0.635592528017333
-2.37610672632652,0.469844754902907
0.251666339130681,-2.60312878366311
-0.593547870262399,-1.41830332172404
-1.72630404991741,0.019271960481039
-0.764888490914423,-1.39474101571133
-1.98670843916131,0.367479449154568
-1.89782355229289,-0.317185719967057
-1.97550001382331,0.162056893460582
-1.85759659306306,-0.0163303081853853
-0.351793333400292,-1.92984202538797
-1.66313579636891,0.0534122629476379
-2.09073759691873,0.0991217135136506
-1.22175765658466,-0.718840365447377
-1.38195784758327,-0.54718032756649
-1.92208858195433,0.0151145320162953
-2.15650748943474,0.308005445453106
-1.89659431372116,0.0874642550963937
-1.47307895757724,-0.569859603659219
-0.92644815830572,-1.25855376118845
-1.44659049816821,-0.745559859629952
-1.94278692211538,-0.191433837564829
-1.75486173426224,-0.21586172722219
-0.58742844567791,-1.72035701449686
-1.40623064019341,-0.823939815782229
-0.849125524620927,-1.29058604690692
-1.48012150306067,-0.632574077413131
-1.82263199874891,0.0620608848597452
-1.13037367595051,-0.600337132488695
-2.13168458821136,0.364276626421774
-1.09389690389326,-1.04290306520108
-1.66287349573786,-0.189435145941536
-2.20769799317621,0.680993152624798
-1.28125496406603,-0.402687705409171
-2.60549097101674,1.05925055465012
-1.05312883441661,-0.864277882370429
-1.87305120747331,-0.0724415476955845
-1.13376827170783,-0.833494011628132
-1.22325500066998,-0.82492588137595
-1.81484493021756,-0.0128498339136354
-1.02027145335661,-0.783594562235385
-1.98711590449899,0.315551234583606
-1.03632477323317,-0.910963031102919
-1.71102793436211,-0.17727273587252
-0.907889252332814,-1.31517320062949
-0.823698788020692,-1.38365840555594
-0.0560183968575639,-2.27088006729372
-0.949801650267272,-0.918748449719474
-1.40754511449301,-0.346920477212451
-1.49391495647336,-0.246457148167354
-1.53033303574429,-0.462150396337072
-1.95276949916746,0.0848636238251664
-2.02889206892644,0.386231810183067
-1.89449671764679,0.0835787612279312
-0.71033322702356,-1.59979938294197
-1.31721644641065,-0.695737064852257
-1.93826646159251,0.375251680008055
-0.675058010273589,-1.26447101610979
-1.70169144047325,-0.047194239115737
-1.59826757425465,-0.023561841780324
-1.98812470342403,0.507312880768474
-1.82818015462459,0.100295862997692
-2.20620633610645,0.395796982749163
-0.59457712553296,-1.88623936885722
-0.707622165580128,-1.28939310337927
-1.98421430617812,0.254694866698125
-0.0567592434279808,-2.23043363793847
-1.50203337009009,-0.339389133110094
-1.14296671010037,-0.773688594972187
-1.71648315480995,-0.0990016642304763
-1.90628849901072,0.25059951506697
-2.25349504328534,0.673037052642662
-1.2391533797615,-0.987785734544842
-1.33129737403212,-0.191391412184344
-0.594776419431868,-1.55345758496796
-0.502276937782563,-1.52025129662495
-0.658090288518355,-1.68498736918436
-1.15872589850324,-0.719865448563145
-1.96224742758135,0.234106552913978
0.310470010702331,-2.8426360923597
-0.532845181632519,-1.53339353286345
-1.91392946943016,0.153596040600031
-2.03748041118311,0.338953197836921
-1.22386360743746,-0.702878923079165
-2.22188314111348,0.605042572191025
0.231434472066912,-2.47322907274931
-2.14661774882409,0.635510781267738
-0.984107308134886,-1.02912469917235
-1.64972290127988,-0.216864333372639
-0.617110096292448,-1.48607875493227
-1.88339701317955,0.356639468487017
-1.68018503000832,-0.0110319124080477
-0.969949072985876,-0.78561032343003
-1.61376174246223,-0.322306944096443
-1.03654297136037,-1.10886273131997
-1.17510377177739,-0.826116291978581
-1.34145143875139,-0.737126838068296
-0.754558486412931,-0.912873064746777
-2.10126412579139,0.423480974189313
-1.17485746926969,-0.28476625169076
-1.55287496036238,-0.0795997293453652
-0.626039510211653,-1.14306742911581
0.303773620346461,-2.48675282860836
-0.917443103555472,-1.26752509008046
-0.910909574735177,-1.28223997120107
-1.03991558543183,-0.863301073982588
-2.01161901149305,0.465415158892822
-1.91384376891783,0.41875099491505
-1.48709443063483,0.0289076581957882
-1.92396502779819,0.207794196487191
-1.20599763516542,-0.489663932376678
-1.10499727805674,-0.732909953650859
-0.723349619343249,-1.06054999782981
-1.48749440898776,-0.231461651776972
-2.11612738263163,0.514745927052564
-2.52572897039313,1.15565770881001
-0.137450958308207,-2.06608829711195
-1.61437772625057,-0.0922072038899232
-1.25979902814294,-0.467071320047532
-0.248209565018471,-1.77916190518902
-0.969993135751271,-1.08162615820774
-0.735001847982838,-1.34716802545167
-1.8116105778788,-0.0695257117479719
-1.23068962935406,-0.33193405605559
-2.08931608093672,0.4867238084002
-1.42239353130069,-0.308256308052068
-0.948302023764677,-0.94028208595756
-0.788456347463097,-1.40888669055555
-0.789875209767635,-0.950225221071924
-1.90325033097958,0.229913747474478
-1.35274022382747,-0.492943095407856
-0.8198863244402,-1.26630839950305
-0.485555680512953,-1.40928519512321
-1.68497447433578,0.0601795714115814
-2.04610645359026,0.679138789440661
-2.001274438002,0.454784508355917
-1.16489546654297,-0.632135381730226
-1.79040861534011,0.222508618277488
-1.06696571073725,-0.877001104661941
-1.5382008405098,-0.290622558366799
-1.63438247230698,0.0150428488094621
-0.789787366685635,-1.08415668995921
-0.817624160163231,-0.818537895544082
-1.73826713561036,0.161019206605187
-0.888882743801834,-0.569780363042679
-0.259853988910824,-1.97400278633472
-1.64468564125127,-0.150056827253998
-1.10727593641556,-0.962681284103186
-1.91727284604684,0.373603675852989
-1.99647852529666,0.551989927234264
-1.68121946493056,0.0833813119517966
-1.74596718094409,0.110895437209616
-0.295023533502637,-1.93798625962323
0.200795193673691,-1.32312164460356
-2.45537982326671,1.20165940951762
-0.817267164383106,-1.26014600961439
-1.52362956767062,-0.161301265074797
-1.56689466089774,0.0720143383411201
-1.29044772369911,-0.325316557128119
-1.86830384086263,0.311189609344097
-1.39445915831372,-0.345310246249818
-1.75340507048694,0.0817456809941423
-1.72296886664359,-0.0359810750454382
-1.28189938789643,-0.0473312039208002
-2.09490137520773,0.527047628497259
-1.29037840277883,-0.516038738640513
-1.99546994393389,0.441197421348155
-1.59687713734264,-0.142603339289075
-1.26247359509268,-0.337974972863919
-1.43838909008714,-0.252802292103752
-1.19190319316702,-0.644825944944595
-0.406299641571102,-1.81672985883948
-2.42255539991895,1.13368817014563
-0.697038359991474,-0.945167148809586
-1.09988583806984,-0.686346167085739
0.446640494557099,-2.7830581341671
-0.668456719596808,-0.841463079680731
-1.33298063908816,-0.360021964591256
-1.53413196275297,-0.0068609116516619
-1.33081268897085,-0.498734568624143
-0.93526405411117,-1.01720670834011
-1.76050975621669,0.240708491064278
-1.05036555657331,-0.533831080836394
-1.78294347457912,0.389888567877508
-0.791621702708256,-1.23537351225038
-1.22165361799198,-0.379634222843297
-1.24450504443511,-0.592418909184417
-1.38788433866498,-0.224831079995489
-0.934643259086057,-0.856541363885679
-1.68012411062717,0.111308597759876
-1.59040887446924,-0.150865794487963
-0.866431934057515,-1.12255311028446
0.332796966240378,-1.92200015340341
-1.89876294362242,0.43259381987137
-0.570123739199527,-1.65141353306339
-1.07684639472461,-0.676609276703039
-1.59436575420813,0.142050374663047
-0.412833921782927,-1.23757843997895
-1.41778732967411,-0.354083424925914
-1.54360776365252,0.292588968020275
-1.34615846186904,-0.0647588513995082
-0.805297031859789,-1.12037621426465
-1.36915717349167,-0.122463760736406
-2.0474363461085,0.612102444844571
-0.289330667488635,-1.55875271546705
-0.376627983362047,-1.63474995594926
-1.15370413620049,-0.474909579704278
-0.79783707184414,-0.895582732856751
-2.38677494899477,1.04800466594568
-1.41220016148153,-0.21962273976711
-0.697308084945421,-1.16394427210535
-0.547453081440169,-0.697454907476337
-1.05159623329455,-0.65677369129614
-1.1834861801824,-0.693139866361338
-1.19766610366266,-0.501548921644103
-0.999923682625351,-0.789976228381749
-0.874345051996736,-0.774349746838908
-0.0803623751765649,-2.2853833967859
-0.799257154787782,-0.938930915066608
-1.49148369677027,-0.096095434271453
-0.307090912214807,-1.88224113851091
-0.961362856752247,-1.26768133411921
-1.2352493150334,-0.269958027569153
-2.13711041314049,0.861122624257841
-1.4533725842235,-0.175710505625444
-1.62786704838905,0.194556152415415
-0.459567672930375,-1.18496283092859
-1.4023171562603,-0.0574187688125754
-1.91469133509972,0.644307364396223
-2.15217464389467,1.13790741965809
-1.47996578157853,-0.00907956684756571
-1.39586055236398,-0.248020422113845
-1.93468857927617,0.367723951854159
-1.38117364983201,-0.279175750230507
-1.09793192915025,-0.425783328948134
-1.43275701403066,-0.318339197484928
-0.517642886956407,-1.5215609324424
-1.0404719798363,-0.248880966471143
-1.11649510963947,-0.651928881205725
-0.753718751167962,-0.93229117400753
-1.13999534199687,-0.538159116338295
-1.61932772029796,0.374736870759305
-2.16256224507291,0.902212408758768
-0.738943754109677,-1.0027547078479
-0.55378580505569,-1.32909133660285
-0.547668081437914,-1.15030730874805
-0.895158590101005,-0.759392141934684
-0.841888659099363,-0.956595178688048
0.11944652548017,-2.14072611120217
-1.33599663391023,-0.272276890919919
-0.688518598397756,-0.940941710661319
-0.981252252759914,-0.701155530057456
-0.978709705216958,-0.286412973519177
-0.675706001121243,-0.771385218196268
-1.32142232303563,-0.125944340262571
-1.51151691489787,0.00369799292186272
-1.43423520415741,0.0675820821722229
-1.45469603565281,-0.118739389975772
-1.71636695321447,0.271938697432895
-1.72198856408642,0.387499441821191
-0.948660240092606,-0.484322411318941
-1.19567991246297,-0.312569680741441
-0.964229600858886,-0.699551236133823
-0.348530975431764,-1.45603609196772
-1.11233709700839,-0.486298074572087
-2.24560251273135,1.26579142028661
-0.828897092738596,-0.622770755855906
-1.35410153953474,0.00316566600310568
-1.98449544637959,0.734763597786641
-1.55546292425264,-0.122590769096492
-0.503129617364359,-1.16992391340012
-1.75172175425418,0.377342682064211
-1.00567844088009,-0.684978658881184
-1.50837690440389,-0.0305540837077439
-0.473524842990855,-1.12700438615176
-1.17244011011315,-0.36554162733922
-0.807374956286382,-0.929605916087337
-1.82249798247537,0.680173863315069
-0.499196745881028,-1.34865093101816
-1.0210290236894,-0.45258126960652
-0.541723615402021,-1.27988067771104
0.15187231250743,-2.06005595211832
-0.905166244974021,-0.682306350868754
-0.899299027666913,-0.760814892008348
-0.857740054681814,-0.551854481099111
-1.62473922132458,-0.0262790807341999
-1.0763345408173,-0.808849544938114
-1.08724736001095,-0.610846280915692
-0.903875535964234,-0.703333809960997
-1.4777875207828,0.0228392890105
-0.087334225044777,-1.74455356488169
-1.05232650928517,-0.466743680890697
-2.06030727476492,0.993531500403437
-0.513831608990788,-1.19105357755898
-0.86414753366797,-0.653631081103894
-1.38129571228921,0.126084631118631
-1.46581486835439,-0.009766183000923
-1.36093416966921,-0.223720189266364
-1.25998708580395,-0.190574197946735
-0.51203755416827,-1.17115428727135
-1.19299643994517,-0.427279673112192
-2.50441682852452,1.47715522833931
-0.236397152866757,-1.43981315378647
-0.899686587554277,-0.699800514705911
-1.08237075222096,-0.47150781421266
-1.69970019125607,0.392461323614394
-1.1258578802384,-0.300862071157432
-1.11479679965421,-0.422131201116989
-0.34254033558906,-1.51176860538154
-1.2599656733257,-0.34404165930866
-0.582731767362462,-1.27404474272522
-1.18997669278088,-0.466794294198877
-0.499854364530611,-1.07213586155376
-1.45016416924561,0.162205021125922
-0.483881478612588,-1.38664423024238
-1.71585520410967,0.185268369336923
-0.704377871758343,-1.12710411727597
-1.20423888178927,-0.0548202470263205
-1.46225886269463,0.0494253238779299
-1.55988769846363,0.104084987934923
-1.01962676753574,-0.504115786535489
-1.77414607805943,0.298159843053774
-0.874547666099423,-0.668512894403251
-0.831487510985226,-0.747360618701804
-1.51333884251161,0.0471267063195214
-0.910631869909127,-0.409442100928664
-2.08534203036833,0.783418791026259
-1.29609338575217,-0.322146987249676
-1.80347029337822,0.438520959282217
-1.76725813582178,0.261509196459581
-1.23828843625377,-0.263292888038103
-1.59769994844037,0.0782608249504671
-1.20739942889921,-0.107595986160727
-0.917983215289541,-0.395101837664891
-0.679263152374509,-0.663894983208492
-1.61021308752868,0.322261704249073
-2.47364701191985,1.2918157235268
-1.03652034277442,-0.575355649590254
-1.18397264012334,-0.422673780547245
-1.27677487143569,-0.286851696470832
-0.995074608908959,-0.57206485879457
-1.30257794298287,-0.0333009934489324
-1.03830235680654,-0.479188053491229
-1.53917745083881,0.19222822182769
-0.106773277332791,-2.04305698854582
-1.53575913373595,-0.0282034690886762
-0.199472595518039,-1.92364059657589
-0.0857766495366959,-1.61647655927095
-1.03036819031158,-0.551771797433018
-0.511522427630459,-1.37862195730442
-0.878929150580518,-0.943845674420673
-1.19600716407596,-0.514231955330143
0.246860472700524,-1.97469995564895
-0.479898955687967,-0.845830345485641
-2.07841963365947,0.89762629083643
-1.52144617478383,0.695765122559261
-0.971740065348317,-0.459052871621208
-1.4911974514081,0.0833748573208396
-0.409449624484914,-1.47425748887104
-0.668295303279634,-0.703441017644443
-1.56133380534828,0.281025327230414
-1.55207226394704,0.324149162293936
-1.63070577815695,0.0961051995222048
-1.53360070021348,0.102899629964464
-1.86697511276206,0.766602695729086
-1.00157883108752,-0.384188178475794
-1.05032767805793,-0.158482654133358
-0.739307635831795,-0.712641822315134
0.40539712784278,-2.28789615219317
-1.12174604200293,-0.365093748898758
-1.09635601266144,-0.465375207704981
-1.12793172100971,-0.199306278120833
-0.819368956904606,-0.453823511475352
-1.44806993753679,-0.119911442842699
-1.34313373930881,0.120242420198468
-1.11402182286423,-0.19176842105129
-1.14332815811573,-0.300066694160347
-1.5236730462161,0.267002702627053
-0.81909148339648,-0.83691941658324
-1.87373419951601,0.711924158204823
-0.88872465277068,-0.918490239271146
-1.44006504174867,0.115649654930337
-1.69972855591241,0.453932116530072
-0.169726599023239,-1.36887857403641
-0.613919174308165,-1.10017258540442
-1.71500232251654,0.332798094643831
-1.08103562647233,-0.280707435026174
-1.83133716800678,0.610895906948271
-1.60573843098618,0.246336391251317
-1.28322056965974,0.130467291778692
-0.776730374684777,-0.921997401178342
-1.05971216017851,-0.39039509796042
0.0803460323762014,-2.11732016861434
-0.608711495604202,-1.10343612472614
-0.622367947554719,-0.921798556026442
-0.792361328454171,-0.845389950399806
-0.873717313187574,-0.391008726636735
-0.949527800455272,-0.654003072792718
-1.37481728414588,0.0762095444036867
-1.44336970604134,0.280078005551847
-1.90166086606204,0.759735884667723
-0.228423882694844,-1.6823995638479
-1.19739797207035,-0.191372840890474
-1.45910017885715,-0.0124136704609508
-0.896402584791429,-0.825250584671951
-0.872799657271783,-0.541681527590212
-0.791576250378856,-0.685985976474207
-0.0217600068684608,-1.8338978723105
-0.075874122184443,-1.68496607936964
-1.59759133174071,0.0110318265116091
-0.911886767465592,0.109422531027295
-1.4131148294371,0.41265170690303
-1.27282740715779,0.0203149911750697
-1.88634550524196,0.707225543997382
-1.63269783516307,0.197072303995463
-0.714864613358641,-0.420396512399293
-1.03660387270971,-0.468463907153904
-0.44746448682669,-0.885990458606871
-1.46274103543997,0.063430260245744
-1.65225026290538,0.441154767260154
-1.79390830701745,0.618050855132935
-1.59343405744824,0.235484905659543
-1.02893460776627,-0.199429428917568
-1.11408954445834,-0.0881647796721214
-1.00651201444476,-0.249474567285498
-1.70706450512679,0.527484957797867
-0.117385157266749,-1.93387129182075
-0.969048232592874,-0.261057322911222
-1.494540226707,0.101932129279444
-1.0080622930371,-0.662560219182039
-1.36561807329757,0.0604529385868324
-1.24259606408589,-0.067796093543713
-1.58839081501303,0.351251647614659
-1.12041068462092,-0.122834284950694
-1.36705416182111,-0.103486496111596
-0.396362802959357,-1.46023287735853
-1.08105121284604,0.184540752209379
-0.680135100470862,-1.03729937882875
-0.986747152479066,-0.272089142089003
-1.29865775469841,-0.0565120223708187
-1.47911133540783,0.377549183412672
-1.60179540625954,0.3363155368608
-0.819086159258953,-0.749195949405491
-0.907689532641378,-0.685029014737606
-1.10601538341176,-0.121972827441554
-1.24450969272981,-0.0836826750446373
-0.0370390665567596,-0.994369889925966
-0.90695199089288,-0.862844755267463
-1.70816137650603,0.605650454990635
-1.95146268252663,0.766421333814937
-0.241052535257048,-1.24775987661647
-0.863755334222002,-0.79138138694302
-0.42649607941073,-1.22835794488809
-1.13568237721559,-0.309683142803735
-0.967628014665889,-0.214441479703983
-0.723205171180246,-0.67798271071688
-1.03375807098088,-0.165588080378242
-1.74837245813752,0.880246723086905
-1.52065018899999,0.129919840646559
-0.430629458389122,-1.38042324110114
-0.354705979625574,-1.27652888487646
-1.11355189539991,-0.347194970273654
-1.44984741587797,-0.0324308287062614
-0.502437524114034,-1.23916716566314
-0.763913019265531,-0.539411424943169
-1.41822867639295,0.228251579153315
-0.0116166139003996,-1.49098164645154
-0.971004513843266,-0.416959943742139
-0.745119177827694,-0.988542441077866
-1.05579488320508,-0.178547572229422
-0.730651110333023,-0.789749525811644
-0.995689946448385,-0.434530739009415
-0.328248541168755,-1.4034147375122
-0.097375640103632,-1.87915533304536
-0.116386149216613,-1.6904410560474
-1.74094162335534,0.294341772840801
-1.33844298418249,0.0301324851359906
-0.208342445260933,-1.34050667050535
-1.16578673178718,-0.316802267528383
-1.1906596203715,-0.136234046382502
-0.302501544157584,-0.950683688007502
-0.169424191858041,-1.41583688778315
0.510576563793695,-2.21051626860166
-0.405175849884159,-1.18802009976939
-1.33474390338337,0.000106273640563426
-0.460772492863096,-0.949995202097402
-1.55158921731263,0.212946707006909
-1.94248141354683,0.992957348375506
-0.432501531752053,-1.1974387857412
-1.01585056306394,-0.650597285029871
-1.86708012152297,0.742163081133828
-0.900801657017567,-0.174263888076419
-0.917605753688497,0.0814661710780654
-1.16277037520745,-0.129330696117639
-0.812228525596109,-0.63633264764236
-0.974994669682494,-0.296929518798403
-1.43013337540712,-0.0829751920376122
-1.46542326460963,0.303580326042724
-1.22498245240009,0.0384971090428994
-0.887969720751716,-0.350889300247229
-1.5405613050037,0.648437816092628
-1.72233919343597,0.634264766507059
-0.755516772881272,-0.665486364873073
-1.07893866048893,0.0119764651714412
-0.971645789374335,-0.071144301381833
-0.784061674349689,-0.567513884264481
-0.976121452607474,-0.383935174498923
-0.299411271525519,-1.31004896474698
-1.04806635401058,-0.187486162072123
-0.840216007147274,-0.703178555636948
-0.854957890676084,-0.860618687587537
-1.42125051725529,0.121252953855876
-0.513947758425128,-0.825852603102098
-0.631312428371073,-0.713908112279883
-1.22868064377731,-0.00796881655216004
-0.11814543950887,-1.62668062819566
-0.416526572089988,-1.0387112034617
-1.23234311470323,-0.0344459311869746
-0.144536831658257,-1.3290293079587
-2.02938241184578,1.49324388817444
-0.741297989947987,-0.696702885242776
-0.677600592365259,-0.940530688914181
0.102615035963877,-2.0038977412591
-0.5544878199242,-0.992638105299616
-0.326778954522346,-1.40733474053538
-0.71415019113737,-0.757880120855252
-0.503418139226134,-1.2117521245452
-0.935239153574958,-0.310156744028367
-1.12507952436174,0.0961051624589249
-0.334082408101339,-1.00074021324128
-1.25543682891303,0.023220810605039
-0.703819508334775,-0.596446924964545
-0.329664326404066,-1.19890608302459
-0.356458053804267,-1.18154959238134
-0.980179107409111,-0.23594250822753
-1.96238514638381,1.04267045735064
-1.36037745856039,0.0747782037174116
-1.34173923634645,0.143679486423196
-0.873344329999513,-0.421257010888032
-1.11894187699931,-0.464354070284956
-0.514146935324958,-0.832871197400816
-1.16991761926196,-0.352908315677314
-1.44765799565408,0.323200400859368
-1.11769156751173,-0.300989405132222
-1.41430881851355,0.295924853176581
-0.424925692392536,-1.28115334646645
-1.01657399198427,-0.310222143037833
0.0355962985549172,-1.69541334370285
-1.11018346111369,-0.156274584814328
-1.0408204275072,-0.438141102765309
-0.507663365524276,-0.6864666122106
-1.42465084474185,0.267581570762393
-1.06741527511289,-0.42965491148634
1.35422321044452,-2.44011168931127
-0.207976287601152,-1.37187180759171
-0.956075913186208,-0.149416748746287
-1.4189808472709,0.340507765894235
-0.605284960733558,-0.418993571080098
-0.655702236975273,-0.904366792435587
-0.669558102434078,-0.774653946682705
-1.44366480178402,0.321314885539882
-1.79516750208709,0.853076606845662
-0.985328294814974,-0.389312474608248
-1.25695714596267,0.122188001636007
-0.419779148463269,-1.13346137854567
-0.974201696190614,-0.432676831956878
0.36399880646859,-2.24499953891476
-0.692809420114614,-0.723683083364896
-0.515915714195117,-0.818092075689588
-0.878884830695824,-0.272660826936859
-1.75295956001016,0.638100242305945
-1.78797787184184,0.685615972538648
-1.02102225409,-0.138972459452848
-1.14929227680685,-0.310672045277478
-0.0119090999891377,-1.8233241092881
-0.509956600620199,-0.91824240572368
-0.710584153977657,-0.96872391721254
-1.02079914197528,-0.471801411239481
0.454495312481829,-2.22873380697375
-0.438895876303308,-0.762594012709644
0.0495486948460858,-2.10500286311791
-0.530642309654157,-0.815806769239422
-0.551961716455722,-0.922669511586921
-0.94433652784737,-0.459571130055297
-0.386920187163839,-0.840131687664414
-1.38632970841666,0.0601464237073607
-0.259571749250881,-1.25656254446434
-0.933507087480846,-0.180745403945854
-1.20396518489194,0.199839765183921
-1.20346500074638,0.134877749533822
-1.0398661112819,-0.261935642778262
-0.0404907100122553,-0.985731750157337
-0.846437620946811,-0.441209398299393
-0.981896264577174,-0.246519095880063
-1.31151014372745,0.0386865460234572
-0.910150177598711,-0.462190757903786
1.51609255977366,-2.93085730073011
-0.503714949735581,-0.77270357554329
-1.50055359814938,0.395163840184865
-1.40107737546223,0.13745936846276
-0.846034344892329,-0.178411629580719
-1.16820226096442,0.610894114398196
-1.37712537411602,-0.0270977058477165
-1.88226047840231,0.784667218219214
-1.48905274885663,0.288679964134681
-1.19351407107445,-0.170205857051574
-0.079199807464582,-1.28562003419903
-0.627070091152897,-0.887739079312355
-1.10176586456227,-0.163185860463685
-0.740494876032812,-0.258636295304522
-0.284125616405458,-1.55396396431245
-1.00671028118255,-0.25685210542127
-1.29772539911128,0.103036518348415
-1.30530149849092,0.328541876710273
-1.05286741275234,-0.280310532762433
-0.747311113925558,-0.674741597898131
-0.899399312874158,-0.327319257086718
1.01868785266548,-2.47920240555401
-0.930695933500837,0.00856040882159584
-0.475652511374528,-0.649262392573963
-0.826527236917798,-0.513798162932802
-1.10349692052146,-0.189148081676852
-1.43839172455532,0.274137521206645
-0.233928345001649,-1.39370997657771
-0.62606280659528,-0.916917396276406
-0.777247674529516,-0.773448011084976
-1.10396185214517,-0.060663096838181
-1.1476764874048,0.0650462621078601
-1.25184527127585,0.0458188673060064
-0.280879045393333,-1.45720653944616
-1.24757689403214,0.0990222463934552
-0.633556780875765,-0.72381007082237
-0.761017138879435,-0.435446527884943
-1.33583857339519,0.265107093511669
-0.619949750430026,-0.483806106535895
-0.952209293049517,-0.145927450568617
-0.936820806154303,-0.542242907531069
-0.826390974128594,-0.410510765352797
-1.15015435549626,-0.084451204963615
-0.785689197388758,-0.541929274566282
-1.00719681746707,-0.331529576082269
-0.915250589548131,-0.210585385614158
-0.505558645384832,-1.10116884648933
-0.285579571514902,-1.2794704323376
-1.07209731015286,0.0472566420673096
-0.328545329801922,-1.05445990004692
0.252787295547065,-1.81119071966638
-0.652610828065348,-0.304768759965916
-1.15540502357425,-0.0762502180946926
-2.81883041421027,2.11476582883699
-0.482276077220422,-0.902538259316921
-0.801259175278768,-0.58006589589645
-1.49606035924697,0.491649037357625
-0.537964253154977,-1.13535236252065
-1.23234329135106,-0.0742523850526494
-0.78979736144925,-0.676360879973681
0.377191105937996,-2.0796665214637
-1.71359097025577,0.717102268715971
-0.729002069347695,-0.700816204557299
-0.765079456963961,-0.560396447812645
-0.426826638394952,-1.15302869951171
-0.711395455475266,-0.782842905121794
-0.513821559984043,-0.86524981611255
-0.793423635117835,-0.427657758027268
-0.736830908664622,-0.676460961592929
-0.215117904474249,-1.36487717236159
-1.10810469594989,0.185179536560135
-0.936464606949268,-0.316844279339165
-0.821166990140041,-0.776302063029336
-0.841463852267836,-0.171590558413046
-0.887551699944725,-0.342919554442621
-0.798181770306425,-0.159627876077025
-1.57312202492419,0.409160821956324
-1.13772396043538,-0.0411204612282297
-0.389842749198826,-1.17397832481403
-0.779089667305999,-0.433685563305462
-0.23887572644188,-1.41831083777402
-1.20534125057184,0.0654168278462317
-0.0977256732674915,-1.6239740344305
-1.40680003166898,0.303258210951665
-1.15301063730091,-0.122683676962759
-1.36139525642261,0.219542053365996
-0.857538127491175,0.0927240787030651
-0.3655793941208,-1.04423156334757
-0.796938266161999,-0.430870930138152
-0.0406983421681167,-1.30729287529829
-1.53504016207818,0.578843653361493
-1.14682214687572,0.104536488060289
-0.349351887762157,-0.920541704956282
-0.655750959806298,-0.710607049347185
-0.961301958993571,-0.43823356725521
-1.35240065901083,0.173866528380574
-1.09784649217175,0.185851662492897
-0.382774049605658,-0.95664966256706
0.279409575801568,-2.17662688936488
-0.0771579320095875,-1.65994865073912
-1.14666021817202,-0.0836767805119633
-0.579513114978819,-0.816874388906424
-0.842940919587647,-0.363966291915969
-1.88578718930747,0.875236757016337
-0.889439579572521,-0.287070943742369
-0.352137199657796,-0.788375016096433
-1.33105503488381,0.404899799716127
-0.0303520744517416,-1.83150470316437
-1.16074107399371,0.220340575742696
-0.884500405600676,-0.127620178388432
0.589749228039204,-2.33692119351193
0.0666502680915377,-1.76617240651227
-0.814423320054051,-0.590340686985791
-0.361438501728839,-0.614189924675937
-1.26256341260082,0.161815438333261
-0.587274462331813,-0.799548388753967
-1.31069193536953,0.225122433915146
-0.793702857657853,-0.638979150933285
-0.592612250052331,-0.598392707774523
-0.478849325463857,-1.01580627604132
-0.37071635321017,-0.83625154924248
-0.622876136366713,-0.667943506739388
-0.885013502634482,-0.482536112973647
-1.26817469263311,0.0124308945604138
-1.46823532086269,0.668911975151645
-0.621205334855888,-0.550696249149999
-1.09175352552636,0.0367198991370818
-0.441988574650575,-1.08132359917622
-1.11473212040559,0.161441850836872
-0.294268644965578,-1.27279530985317
-0.896677131954158,-0.318908007207234
0.11475923174117,-1.73724007477117
-0.433916394320705,-1.05427626436074
-0.0980511269839438,-1.37466010391524
-1.17688073503285,0.0384877573749695
-0.724658738636193,-0.285808452146992
-1.60000327046615,0.503472453148921
-0.454039514993368,-0.685321603259636
0.597660441608439,-2.1369833495645
-0.817922098147519,-0.372340360435166
-1.18616086850537,-0.0813273261969955
-1.28647608121893,0.20500430228139
-0.885728364460409,-0.251379532456776
-1.1659346379564,0.148462343497651
-0.542538263177582,-0.648524786829451
-0.866519400519514,-0.535785975308765
0.0189755584414343,-1.24624275393604
-0.984712191546179,-0.451487512309273
0.298524741188831,-1.43888217804125
-0.909457996650523,-0.192173015324593
-0.703356061266441,-0.405032786240337
-0.808262698815374,-0.270791566150729
-0.745787788721906,-0.296999623535628
-1.06011550317095,-0.358918925390201
-0.709060030946121,-0.854520545880447
-0.976297421059339,-0.156089298278059
-1.33940113371233,0.312983611915008
-0.798410966647838,-0.340649097301936
-1.25711518952703,-0.00116453261318989
-0.851456262703003,-0.633901098892874
-0.705610616950763,-0.779627437045034
-1.42905671489204,0.478542699273611
-1.50828946194678,0.485603387235994
-1.04811507256029,0.205946662957861
-0.968352972983049,-0.127522811706269
-0.962601508619283,-0.205574069759502
-1.32840142212339,0.238746030409061
0.0527615011526813,-1.25414405926221
-1.30796305717156,0.428538393245094
-0.438741835735895,-0.964707956300749
-0.570546350457381,-0.693618681722629
-0.240454941185143,-1.01918351921083
-0.800413101634156,-0.366748396927175
-0.715257326856495,-0.0121468958762093
0.457515668911868,-2.20674027571837
-0.631966820709733,0.0315677554273226
-1.03909401718235,-0.0657069333607883
-0.141452273662385,-1.49430010271838
-1.17491995593511,0.345177751008158
0.598549806820115,-1.84501654587559
-1.12478613091589,0.0882887675842208
-1.13978289503649,0.309762064475949
-0.993203021130199,-0.0606027052244741
-0.863753340069987,-0.44077135500777
-0.340925925387576,-1.14012410567564
-1.25319515304898,0.16860196231384
-0.803382969409518,-0.495627133684307
-0.281551271406853,-1.06238252865453
-0.816318701855229,-0.478221894063127
-1.17123152939873,0.360255834632298
-1.00339674825355,-0.22260819253207
-1.30995466338562,0.181091092829969
-0.311524941237862,-0.990326808408479
-1.50889101963128,0.726443156961279
-1.43731971607068,0.411204702603231
-0.672824431372051,-0.63753337544942
-1.06315331568201,-0.0933406818861605
-0.947578931650813,-0.196022172650204
-1.09093939511827,-0.147771458051702
-1.59594604599653,0.701359088660264
-1.30819212260528,0.0768937903609455
-1.89143770290559,1.21826557035865
-0.972439650346778,-0.288121298755718
-0.348043087460369,-0.872094318526605
-1.33858329247632,0.437908510875142
-1.04773055158067,0.219781564561914
-0.803235146098183,-0.18442269134006
-1.86349998240508,1.0411232678605
-0.0470150190984114,-1.63281869521911
-1.80322029189837,1.25487679400007
-0.704183321479365,-0.821131596067022
0.243682018627237,-1.96336180144471
-1.29274754808869,0.0956645253886032
-0.594645740163171,-0.76088945106154
-0.822394066190853,-0.296943281686555
-1.06382713312416,0.0276518796819731
-0.383151806288193,-0.779213108245142
-1.13585948756635,-0.0814145578886943
0.172874404030807,-1.73735458810048
-0.716806830293444,-0.580436356164709
0.241605849429009,-1.8408775350354
-0.470815763719747,-0.545717226589895
-0.532694344292076,-0.708483509925929
-1.89701121432174,1.22390677792975
0.41519212769796,-1.73686922417323
-0.242583103148257,-0.948891418363481
-0.992842992040808,-0.0812480596583364
-0.521364938495485,-1.05371944095803
-0.490481416229943,-0.853319512161463
-0.92116260086127,-0.302309577011193
-0.952025010541154,-0.11511979060341
-0.57677555721432,-0.154808982696282
-1.6050185387949,0.749189267835752
-0.778919489548723,-0.492009094372381
-0.958454353232247,-0.243192908943552
-1.07531967854256,-0.120824043994384
-0.566193715732317,-0.683033092420489
-1.65482410458242,0.80748027195568
-0.98643923684801,-0.00290972029828075
-0.318244075952532,-1.02458827171407
0.0237706329511078,-1.28753729739381
-1.19028882872259,0.393780413882647
-1.16232989602831,0.151326262624446
-0.376524652231225,-0.733824714042879
-0.441189575486325,-0.914350972243757
-0.175924406347704,-1.06833143195986
-0.563481841017655,-0.693117721204393
-0.742303227970699,-0.241326182423856
-1.33200778261709,0.409466594299764
-0.570697316594024,-0.560496908968946
-0.865911719370885,-0.260326501364792
-1.30022920386756,0.338121258718487
-0.462003368503123,-0.710347287626527
-0.483093058240147,-0.963643090132839
-1.42833015496974,0.311887578980002
-1.38499175881956,0.4760667485464
-1.54156410397644,0.798495323788857
-0.729378294126358,-0.24483761600619
-0.900478077131894,0.0325417830177841
-0.407587695588494,-0.680398815163442
-0.621953837836355,-0.560282291660632
-1.43289496630919,0.649249571335964
-0.340341585129782,-0.905645107762971
-0.443922288656497,-0.569263872512463
-0.389628506925386,-0.613216130826356
-0.962317074079751,-0.163800926442951
-1.02303002978703,-0.100018177162505
-0.547504216569756,-0.597983598601697
-0.833234187286355,-0.647649304401722
-0.579025872329988,-0.656635537958438
-0.479770274517894,-0.881582814245474
-1.15137950333635,0.245204209223034
-0.432203550546534,-0.803215603934535
0.811963384889636,-2.10641918250564
-0.836395239813493,-0.483236034200427
0.786405855100185,-2.41814240261587
-1.25452807366029,0.216928278249366
-0.637044246734321,-0.844776809526849
-0.523297787455933,-0.77438460398471
-0.0321444102808885,-1.31793520079237
-0.838890772048703,-0.474189935611631
-0.646554440694185,-0.115282026971708
-0.258173966498453,-1.31131970409213
-1.25924768455176,0.308844109968304
-1.02167189728406,-0.138386237153381
-0.133972558406601,-1.03533227892966
-1.33181929940671,0.71803325164379
-0.440088821815389,-0.399781963011272
-0.336139422420745,-0.804041131421427
0.638072596844644,-2.34167479965676
-0.56416752344837,-0.589153400040806
-1.57062535497571,0.883323351979843
-0.194031853355172,-1.21533427146337
-0.47409180134896,-0.359039585468204
-0.564841281302069,-0.125990115662924
-0.430577160616294,-0.878411726704988
-1.55061910058563,0.732374712864522
-0.43173189225727,-0.870997182384538
-0.182220412019066,-1.070847579108
-0.112998276784303,-1.11674284732797
-1.35371971016682,0.512718695002628
-1.4471182035463,0.665814366801951
-0.148120474209872,-1.10165484342719
-1.4958267722552,0.719018290177624
-1.32494753684845,0.552216933858754
-0.524482337907624,-0.530553693768188
-0.816003276676904,-0.0732527195945335
-0.982921719753207,0.130516770715334
-1.08230563924852,0.0490458970155867
1.74424539366334,-2.83540116946606
-0.293210078006257,-0.532632442075604
-1.21509716240755,0.0891205549827585
-0.847218814360189,-0.10996111052286
0.558505725515424,-1.89974682666107
-0.808287456021932,-0.108033492955093
-0.766923736815635,-0.411792860422405
-0.000783003870826304,-0.789316687658333
-0.871557232312257,-0.12847356931296
-0.698208742428627,-0.120229815444197
-1.24840830579092,0.126846686845662
-0.763652143455315,-0.197677361310561
-0.444470326026035,-0.687636150467788
-0.825556217891612,-0.243995458463941
-0.340080968459329,-1.04652479770273
-1.54650674722499,1.04866102521434
-0.388994834088692,-0.698495003034205
-1.52496283967415,0.807791182878126
-1.45733142904705,0.639749352512037
-0.55531579486706,-0.358476152542578
-1.2337804674906,0.354229470432104
0.0753850269783227,-1.68723971996503
-0.392208206613789,-0.677558314881447
-0.340770116304746,-1.11178909648571
-0.0762874701361285,-0.807194837116885
-0.605951901305746,-0.679173402857823
-1.1220627553891,0.133289657063582
-0.829470461041618,-0.221247733073926
-0.508740886855477,-0.896219923729186
-0.046289255456948,-1.13033894201129
0.102075743750682,-1.56653596132723
-1.24579701776652,0.540501151913825
-0.728047958017267,-0.587919842384705
-0.249387257005161,-0.54165657527239
-0.592715998893255,-0.382542257165793
-0.251005985445685,-1.04864080076407
-0.755926624361221,-0.402677029401164
-0.426453151735454,-0.915024420235073
-0.0821323465284713,-1.30707040089309
-0.299195059371859,-0.966823747912425
-0.72528939288402,-0.469054576433
-0.581601015622775,-0.686400871210562
-0.728219440838955,-0.256930800592174
-0.262570695965488,-0.806988018616452
-1.04941534662596,0.142712240648515
-0.83202018301678,-0.548100907003719
-0.634066336421315,-0.473482183267407
-0.946897327241315,0.192821824343322
-1.26689827309077,0.13745542795988
-0.454451155425424,-0.681820039536434
-0.44294699421136,-0.506860523127052
0.210038924543144,-1.11365245656066
-0.509914027806374,-0.485136166670171
-1.03700911549747,-0.0936015051679987
-0.547863542974697,-0.448359503717708
-0.214084283366603,-0.226582558018999
-1.5425501905971,0.787153387045638
-1.06646707736851,0.234149477661648
-0.231719976671665,-0.571249721684455
-0.729667251918057,-0.43865900990605
-1.02233366856872,-0.228954221612646
-1.9009548376559,1.3869740584278
-0.330831195435436,-1.07849558683136
-1.33780052167762,0.507829001501035
-0.860332277716711,-0.0986180292954779
-0.312754297400001,-0.883230438279488
-0.399876722918612,-0.836729988737036
-0.549443830448797,-0.533451498817238
-0.516424609911357,-0.810638837313353
-0.949255241359937,0.0297674584375499
-0.542857706750015,-0.677065615539562
0.00235608699430689,-1.45166014946107
-1.06104507734555,0.501101923175025
-0.535560336254383,-0.628631807676108
-0.240052352144713,-0.807327331074746
-1.16023629792489,0.0725136877570011
-0.828952724311802,-0.195328320709501
-1.83056335131364,1.25706629746837
0.0206151594524022,-1.48066268486064
-0.293759051535997,-0.872109573575975
-0.615130332586441,-0.651507842409054
-0.904520291543953,-0.253615587479938
-0.92054918786358,-0.261208402597605
-1.090711802439,0.191911864669683
-0.293243782106597,-0.652738648403905
-0.712138254076928,-0.546979896475828
-1.49147435313771,0.622778684794457
-0.105690087991856,-1.13921165701717
-0.659369894217291,-0.347379595520855
-1.16578053295871,0.350027934784641
-0.0381248736807284,-1.15538106469752
-0.714367002108936,-0.227562975342081
-0.141836075131892,-0.439480351787963
-0.480671505171155,-0.672661078982511
-1.21654771657547,0.387880407114558
-0.578225053457921,-0.563227732108148
-0.37470262329692,-0.818272896826252
-1.36714682404744,0.572809270579038
-1.06329707767131,0.27440487098429
-0.183731306894424,-1.34844658464784
-0.759922559977673,0.111799199026373
-0.207084381156422,-0.366672006304701
-0.508271357128372,-0.58407578443166
-0.309353259683004,-1.01528956603319
-0.69692472026331,-0.501051622093889
-0.0710093759433599,-1.39612860281301
0.164021537465528,-1.45569013575511
-0.820111905484299,-0.0769193992914071
-0.151836436494471,-1.16946693702627
-1.08314322438199,-0.036745960681499
-0.605324122351087,-0.58309298100953
-0.995731567427596,0.0604593815145741
-0.674683095967218,-0.432603156816744
-0.778913246610694,0.207136036206112
-0.425576068373657,-0.747381605886896
-0.461550764921847,-0.924466298360874
-1.30767060281178,0.748279071550697
-0.995539641235886,0.0395145988274473
-0.0798685265974093,-0.194263706132486
-0.520412865759967,-0.526865018490736
-0.831976295442496,-0.0172452965529262
-1.02606774880543,-0.124999510599745
-1.1117191248923,0.295878498910033
-0.95279597759114,0.108434415944643
0.0956773622294406,-1.16678227537859
0.0862921151840572,-1.26613714067817
0.311938312298007,-1.49505604382116
-0.503877430757943,-0.41097654767793
-0.68455834550028,-0.4667862930096
-0.0218269633830043,-1.57977278427097
-1.29869522771186,0.8736510849304
0.300403491236853,-1.86077690215901
-1.24373755798843,0.615603992520874
-0.331166089135358,-0.394762849703967
0.207720986667067,-1.09771879417811
-0.929419818385939,0.0769158546714609
-0.329299452859296,-0.460783233589115
-1.27469851555493,0.418988513498567
-0.393032351807322,-0.567045008866122
-0.284604926524417,-0.332075351884693
-1.0687454358928,0.0503478236862695
-0.820655133581265,0.271157998226284
-0.0559953490070382,-1.01230104268058
-0.409365100528402,-0.539334851449697
-1.20474385126369,0.275088276267577
-0.0552050409863028,-1.07197711687611
-0.683128171672673,-0.378122123739243
-0.987011524311506,0.266400394739416
0.301609551877392,-1.53375401211108
-0.799457779858465,-0.110074634615824
-0.359613443725498,-0.954295898158731
-0.625657901594594,-0.30046031517441
-0.435191742655645,-0.557375165790695
-0.6844599161519,-0.16239583806102
-0.158554727614857,-1.12130348148364
-1.26787965632987,0.451820461673776
-0.216247049547107,-0.661324926282495
-0.865316674275946,0.277582201128717
-0.731315937252131,-0.32365672289332
-1.23996242628491,0.291521541853999
-0.883066601020916,-0.0658372289602851
0.17280110142079,-1.59162432426143
-0.800059979755078,-0.11648957613809
-0.279425406244218,-0.590269842163097
-0.360851984563192,-0.900457512577402
0.489027511616435,-0.861474203656918
-0.61805730529048,-0.321973142368347
-1.11828218516173,0.433112863623155
0.200834363732957,-0.95512497369598
-0.730890478775706,-0.133470357900344
-0.6127906894592,-0.223519747503475
0.35858212803421,-1.54815862171215
-0.653556010001997,-0.421502114225557
-0.529714454219006,-0.834461127921918
-0.265551597337547,-0.694388968627664
-0.0402989219814199,-1.21334712030961
-0.569056003508408,-0.226819982769698
-0.944416692669869,0.0741120910167248
-1.22851372897265,0.566232738970725
-0.938735551735497,-0.256544358327604
-0.475321524066319,-0.577536890865744
-0.126665751971196,-1.13825707364958
-0.258960395151783,-1.04557094782695
-1.57358551758925,0.68938911401408
-0.330635026961782,-0.487030213830948
0.0152984540086515,-1.1342438542174
-0.718303718123267,0.0854993854221158
-0.664381261705895,-0.00828824555990146
0.107744986554311,-1.46682617072957
-0.716368685190949,-0.361182766736225
-1.72968343524691,0.973895264653376
-1.08314264456465,0.119552793151538
-0.894552379135356,-0.159639219536474
0.192069502307519,-1.14039108545244
-0.793900176563118,-0.0687103301247687
-0.930895786732887,-0.32037309769309
-0.190941395613668,-1.0825666239686
-0.202499393951111,-1.03898954265178
0.435192217592581,-1.4410733802986
-0.987031692829823,0.112520211570425
0.284823139331613,-1.79804208108066
-0.608963060136582,-0.345682249374046
-0.289910675468397,-0.405864332376171
-0.918025442773476,-0.0205261855558365
-0.616677192576462,-0.266275951113726
0.714904417408653,-2.49358161968749
-1.07695900845583,0.493702499152707
-0.370588199726255,-0.413101588943972
-0.305432352039141,-1.11704111733199
-0.814918704644187,-0.089440929530171
-0.466394413067427,-0.494567877163327
-0.734318647134777,-0.154742854562771
-1.06774026456229,0.227738951794396
-0.816737804097944,0.156168635585574
-0.365849185963845,-0.751653699111239
0.74085944868501,-1.30749161171503
-0.412009560451971,-0.587558378547537
0.461182296170393,-1.70352384971218
-0.889456210595629,0.236433913566151
-0.968573922938066,0.18708246312592
-1.13063607260468,0.282489605268161
-0.699810131605922,-0.205663941428165
-0.687723662609087,0.0279560426473374
-0.379722883239269,-0.581232284659547
-1.02163028830502,0.196389105570369
-0.0606906920860891,-0.717725892159461
-0.482829137200692,-0.43564859231594
-1.32861282420595,0.397784629343169
-0.961305190499986,0.144909085813962
-0.692644300090805,-0.360340476918696
-0.599135884359139,-0.615664528889987
0.0269020394249261,-1.02380071823002
-0.376059299237901,-0.804126153614015
-0.888841981143548,-0.030859806068385
-0.812976206368611,-0.0737291427688859
-0.895724820282897,-0.0943796770190658
-0.778567759760175,-0.167838684653027
-0.900007741758237,0.0698267878656716
-0.928141005200823,0.0828427465622543
-1.3960423853405,0.763705615379593
0.106161762601964,-1.22963918273955
-1.17655500310348,0.624065940526472
-0.586710347727548,-0.137321827926036
-0.97034313138581,0.403528404373915
-0.835026092385283,0.0727317470637735
-0.876590236661198,0.333006657919652
-0.3734476254062,-0.505045301256798
-0.124503589669675,-1.12204280835802
-0.31686778172748,-0.793789373053379
-1.663037760933,1.10090725140058
-0.928756064485769,-0.161913666150062
0.0414812292734307,-1.34968453383312
-0.981012306739251,0.242910458496769
0.0854442012267004,-1.41045247117811
0.0217595463911798,-1.24206808556944
-0.844837023692301,-0.045456883150037
0.373454900110361,-1.7648542115418
-1.18299282506261,0.407485952995996
-0.589838563443005,-0.334655659062805
-0.56418265568389,-0.272343856232903
-0.317327199624381,-0.908521507676619
-0.733737582605555,-0.0474261964108546
-1.3849880564348,0.842381320533769
-0.721383121677912,-0.417666752093475
0.170717370584444,-1.48975783047586
-0.448366849097642,-0.648587438023133
-0.390364340672925,-0.557221933273979
-0.239815142610486,-0.964000080086464
-0.206221172129606,-0.885416817972544
-0.502291370345285,-0.330540020301371
-0.888170150422008,0.148229449317066
-1.37480137075219,0.715020310695956
-1.06080123727081,0.639867195039065
0.00272555127539706,-0.883535585074823
-0.35717035305997,-0.560221109650731
-0.727566136097307,0.0425078371536137
0.0917309434467736,-0.826582182079613
-0.270495116372077,-0.803968988410547
-0.507251298260741,-0.395932946710791
-1.22673825709091,0.535005753478773
-0.548650264244954,-0.519069935104849
-0.366762594511939,-0.542612289367585
-1.07562914808161,0.374806832676853
-0.617788585808488,-0.296413836522181
0.0998220637824392,-0.969523648810675
-0.530976169119437,0.000454883135899031
-1.18295880377147,0.505020911655124
0.0354874158477706,-1.22562950477114
-0.296454285722668,-0.523869148167989
-0.837710155139516,-0.142039772676052
-0.834513078298902,-0.0557157545046975
-0.683657954411974,-0.0808903491292502
-0.701377269976029,-0.223600535095848
-0.112917786004819,-0.811945166479185
-0.817863955640241,0.0647869309405044
0.0469423169238758,-1.2935329251848
-0.0864831663322143,-0.887099215162927
0.0555832900194082,-1.30677681841282
-0.494601771817582,-0.552147695057454
-0.15743980096663,-1.1019414811663
-0.972822770976497,0.00956749693897806
0.215659007615556,-1.3831890108973
-0.128752662285195,-0.892070432337097
-1.20267454575961,0.553977019120534
-0.640111489341628,-0.259463741472997
0.143156606543742,-1.04239769415067
-0.724882263788244,0.0180124278826223
-0.541668977056614,-0.643696569516202
0.0859611301594543,-1.11937519748418
-1.39200359118455,0.778615757360616
-0.501455472872919,-0.481716927114847
-1.08663740331053,0.569447291883368
0.163556652872525,-1.30030436914385
0.546569768878056,-1.76421391166936
0.0707320836159515,-1.096657893146
0.5126851372421,-2.1969187904561
-0.940585892106138,0.0353317613909926
-0.361576017367872,-0.244948734296379
-0.541944628029754,-0.403841916272539
-1.11925281385966,0.496592566408754
-1.43369334719497,0.933883684861055
-0.177670116283248,-0.927476538359479
-0.521533880529741,-0.563549298651399
-0.553438624818066,-0.409308689581886
-1.82683533860303,1.51899573507888
-0.533439896343351,0.0133806645712868
-0.66675340927964,-0.436507042567626
-0.808746660670098,0.138064208849368
-0.695151924311108,0.00687545738043732
-0.22848666831491,-0.498905128520232
-1.34846297319403,0.914549840607694
-0.441869573924632,-0.292445697833987
-0.453735519476928,-0.698206949467856
-0.170120679441502,-0.887918699360329
-0.0738763007799108,-1.08625202490214
0.43868267521408,-1.74969116233073
-0.0921040466636092,-0.66136263318335
-1.10915691976239,0.718930959651649
-0.955662335122902,0.255251255117219
-0.438007150118784,-0.536466921739427
-0.713152912150248,-0.298505422356746
-0.255303968932541,-0.670511510026997
-1.05844456777284,0.567117323010234
-0.240120421092319,-0.730883409000173
0.788277021650661,-1.99020134607387
0.373627032369599,-1.87934478116675
-0.33824445057339,-0.470964136541946
-1.83690220338629,1.42016007446361
0.331949443722256,-1.20973189373154
-0.778517222117826,0.0323483156293519
0.223620592050961,-1.51485476766721
-0.640427786022538,-0.175151276191322
0.601573301305892,-1.8574095062757
-0.219564673495081,-0.841302977272971
-0.683133171913698,-0.107390463224301
-0.439225529173337,-0.519218500713612
-1.18069715821989,0.307619687701182
0.543700944902871,-2.06222300101129
-1.12991143288543,0.497367970295735
-0.380971426063893,-0.308725295959622
-0.0043627218466657,-0.975893119280972
-0.234195989951178,-0.874483977080158
-0.510718242024818,-0.350660632757592
-1.11467109849023,0.616198898637808
-0.0738584060211604,-0.638669164340561
0.313779785568131,-1.26198968138921
-0.49126003622966,-0.388800721073138
-0.766964384056453,0.240563157482407
-0.575794959724633,-0.291571696557792
-0.273721830042799,-0.98390458662167
-0.673609155803839,-0.313330278200841
-0.612736684017363,0.0382547315702455
0.209193529536011,-1.05201739082486
-0.844878852980388,-0.110267614405941
-0.814057755744768,0.264193309000734
-1.08549070178597,0.322146731393929
-0.169223994852448,-0.784489389324536
0.0620201231982452,-0.888293109147602
-0.330480232107268,-0.601670784330963
0.362417416997721,-1.30294904515622
-0.607532421136807,0.110020148989274
-0.46141627048462,-0.413540818652494
-0.50508133424346,-0.174777027525085
-0.969382627464231,0.410488035121082
-0.84991243422239,0.050528558234135
0.57560544230852,-1.72728564777769
-0.237211339281377,-0.454805830615148
-0.715260222620954,-0.0467869468830763
-1.21908092974694,0.728550941052498
-1.01386795533021,0.277391838818548
-0.0925353964873439,-0.860021087671618
0.449546489076869,-1.8389429376089
-0.0944992598796903,-0.8056143438203
0.146942237196292,-0.906846987696872
-0.15830230902441,-0.872660692480674
-1.3758718437378,0.905527555206759
-0.574038872524347,-0.136761888727396
-1.08864305157841,0.593428986923951
-0.105315650888171,-0.770051576286061
0.204506785674812,-1.16138153784071
0.900372479572344,-2.51841962437091
-1.30946603043853,0.661575083203535
0.324873695928547,-1.65549976629087
-0.723115085330032,-0.28536509231799
-0.996010813119471,0.248941829401136
-0.799266447202786,-0.072665341422956
0.326024567918838,-0.786880053656314
0.365943261546544,-1.36720443201047
0.228081303951111,-1.34608915790773
-0.921458529141703,0.089994290177208
0.670745705399626,-2.03906357224316
-0.203322883633884,-0.916956397281447
-0.636440897291655,-0.339404679413369
-0.899295220666981,0.00590384869563401
-0.868653768291181,-0.0125093443122677
-1.62554226692925,1.30109705219192
0.0917763397536956,-0.904421237419483
-0.652193059933278,-0.0350180208686929
-0.609385673596964,-0.239992585419758
-0.148019668120475,-0.621328153193997
0.0446915679487978,-0.896364189038509
0.251524294434331,-1.56678663896157
-0.838878651852158,0.175538272031688
-0.213661723201467,-0.652941299389867
-0.728553977423015,-0.0727320060998598
-1.23248740153581,0.642920262901309
-0.727556109538595,-0.132561143224448
-0.369577127583987,-0.351677749262335
-0.412705078394647,-0.218608468152703
-0.116338692486734,-0.733852345954348
-0.743240220639575,0.18484382705217
-1.01874333784239,0.507589839367151
-0.591460350707376,-0.141296153562467
-1.40031119629546,0.748604272936118
-0.195919561280332,-0.755826202633434
-0.305930252826935,-0.730392081205904
-0.480277242115423,-0.313624347694552
-1.61190570938817,0.956997348826424
-0.761312048486533,-0.00164018156960763
-0.279821507347351,-0.74830403401532
-0.378698605384462,-0.310264806481554
-0.65619760768963,-0.296606542254651
-1.00411845457689,0.54722182685519
-0.159702518642051,-0.735894246193829
-0.945896217781969,0.390960829906475
0.314736188726022,-1.60069818739234
-0.672219627109106,-0.146301207614836
-1.2849704201522,0.742282106696236
-0.731235534652972,-0.0822690916778697
-0.558094255735986,-0.259841273303866
-1.05760671174937,0.477962959331916
-1.0570786737784,0.44251458401265
0.545771563310027,-1.99994427746926
-0.357596559136966,-0.60941232365572
-0.0824883884151847,-1.03241674078154
-1.23112902741848,0.696834402939862
0.283365869883529,-1.13959056544218
-0.247905192164592,-0.727205661638459
-0.911651731711022,0.26134992411886
0.0661485196536657,-0.87229669281682
-0.456322829991937,-0.523415296766426
-0.267451083865741,-0.64660198954687
-0.00936328936749131,-1.0016023449154
0.145205598498785,-1.09015763642495
-0.0819867693013649,-1.04364198585476
0.393744934798929,-1.71824755410374
-0.626055178447397,-0.185522566375176
0.0319896093512185,-1.21257458186716
-0.279754347302378,-0.689053297799628
-0.487103074281675,-0.262882875802715
-0.749038090478545,0.0627210965173704
-0.747993402899844,-0.00703369149150289
-0.902937076794109,0.193951599865095
-0.422032879636586,-0.11421904672079
-0.525466315313511,-0.276841316406332
-0.851931084773212,0.0715960263461615
0.356103779961126,-1.03833959418923
-0.277227813254738,-0.827067845623747
-0.710622615159765,0.155162050329522
-0.835009040765209,0.115016050840207
-0.541627831607438,-0.477253506652913
0.612479748325473,-1.2916714763416
-0.396152862100882,-0.277966921006085
-0.483393344836378,-0.26686376898338
0.551223218254687,-1.59977871391262
-1.04325449011546,0.29915028434475
-0.225994605190639,-0.652524801815536
-0.577928786202238,-0.312385048909874
-0.616264592842,-0.101520676235602
0.104648642076643,-1.03469619613946
0.114557173460953,-0.215126740620397
0.341367372663894,-1.02771799403313
-0.361783330573818,-0.597550148069357
-0.845295413148811,0.0864615239528038
-0.286287531050265,-0.502035890491873
-0.511996743537627,0.0986893048150465
-0.617756050506389,-0.224650104543892
-0.227099103406858,-0.300392183386243
-0.836993441717207,-0.0727780143860563
-1.46836583323315,1.02226236781384
-0.0783115901344386,-0.660187913288435
-0.34526844210364,-0.657480509693538
-0.294432380890149,-0.715872016352255
0.352454185888306,-1.61531811016485
-0.926543150454164,0.508257303865357
-0.887833400146963,0.234981369506154
-0.994381008386276,0.524979375029724
-0.0422068804688268,-0.684580790643499
-0.943168394256757,0.665438879080158
-0.22987224391159,-0.715972303902676
-0.199469515600761,-0.44908716050211
0.0528608245686582,-0.771184554004034
-0.496115492032446,-0.0859890576479292
-0.445127512375761,-0.632916758842716
-0.635784495166011,-0.209836720278825
0.102460987974486,-0.728127690273853
-0.888999602891493,0.292885203112902
-0.0281233993109072,-1.16849782361039
-0.899038782099745,0.140376433460874
-0.777457294318516,-0.0898719362918515
-0.466249746103861,-0.191540356209569
-0.700878407196698,-0.00797574110150642
0.990689521738662,-2.54868265260203
-0.841127063878657,0.433487805553636
-0.355316070680116,-0.159643933891274
-0.727424587943452,-0.118539189609778
-0.751000875024822,-0.0625246154156927
-0.333790733278205,-0.70040947940362
-0.798044675576287,0.127734586798016
-0.290415166402544,-0.5108335919235
-0.0708416438269944,-0.916071168318108
-0.512608861987831,-0.384153918977019
-0.307405404637562,-0.410011754290652
-0.306378635811754,-0.403227603650715
-0.639712136579145,0.0214093357464832
-1.06558883824757,0.620011166825155
-0.703299837240111,0.0964753965958025
0.0599399418340472,-1.14652839250847
-0.254318570562449,-0.582166283586772
-1.17108636641754,0.565478888344455
-0.405909228821894,-0.485377400212097
-0.893177050779936,0.370005414553014
-1.02845984428235,0.225403449389468
-0.741620616000185,0.191041205443022
0.263396114620168,-0.881044850408336
-0.531078876371826,-0.311310189688225
-0.311087021568892,-0.268820218328197
-0.894602000038005,0.313306946232513
0.289258050439558,-0.868497305102662
-0.888080645273937,0.388150328157787
-0.00383747411381434,-0.973461456402574
0.094103585749165,-0.321984513791978
0.129812981977942,-0.73510544735764
-0.0888150107614214,-0.682551506504321
-0.110932527291802,-0.533509868500587
-0.922847502120088,0.517799863131693
0.161671408644667,-0.863730752290982
1.14903058857225,-2.64266060908938
-0.199047007178082,-0.705687203563103
1.24886101227336,-2.41432016402293
-0.974188404810838,0.451699814449799
-0.56781312690453,-0.0388458861401951
-0.311048341194221,-0.59624087481824
0.231926931326221,-1.23661613918658
-0.428391307800299,-0.319214206063005
0.114763121194728,-1.40806241075728
-1.65555485452527,1.21758824727898
-0.492077410861803,0.0248364076850174
-0.656586623042111,-0.0676135437543772
-1.08821930511198,0.587479346118397
-0.644549299322232,0.0935302618380461
1.25381723852505,-2.08419365940614
-0.595981911951911,-0.315098132205636
-0.281401525437483,-0.419288977082553
0.251984633117017,-1.0715376981397
-1.3239407108511,0.928532012393329
0.459635966205264,-1.30614781369419
0.143418412416894,-0.813854568342851
0.351706605695532,-1.69980913766464
0.517414316383151,-1.57463897951978
-0.381754446016797,-0.381513853195358
-0.841524130392744,0.252928348400911
-0.357641582123308,-0.384250659959475
0.2564129940903,-1.68341992349225
0.137319756385083,-0.720629955314845
-0.447028724858879,-0.22271827567405
0.645758979077708,-1.45389351068399
-1.45808145644246,1.14557677406803
-0.236397217385308,-0.348494514155724
-0.472285753597265,-0.243858336297711
0.251360053221374,-1.10565549157163
-0.609677529794826,0.115515516415509
-0.893036038796628,0.178312717908935
-0.994423549580585,0.459566396448471
-0.768596350929136,0.259033287007061
-0.361386015316567,-0.609262515453815
-0.121233921621726,-0.726692516782989
-0.00980631586437899,-0.793753035939687
-0.0361733952853019,-0.798188441766637
0.0159548707012272,-0.930239000217268
0.106021859630248,-0.974780481550696
-0.222301661341615,-0.511313382815185
-0.525353808161198,0.0533353858559725
0.099259572435589,-0.967767126860024
-0.675253490352822,0.0558514459059776
-0.565147911572113,0.0078066040957053
-1.09691242010442,0.637239586458866
-1.14924999660299,0.662982431739661
-0.310681190147238,-0.332265087112538
-0.735377764015616,0.306445966151703
-0.467894858889044,-0.20902834883688
-1.03736769107759,0.555462514053644
-0.384416328173167,-0.165874460261903
-0.276003292292726,-0.333698543481335
0.0673619417205029,-0.757826392899879
0.119676859604888,-0.944089684087599
-0.460039257118048,0.00993508755005527
0.51629611875278,-1.35352176413971
-0.0710796196523008,-0.554499674510005
-0.360180325914694,-0.272837194943644
0.199349650756082,-0.966664017429343
-0.301665424507615,-0.0740313814614706
0.316898413959071,-1.42966745805065
-0.517767852397128,-0.361424454989552
-1.15543172225588,0.77443626797747
-0.354587834360846,-0.595348838430615
-0.578072075868605,0.0238462078147443
1.15893075549299,-2.37005928974049
-0.726702344681031,0.128604812403091
-0.429465240825586,-0.415697446967991
-0.332970773854305,-0.406207708546655
-1.16436222409617,0.606535591044037
0.114989178025507,-0.939280359033168
0.752166560831886,-1.85752482379065
-1.35016689064638,0.959423416411755
-0.656609362050856,0.0425425988757874
-1.33660949161167,0.757639782624952
-0.461160760952962,-0.139154606316619
-0.464071973293925,-0.127516448548288
-0.221109997645228,-0.301321816414139
-0.30066158304518,-0.464780439276795
0.404929123136942,-1.44321004507159
-0.621723512442008,-0.055131537270239
-0.239572796456471,-0.528200536095645
-0.911594226484733,0.378049269608406
0.176661366685669,-0.819806222391641
-0.111529941959113,-0.679288092755906
0.0341517258749132,-0.854893440460823
-0.199485729794418,-0.676365801285867
-0.631507311468641,0.173675256335214
0.154923194361367,-0.828536319638413
-0.33444395971591,-0.257442879346447
0.307071058341737,-1.24314880067423
-0.0110645710937614,-0.95635277517557
-0.287380055998396,-0.590601419485912
-1.56804178628022,1.39324892201725
-0.303738230246359,-0.705985866089422
0.137764001574753,-0.39723454824736
0.189548734153298,-0.592443985896243
0.70085812319903,-1.97879410043196
-0.43818698542765,-0.230910115518499
-0.59751045412029,0.0253397525227897
-0.469279826061474,-0.196228592391848
-0.53509506485151,0.156710968116678
-0.377030566237887,-0.275802428692434
0.213821656477506,-1.01672030553367
-0.480098752083038,-0.167475710524302
0.404580305729621,-1.55326104091653
-0.901946952324716,0.424796456408308
-0.165245605551759,-0.799463142075279
0.245914249675033,-1.07982134869033
0.12190588239778,-0.521684242339556
0.498245727044307,-1.50173372375297
-0.703028636821668,0.248388093473689
-0.555674357396595,0.00270038494708715
-0.108861705367247,-0.790349669122546
-0.282915295727066,-0.493556174722248
-0.449246191463778,-0.279656508497147
0.0321038894404858,-1.05999700264923
-0.232001467425707,-0.369462305064151
-0.123780913835625,-0.406424435282624
-0.788623199795047,0.050925704915973
-0.701595476013406,-0.0952735747277424
-0.247012806395967,-0.338997577576455
-1.07842682518583,0.740184651103304
-1.18604966709456,0.866817525151577
-0.409835543612863,-0.166912432460483
-0.33472453049518,-0.550055260966069
-0.628835162863436,0.0856770067395587
-0.270634509288473,-0.155818934053869
-0.694473164230922,-0.0184595395182958
0.0153929574014296,-0.915165988840846
-0.817388018705677,0.167853044957795
-0.49256528960086,-0.209055546140922
-0.85536834792699,0.48372539328046
0.0956245655016071,-0.934921232212421
0.488420754532365,-1.67915380003233
0.499938282070889,-1.23248476105857
-0.453079117580004,0.0292190724453871
-1.04098935471652,0.581841526373305
-0.603869698546592,0.131461144548258
-1.21892603050731,0.8588613790362
-0.109809637218168,-0.458612150057337
-0.211103509217213,-0.545869550256166
-0.94733431050963,0.338735566745594
-0.0887060249405664,-0.653698132848326
-0.403395587023778,-0.330593895132543
-0.435928270870061,-0.198484645321588
-0.656717897835978,-0.0194054949114244
-0.966558096029935,0.37985078446091
-0.662699076123757,0.236125061273154
0.184310751494157,-0.786997390937274
0.749102255130731,-1.69256461177376
-0.12684653010891,-0.342653416840114
-0.930154811304861,0.672118446278142
0.41682778171083,-0.540155442566355
-0.624701320742013,-0.13329989032791
-0.388976567596949,-0.142360572561837
-0.402508678877728,-0.31410757025762
0.269353332441348,-1.13799422450138
0.0698168342890628,-0.957098782630719
-0.627784901287924,0.229426029954933
0.85191791578586,-1.36118141415992
0.061486326813803,-1.02093559915535
-0.488664406897771,-0.110385001376878
-0.19386100097525,-0.152860651530075
0.292137880121687,-1.13719241144434
0.950952715425467,-1.91999245168132
-0.459225898108538,-0.0190638706788908
0.0338931764084442,-0.798679875309411
-0.763388684753278,0.243689911542346
0.032492862733311,-0.645226321339321
-0.0160529962995454,-0.676503842842318
-0.84612018235776,0.16583523943463
-0.329101915556241,-0.341953812951908
0.0669417127211984,-0.935509692419499
0.112687025657613,-0.61793896265293
-0.530315938699012,0.0661912194482837
-1.54659293964337,1.49669298362409
0.471715264789528,-1.54593220595865
-0.622608517624926,0.690702454885665
-0.401569324141121,-0.228853219487305
-0.714377036214683,0.341087685090456
0.420324503375978,-1.05388905195701
-1.00807286469391,0.670087661690918
0.19342994360748,-1.22387453058732
-0.910767975060382,0.420763529702562
-0.112910667076037,-0.717687969520198
-0.655641240181549,0.0492507028676876
-0.56146475712909,-0.0257081721838551
-0.382650874812463,-0.295050202539733
-0.196647663849252,-0.653922404624724
-0.773181391537253,0.240517058586677
0.239101437503744,-0.581901291447073
0.00727691942343139,-0.622648809701301
-0.621270493084579,0.0708180668501962
-0.521683679527309,0.43848596555263
0.134114967752418,-0.738409346471274
-0.455003333274956,0.00676633432830154
0.880506916614898,-1.19964616202939
0.0186408227039255,-0.78334860274741
-0.763547051533162,0.414355148747571
-0.23302996434678,-0.305610431657891
0.202514190970628,-0.737148073392414
0.225357520845278,-0.973433961175988
-0.199787823459601,-0.507467262070617
1.03337352818337,-1.90157070956303
-0.0564209468786895,-0.511343356957223
0.540079154480548,-0.704832834016279
-0.945281871991518,0.697519647853261
0.391189256196473,-1.21589595473092
-0.481076648333516,-0.0736043479760383
0.0217892441304492,-0.609529428530384
-0.701808169404524,0.346642078258066
1.002448336701,-1.63404885337606
-0.209304092818935,-0.132891454266461
-0.466540282690305,-0.0823059323865155
-0.584189323075148,0.337365051615768
-0.0562857860275558,-0.681628586375827
-0.0701913078779046,-0.702606669437853
-0.206512667672082,-0.48268480012065
-0.952157686397125,0.492961024394074
0.0418197049424916,-0.669241543245618
-0.768625453683707,0.392545601969354
-0.944175510630753,0.852096549364789
0.325577460002785,-1.0879148648456
-0.379689061751307,-0.0589799346105276
-0.66903358779485,0.364038539636375
-0.595203476586869,-0.0246364268243353
-0.38524125767292,-0.138665137186267
-0.587689465928486,-0.119292913792723
0.141116855129438,-0.753543427403059
-1.3056468127163,1.11991921115277
-0.0874241802350049,-0.395154025644992
-0.852046737838889,0.312716969956199
-0.217791478258161,-0.333868716386071
0.154980168965721,-0.836042725998895
1.30493344697076,-2.15295354559613
0.278788329235833,-1.06640401831206
-0.91942360096489,0.599398354880146
-0.181872206806022,-0.517075719511473
-0.674324347467497,0.106897835831629
0.212984867877107,-0.763063349017657
0.626307127780825,-1.9162571590583
-0.675238655015677,0.301481240964937
0.281574258335363,-1.04069404236125
-0.546957429456479,0.0175459030674854
-0.335871152356167,-0.379522288091866
0.68339130348403,-1.81015364697042
-0.377634135269475,-0.0350232176000178
-1.08616476541412,0.854393630784721
0.0813845076832208,-0.689684798675099
-0.390754520436041,0.0739783863407421
-0.0866880318041734,-0.290688735635393
0.111917502609314,-0.827938404117805
0.00234047088270392,-0.909808753336045
-0.425255754736642,-0.161163620266098
-0.789860096217351,0.380865959894532
-0.789823124064812,0.273809853753453
-0.400090320018788,-0.00885620412764541
-0.0915666031906442,-0.644707332846495
0.0533514828970288,-0.326846767033042
-0.806879156709776,0.449588277751708
-0.311637332108139,-0.324464976730266
0.323416910490578,-0.965890520783807
-0.780350270606626,0.582736445712276
-0.440526438471769,0.0310901335046391
0.0824167602275264,-0.851007914094529
-0.212164460058194,-0.434853126844187
0.0543315473259967,-0.775345030532012
-0.109156500819562,-0.679076344945337
0.0763112354714926,-0.619231795813913
-0.0472776775752435,-0.505017954656901
-0.461465175928257,-0.134774675911551
0.232275242988723,-1.23187978118969
0.289122338765006,-1.1730719538164
-0.553879557498103,-0.0244286987008374
-0.355322213505703,0.00267985635835836
-0.247060703964393,-0.232238632223837
-1.01859677047717,0.842212061463141
-0.430850821904428,-0.209871885642547
-0.154971320420238,-0.584877359128928
-1.05851005005045,0.956221765444475
-0.277119658700596,-0.34900942618463
0.543546060557235,-1.2950197250292
-0.343309591518704,0.0469217984689833
0.227993335658094,-1.07764909869897
-0.457017918393254,-0.0894369950996346
-0.429239722387829,-0.0531881205298287
0.146457318631382,-0.627292745406943
-0.327098612762913,-0.0262871140676494
0.272363228744176,-0.835381332353162
0.221042093807909,-0.861986539379467
0.250763374266067,-0.80795889688172
-0.430760820767122,0.17372351112165
0.317467244139625,-1.16969418246662
-0.137321138673171,-0.738594720810246
-0.0339254608983311,-0.737985211015768
-0.637209766528472,0.298885633950466
-0.876360869687474,0.458699243515753
-0.883508574560427,0.413745273041655
-0.656567638075665,0.403019832363761
-0.650122106986762,0.636288184168764
0.355967528962424,-1.04798127664554
-0.0860354858203533,-0.60409076079105
0.345692204496031,-1.36899522367194
-0.0168316322551075,-0.766436981808392
0.124628506673444,-0.711670449839459
-0.313399729417966,-0.22679401925802
-0.69773123243655,0.433873015174532
-0.390098310211926,-0.274169277694466
-0.4700296692481,0.186100868880932
0.422201403921074,-1.16705683201399
-0.378324450384135,-0.0849849939687498
-0.864771028686718,0.694895598374232
-0.246621482690817,-0.377069949437266
-0.325092086403849,-0.0300449916400572
-0.497719821880226,0.253500579458611
-0.498803718612232,-0.150794267179803
-0.656444728802928,0.158810699530427
-0.381670564498664,-0.139228663292166
-0.170457714398567,-0.520588804371877
0.0454377570308995,-0.496412548886662
1.54366622872299,-2.47064275404612
0.307178083496821,-0.981009905156978
-0.0456007913597605,-0.284027166071984
0.117199877615968,-0.855301074642215
-0.39349798577447,-0.278472185679033
0.274857816775867,-0.601301648033228
0.184950818781052,-0.652302269995548
0.657900438289019,-1.16368613468345
-0.492649464269169,-0.143967670349912
-0.693148677684165,0.303902987796377
0.0268365320499076,-0.637174463897683
-0.426063943379209,-0.103231544482121
-0.183226993577599,-0.267482223272599
-0.91542138492816,0.751232606550667
-0.639630288000007,0.154801916673433
-0.623948228914997,0.101364694903759
-0.864346055824921,0.449670291043371
0.105499557344374,-0.500633365994712
-0.896271313819224,0.82852027262199
-0.69123556635816,0.172470834453952
0.430903897708637,-1.33953749974067
1.41072363083253,-2.06710109616156
-0.178269190420273,-0.160266518471488
-0.0984841067277127,-0.214531567910262
-1.04635296458965,0.788547668098719
-0.459260245142237,0.0469796209104091
-0.73396483705422,0.438897345093873
-1.20375551997088,1.06356322216147
0.025037748981744,-0.0405106137390075
-0.191833988513872,-0.0688924220562532
-0.266424632876967,-0.217076970783223
-0.831941909840907,0.728947601587567
0.143739051850615,-0.575289030596757
-0.260257185169332,-0.238807075215475
-0.680237206036427,0.637793182595073
-0.819718639714292,0.560290604942665
-0.17446448852551,0.0448445124803407
-0.138046816583762,-0.241728831639671
-0.216087280387244,0.0436979316417204
0.630109824802234,-1.42854941002494
0.675566447630601,-1.30448330019377
-0.605162754372307,0.430126444450103
-0.963171893760262,0.644641285249717
-0.1342465715975,-0.487596892361875
0.26071840213353,-0.792512239078425
0.708174841922456,-1.30629703149688
0.342993400555065,-1.26489270855998
-0.318816501014532,-0.142989621634904
0.569521555714421,-1.19547062947327
-0.44019048623798,-0.0112620265490232
0.314488949335819,-0.991521972910522
0.155130241323013,-0.680664279689211
-0.462414464093836,0.258410076781262
0.634757006175527,-0.807617333295596
0.32507154768257,-1.01737314726332
0.375555431215109,-1.2357638037322
-0.51741569171215,0.367166729238693
-0.850038748696411,0.348388946072169
-0.300838007654809,-0.190811822293817
0.0479091804474517,-0.00713115854140946
-0.0266272111659812,-0.568704471114982
-0.232016084037102,-0.0703552512590269
0.275200701769928,-0.897208182172677
-0.0336627680080166,-0.507857817095224
-1.41391953534594,1.53254135322203
-0.532947135342039,0.295055272766403
-0.0501367741299711,-0.501512898311437
0.585238838046599,-0.962247228576004
0.252568781164501,-0.841730267075879
0.0638362360035462,-0.248268282173675
0.170849264739166,-0.430951469939486
-0.901296628581974,0.770967517122249
0.984498381811709,-1.89211566883062
-0.0835112890324948,-0.410323479147045
-0.705870019549896,0.641513653824175
0.153255669438172,-0.623981702166646
-0.198024199810376,-0.257214471540777
0.497405842079632,-1.31984164526591
-0.408872351371298,0.140499046002827
0.143936534037286,-0.874677762674362
-0.0162515475716478,-0.168911419835662
0.19954493912537,-0.553889487135066
0.190813294510445,-0.965363687726263
-0.380366835626111,-0.0873019786009409
-0.71111547734816,0.398758981148095
-0.34573254084605,-0.224629121222233
-0.196183454899168,-0.180230875135248
1.24531654503184,-1.96530341522387
-0.46766807259569,0.194100683850567
-0.240490432038647,-0.201834850573505
-0.0258074021332462,-0.257963292634688
-0.438807204495052,-0.067423071612779
0.802011370278974,-1.95420160843683
0.316056247589868,-0.600739763502925
-0.114729081788551,-0.161820151093819
0.252939964462556,-0.901881458183518
0.32422055497217,-1.09672649462653
-0.0122909447654093,-0.635012338304323
-0.676184569988375,0.300074939472344
-0.743813778545784,0.694871110024962
-0.377798526583752,0.245475029463216
0.415545039139031,-1.04834603197196
0.353823683940819,-0.907767428512282
0.642896208119247,-1.09612733416575
-0.350686035627078,0.186664037185399
-0.122412283646594,-0.413942978711586
-0.674942088334308,0.673081842281113
0.463514571081573,-1.14348212981133
-0.294213794393025,-0.167090844240025
-0.680078328331027,0.44533833862844
-0.153807848565791,0.111689163119123
0.707422308442018,-1.36195176107291
-0.592452998554144,0.30633293802604
0.765165890645268,-1.46825816847799
-0.0799315678460878,-0.160084448945219
-0.384246114727399,0.0598727321536213
-0.11717900857231,-0.0860581358929495
-0.183791932346047,-0.0389701170300906
-0.734717153471112,0.651773236120382
-0.915400861860505,0.789694856909268
0.0665815467382205,-0.59777395790502
0.705903710334263,-1.7052063069954
-0.241294157394886,0.283900314815499
-1.56092767260556,1.73665528481002
-0.293514444683969,-0.220643183057194
0.0685563338320746,-0.64317852736544
0.266892371645776,-0.656229223997483
0.0149454251037413,-0.389668705009545
0.427522483975009,-0.64696580945719
0.546538648651324,-1.01004065976802
-0.873063348103643,0.75343579771383
-0.156082828765589,-0.0774932230245666
-0.333264903400997,0.151243032775351
-0.0158916196700384,-0.551468828476235
0.0986385411048617,-0.570796855650693
1.25230193571005,-1.40960247077727
-0.0696243850159818,-0.224195243454096
0.537630729230786,-0.914536371527088
-0.145608379402505,-0.339362088348271
-0.24270452985746,-0.309809742640495
-0.0420857743708031,-0.503939181173879
0.520358385189308,-1.32751586907296
0.128011968862227,-0.567445956636536
-0.287748932110151,0.139431597892743
0.849910290482375,-1.75435391472813
0.171783729101128,-0.616567638573561
1.06828462832933,-1.49780052948901
1.32825505113428,-2.04181244359793
0.0400530427094309,-0.442466470909183
-0.209820378896719,-0.0944274807726249
-1.1501850483018,1.32804611879143
-0.476831603899813,0.249432832270976
-0.428429618565455,0.130883351960955
-0.453078183710964,0.158186842023854
-0.266790470942331,-0.00331347456562672
-0.0806856725320747,-0.264000117498385
0.266993580701037,-0.764951264855048
1.5359065770278,-1.98879854957176
-0.458941442339446,0.486487833327811
1.16799219171028,-1.67431256319449
0.931131351880296,-1.48457231532583
1.23884408623854,-1.78927803855183
0.0766784919059707,-0.37508921284331
-0.348179263573879,-0.064371005422471
-0.177679442453641,-0.39594340060074
-0.578356343735402,0.339328960807804
0.168933979226161,-0.418749820287649
-0.218771185383778,-0.118926660266079
0.25276090259838,-0.994941396676308
-0.181561674440034,-0.141356775813913
0.923271832073037,-1.57626717272421
-0.699022423555683,0.578541245536526
0.537919495198161,-0.794652334972757
0.921118925400322,-1.99850207191223
-0.451549720987134,0.0267669397000052
-0.538611495518917,0.338300887539044
-0.448336280232681,0.43781971827155
1.03793338325605,-0.775433939558096
0.387838865484082,-0.856914430597255
0.0508481453447868,-0.309410171443245
-0.787279892008069,0.560130315365207
-0.120944730372769,-0.108899147287296
0.183079971348216,-0.576159759951959
0.396977507203321,-0.666783839822665
-0.335216604529969,0.00379036304635897
-0.189999969040959,-0.00515476165689943
0.2037607167719,-0.626232978211001
0.621055873198239,-1.37516694361581
-0.0657604956472283,-0.0283521692099104
0.21865530390687,-0.22524452109847
0.300177009910797,-0.687354453606881
0.377653412214612,-0.757967356064085
-0.825157069488245,0.780495058950903
-0.0716988909960072,-0.302067688153872
-0.16076937392483,-0.0509289683736088
0.0981399439288443,-0.493784380663823
-0.217541648177972,0.174622159824057
-0.251286512649153,-0.117432002418088
-0.142328740449898,-0.308466971544626
-0.0300809527972421,-0.356515178107806
1.13043221118487,-1.64803442538558
-0.036624686265118,-0.104071622208903
0.145801624604072,-0.720260490416382
-0.0491167059939312,-0.259593628227565
-0.459499201836463,0.374214059784379
-0.44288069635636,0.0825550150038182
-0.00113917430700226,-0.341400394272813
0.90424222941245,-1.36328890171964
0.199226140564747,-0.561490051210802
-0.266148627659917,0.00603872081979328
0.142797826767181,-0.649876032701758
0.731156991230061,-1.3001442830598
-0.183631066903812,-0.280223615285305
-0.014864208604993,-0.189211799121779
-0.344536937054362,0.4231173164123
-0.0757477798259538,-0.0764332995072221
0.522021811997643,-1.09102677590445
-0.454410272700895,0.558952032214205
-0.376141024816366,0.25174592482998
0.166084733846886,-0.51321997616343
-0.164616266190422,-0.305555247225979
-0.130610675867325,-0.00930080469836345
0.19314596041297,-0.412025207511767
1.06686444619509,-1.72289169096183
0.263711649119593,-0.763491738814948
-0.142721347621082,-0.112326104026813
-0.490427031187919,0.342118371797162
-0.203366677087587,0.00504402976602846
-0.573475076680926,0.348691839814144
0.202623663015741,-0.515978765267179
0.172318546722655,-0.468766555336135
-0.000324889126803757,0.0977381106433238
-0.985191619453476,1.03058693051795
-0.248671374120562,0.303784799321122
0.139074441011099,-0.274922784393087
0.948868433787463,-1.79139540593788
-0.521363180919352,0.641900928608978
-0.721688473142961,0.882627742170826
0.0328932720744633,-0.472650718379881
0.21429597742036,-0.729403917671947
-0.330903258351245,0.433083552046046
0.104558244304811,-0.496322971707428
0.573319218347434,-1.08579857869542
0.039122426986529,-0.223064264140924
0.661636914802688,-1.32399848047223
-0.569194324817521,0.464475967456867
-0.499514720734312,0.470498244355245
0.222539896443393,-0.681263847482853
0.565680711746686,-0.255850109520033
0.2273439915682,-0.690028802667966
-0.0151361747999391,-0.177568110547434
0.687964345663297,-0.899123788299534
-0.0832290350877851,0.0106682519278803
0.744678167279306,-1.2591404224234
0.73158273345292,-1.11816789625038
0.170191597593269,-0.703703909213807
-0.262589829372701,-0.0843466331501935
-0.0976088637797418,-0.235463191417133
0.620467969202901,-1.22501008172364
0.211646107447976,-0.417859799315466
1.66672155303551,-2.01683712414158
-0.562703032805115,0.468149040561432
0.479708855442715,-0.888948965052601
0.38195241366955,-0.865215727218275
-0.0176828674829113,-0.200906860635791
-0.589920818785405,0.841748454044341
-0.325732142097004,0.143560366730643
-0.520170891228225,0.684300265431952
-0.385022377271248,0.147668536230458
1.4198891095987,-1.84870590543678
-0.655438454303405,0.729725936943594
0.247497916150506,-0.610917947293615
0.715711253546712,-1.04830577786921
0.171481265952589,-0.576684132985715
0.106277046597861,-0.368260183849882
-0.161344486539898,-0.0612692595258708
0.486719621688877,-0.650240246207091
-0.359905354833706,0.312910112034413
0.381761013696681,-1.02486947207299
0.300633155648704,-0.769326103256865
0.29811937153171,-0.579601509729215
0.388045153475382,-0.342474312436406
-0.0307725005792405,-0.320843975549029
-0.472650234395411,0.579121847033298
0.553613268924684,-1.07077495616094
1.16365032743187,-1.76953913063983
-0.0946138716189162,-0.256821330197674
0.867723388701803,-1.38656110609005
-0.314198516419436,0.178711229111299
0.198423729760089,-0.321572252370662
-0.493468773638869,0.322071739681983
1.99667159920624,-2.24840107265462
-0.623169907312328,0.667244598405262
-0.570944741388552,0.522946010748388
0.293263735133823,0.0900751518789366
0.130869856546379,-0.276260768670954
0.884719284225807,-1.33303854525364
0.330413031201036,-0.360305402835243
-0.402862672326875,0.200035991724749
0.123879249154249,-0.0857312936568364
-0.13472162229606,-0.345718699252412
-0.311129503675426,-0.0665589440098082
0.331891123205976,-0.498665073186246
0.982655096925003,-1.55006861662705
-0.122168125769288,-0.0369662006982645
0.246143097957222,-0.712599768447781
-0.259465945122383,0.0562393862528848
0.558843446230112,-0.468145426544828
-0.49077213626594,0.521026247628042
0.193846544876212,-0.520633549674719
-0.124730249846481,-0.00532107348064837
-0.446027976380354,0.582868290822584
-0.172114680031002,-0.0738902768082953
1.21682996409545,-1.32977021422276
0.552960332328542,-0.899910496144067
-0.257183202597672,0.157739667249762
-0.0452066978626673,-0.057085480265346
-0.0662594541982159,0.259510028535677
-0.0197000759358283,-0.159007400166752
-0.155123090034163,-0.0483844848177305
-0.014577224600051,-0.455173100327774
0.849318143203965,-0.850209412898507
0.597271863700549,-0.777821032556618
0.297125752498023,-0.376357633343287
-0.515702606127245,0.59566839522583
0.772087740742291,-1.56391801729288
-1.16046159730277,1.43293861473429
0.13612049359256,-0.46982834012026
0.324582515686703,-0.652020218397767
-0.0447314014208008,-0.360380274256618
-0.512150218210614,0.541787862356549
0.300386815159457,-0.805178851648881
0.161002183352965,-0.102964169743314
-0.255304344536701,0.358362637163878
0.604887300257089,-0.882922517163796
-0.148969837967668,0.0285051418946917
-0.288081330564863,0.186558588946947
0.654658663518517,-0.874599233489959
-0.252627253822845,0.0486102995705288
-0.0773664506528403,0.0870111403539815
0.683598329753684,-1.45315733624316
-0.212454818478915,0.237176894331078
0.846959820042666,-0.845421458133052
-0.0528900195951756,-0.135232065727045
-0.237711220258476,0.216231722875943
0.855386465422115,-1.19777487581402
0.467411318618095,-1.21646537187732
0.897029378143852,-1.56815507437817
0.500191779781143,-0.892941273029884
0.373572944207851,-0.447171011500438
0.0551571259863217,0.15021862131428
0.743059847565973,-0.655839792509605
0.460076250329017,-0.614982271122017
-0.291371958830211,0.301989122684057
0.497363993353178,-0.599129005932263
-0.587651718927036,0.657139913061899
-0.0831025001061079,0.138873224041001
-0.897146843201748,1.43846497790091
-1.61642766090139,2.1595397963202
1.02997946860755,-1.45924967554944
-0.611942621293313,0.789400225975211
0.477067808549171,-0.298698675638675
1.01910543198395,-1.33637225821882
0.787075792433581,-1.05405922755389
0.33520060756812,-0.209119350579769
-0.137415004473817,-0.0107690029225857
-0.106039394199336,-0.0127414069486292
-0.517459373000803,0.619983776275205
0.429373660228184,-0.595148059657725
0.543353857476853,-0.970771676749226
1.16371458130362,-1.72480061398889
0.76782161818659,-0.870384444505789
0.77888282657576,-0.0592912009098712
-0.0280508317452065,-0.296284064594458
-0.337037031415569,0.319402861146527
0.313533546395256,-0.543913749298878
0.496367968526223,-0.997174901308272
0.229043393402346,-0.196737497687189
0.132893474202471,-0.262355262220925
-0.449964788137084,0.691906350270622
-0.340971888180932,0.412696587055114
0.221441483950062,-0.749838068605504
-0.191919897126522,-0.0167992451785218
1.62695112087007,-2.08608591361242
0.0749135486560248,-0.489744546738929
-0.21532745473241,0.490268884716067
-0.369298807301437,0.489813946924788
0.506484975632198,-0.154330807506595
-0.0148274142146675,-0.122285542561693
-0.370764198715833,0.855442387502853
0.471274091038712,-0.52324380640394
-0.635767074239221,1.07964591047976
1.65996012988733,-1.98646037256028
0.393517685310096,-0.326285251214526
0.160894910399633,-0.44261595697316
-0.183854156620359,0.395574153605757
0.708768771190116,-1.18293925670042
0.941227683833458,-0.805557240662022
-0.0019334432740729,-0.215076374540083
-0.826629573040441,0.984480726107221
0.91545080314178,-1.11981353146296
0.375800495955379,-0.294442836197261
0.156110482250399,-0.260034760677522
-0.0977325650039439,-0.0631131554638685
0.533824608936777,-1.10241206546798
0.369046409965395,-0.710238881819704
0.0684418367765897,0.0673512140390913
0.10978192141602,-0.207701494544457
0.530562297894528,-0.891417166487321
-0.10061958745315,0.154627946961911
0.52380443255838,-0.809226195202253
1.01899817310216,-1.32587254696817
0.220677826919571,-0.201335143021503
-0.0542305397802774,-0.105761120751016
0.482981288752682,-0.793763135975659
-0.444965450393809,0.691857688256289
0.752610370221944,-1.17293083473678
0.520567027152747,-0.787555368565064
0.23803721075119,-0.329329999646101
0.242648546676548,-0.109630743055582
0.439222717582516,-0.275309909098314
0.512492776277158,-0.770101703438132
0.586891502772872,-0.731871490133475
0.197421421848756,-0.248594563470547
0.452383821251266,-0.863269579900936
0.37306004541592,-0.248908981336757
1.84129881372813,-2.53765696752158
0.281652346442764,-0.324358086028476
0.568992587444564,-0.401867385173944
-0.117783184915006,0.156643956432714
0.654781421088313,-0.567708046499278
-0.355350518931963,0.443134588774372
0.865692606900919,-1.21697671622522
2.07045091279392,-1.60526559215595
1.04523947651711,-1.28878849350809
0.0615068045491055,-0.0822086417659551
-0.314364214034628,0.528624876674093
0.156451088402344,-0.314567899346378
1.13290215423284,-1.41455923959102
0.82659375204297,-0.93305045958235
0.713848888985239,-0.802130963830546
0.021134269484938,-0.0814295943458123
0.303358588854633,-0.227939916659927
-0.243765601258679,0.0538711372668607
0.205987604873807,-0.417540304965423
0.644156098236693,-0.630830688255198
-0.119991237393645,0.175095476546887
0.846344561504499,-0.706967379650337
0.131343706339463,-0.254379511275402
-0.581419370575212,0.995365628394798
-0.0450753061857007,-0.00870339752507989
1.09937333603055,-1.75424813473165
-0.141383334325206,0.313452485409443
-0.364940989000034,0.513995921565342
0.20814289366699,-0.573950676642723
-0.503338957112993,0.851880740834003
-0.468808512966179,0.769560308454696
0.533630813066673,-0.255297142483493
0.414956870069306,-0.0528041227563829
-0.00645089072311837,0.137295354046798
0.187372696751854,-0.350721552120325
1.41987709780754,-2.06326824063377
1.40448631082121,-0.967943006618225
0.724080001671791,-1.20050508741615
0.552846033186137,-0.805679000706595
0.0443026420277517,0.044201720494474
-0.38051302135894,0.50422864470316
0.490294839496893,-0.517655998711789
0.252945139035746,-0.0524374684174703
0.0248360573083225,-0.0171171089531806
-0.213397146180081,0.678107010039008
-0.101608233099988,0.127973171449461
1.20999337170822,-1.35796903627054
0.159108407113767,-0.234758226016988
1.04109005682494,-1.52748272489356
0.835655597717674,-0.97060680630443
-0.262197436163468,0.650840863589732
0.0654254791865196,-0.0934934249446648
0.218233685235998,-0.212707494943034
-0.606363002839096,0.908689904453505
0.104026892957812,-0.063469894157555
0.879657709570402,-0.976767062084333
-0.320464333560179,0.279671063854549
0.0535824071600297,0.24477389224603
0.810673922459833,-0.958818343436503
0.215247497163759,-0.301615845097359
1.35303131726359,-1.71482309067593
0.000414891202832265,-0.0141504859216492
0.56116958063785,-0.600717040124669
0.340523015455309,-0.365242884365987
-0.344738100196022,0.546405070887534
0.357127697468122,-0.442186220736931
1.26451139561721,-1.10600795383926
-0.247453218723846,0.52452542844579
0.507309201997879,-0.71539585356344
0.509278087487305,-0.207291661097738
1.99192310733912,-2.53297189275587
0.57604911755693,-0.729422172870049
0.33796209253692,-0.0848763008054902
0.525956406808208,-0.247611520666738
0.737098072878904,-0.461908184050339
0.208487779727926,0.0157875368531798
0.443702854061204,-0.250091774908721
0.0925587103865047,0.15688388660065
0.411743868127659,-0.44876614679624
-0.0798409763167305,0.2399294439849
0.34220052301062,-0.146915024463743
0.20585158680757,0.0257164334352377
0.461273578633323,-0.521905455468912
0.413845733444038,-0.63126533298166
-0.499176545067351,0.890419560953335
0.405906193965776,-0.180980440573732
0.0898913455948397,0.397852367356634
0.692259172634297,-0.457716006789569
0.189194739317565,-0.032926791231103
0.312234391711098,-0.244536341528212
0.240754909803969,-0.141232630378269
0.414689276570121,-0.279496231484395
0.675902213888299,-0.559882662675697
0.807394414030997,-0.948013004230266
0.19285878843214,-0.257324002288094
1.5032175875228,-2.00524742867248
0.640115526521186,-0.646367031377319
1.2521162434574,-1.3134495486595
0.445654044178484,-0.48525436734654
-0.334103839596153,0.6100366475623
0.124430805512518,0.0545881556665372
-0.0769936851953453,0.515100521701039
1.30780925800373,-1.51630498503181
1.88411532029103,-1.15706884819398
0.704177815641821,-1.0480507429925
0.730986626758427,-0.690700591129657
0.505778963349115,-0.605805778808248
0.742126960162947,-0.781083459534513
-0.0247299546792085,0.0168501439153649
2.00573210533071,-2.02247992504004
0.75609739871142,-0.79765434540789
1.02117831400417,-0.989527280625995
1.77862562835081,-1.56069128716782
0.155780862662729,0.0967200062175476
0.593981859419272,-0.828483669127645
-0.214604666677305,0.773266921615569
-0.881538995520104,1.37298551987739
0.697938699034778,-0.336693642871919
0.106174144645252,-0.022634073147801
0.216706459909053,-0.154661242540798
-0.00107908748905605,0.561368081856934
1.63251881003811,-1.62594663808213
0.515594994610522,-0.575666387155516
0.888637955679479,-1.14589208886683
0.322435277802868,-0.171711158521029
0.995985389824629,-0.677238074357868
1.00595870970341,-0.91577557310461
0.81546092173716,-0.788219276310326
0.122163938317253,0.105284648958523
0.601534690154754,-0.507209384302588
0.205930382022963,0.142918419472727
0.472378115667759,-0.117588278086
0.410643957094977,-0.153915666681399
0.0546797891479413,0.177057134873706
-0.207819136241423,0.58064356100069
-0.328767764259377,0.833696820983684
-0.537134145399424,0.938720438162889
0.944169877371065,-1.24459401368347
0.920555993604028,-1.17486432827796
1.63173802317297,-1.57493008463736
0.65579658813926,-0.446464518977731
0.0891453613608168,0.48074486527397
0.223268869894269,-0.198793145959066
0.298080561853421,0.238303548783449
0.888568776667654,-0.562901483867356
0.38376309358189,-0.228462369515296
0.37486307123398,-0.198072179828305
0.672580079648131,-0.645679489498039
0.635747748811759,-0.83739877476301
0.759909252491104,-0.868212636087533
0.74404477113264,-0.819085955666027
0.931761374551608,-0.881504608718132
0.38614017932786,-0.151012139262303
1.24026904719207,-1.37690901260313
0.804689695310291,-0.544976612591228
0.872307092386714,-0.623722053126766
-0.0144950352296105,0.610017459418659
0.670524109688957,-0.428470817471641
0.470736868993245,0.0685598929021118
1.15660278185957,-0.591578490178582
1.56949022907883,-1.86090689172382
0.519289267371491,-0.329143953079327
2.38767990432593,-2.08474723152735
0.0512314122027279,0.270370958244419
0.363258307737938,0.062702074741169
0.449603223635613,-0.281438351756134
1.35651114608568,-1.41488909554758
0.566075600599755,-0.547055089906284
0.539534811932958,-0.363550399856961
1.06430567985327,-1.02341350642808
0.899059702336285,-0.599989917962827
0.776961790476332,-0.770058223615196
0.892655337462256,-0.438192402527832
1.25587563796126,-0.828758524401509
1.0026734838913,-0.884432045060626
0.829315960932407,-0.324581083465181
1.10666611306833,-0.826847980950047
0.795534460467155,-0.521026552489723
0.967398989921935,-1.03050721542675
1.27734569437884,-1.18609975242116
0.354869172776278,0.25085238455202
-0.387847761818618,1.08051164456903
0.315533115139522,-0.108076350961478
0.447080822111237,-0.316222172239846
1.16603803539831,-0.861666223463977
0.899097352025914,-1.03437300954188
1.18517749192113,-1.27859692196523
0.57492238085312,-0.122657896991199
0.668753694114209,-0.135719706472393
0.877084713442342,-0.638839640462874
0.484643287286339,-0.283918765053348
0.982532681541161,-0.650364362535443
0.835370007166454,-0.774463303232859
0.307320413624119,0.239633766621779
0.160715296946895,0.326091681905541
1.61778462414125,-1.91929797881158
0.460281540785617,-0.000707625496456394
0.341075630917926,0.0178220897598069
1.37099952497069,-1.11728919720239
1.61927297115898,-1.63271117405005
0.444355267838101,0.267010641832823
0.670526153851775,-0.163470226886331
1.22137495390255,-1.04881581551535
0.285905260325491,-0.0230888367312425
1.59576780737262,-1.64933077741675
0.296070375499868,0.241318909666953
0.98130659390038,-0.767732230183602
0.796556162280523,-0.472241897215394
0.830086795877342,-0.405879789167537
0.416762357803309,0.0888248424171683
0.176369387526168,0.455312649923445
1.76890639610625,-1.90412059435959
0.771677948306711,-0.686493348249698
0.418150238775596,0.319644472208407
0.162000026073972,0.37065336533502
0.864576308976768,0.0790238613082067
0.704091538425765,-0.216636262780648
1.75312768451799,-2.07103873794925
0.50473818424233,0.412790154998563
0.855379396498397,-0.456184760352644
0.992535513848249,-0.726742113538781
1.95535948514977,-1.615459670916
1.22594861512143,-1.30929519037957
1.53884770250512,-1.5878373852761
0.0720075785682907,0.589633287919997
0.89453803637879,-0.521371793981466
1.28569326597069,-0.941335478080678
0.407521036844038,0.179306041417161
0.61495298998662,-0.250210389102885
1.27070035938577,-0.791595133587125
1.02661616963604,-0.626066361108993
1.46291945045941,-1.3176889179053
0.877890418128709,-0.296002818970894
0.825140809984245,-0.0504170348509076
1.02696689029434,-0.613975820874441
0.514859404150926,0.103116589639034
0.123953800817033,0.798965338188641
0.453678382163838,0.0131262179832689
0.211627302704981,0.829181231661488
1.09230754836481,-0.914433529860238
0.965001838363702,-0.530906244796482
0.828024718451292,-0.08735061606792
-0.502716285988439,1.46263549633147
0.804578448387296,-0.14575719106709
1.17319798957106,-0.397048939464586
0.639514452135514,0.108663342365568
0.811039178218845,-0.242380851322584
0.493733655258305,0.505206107177341
1.93168718864018,-1.31715591091444
1.81618516492521,-1.66943895633587
1.93499268577812,-1.59819452545528
0.837545973006882,-0.315706870140799
0.944171129094688,-0.456635965011402
1.15204328211796,-0.758001019515218
1.95851273501753,-1.92318166583118
1.92163279473258,-1.35046272841662
2.22073953583422,-1.8968269699198
0.972208636716036,-0.157660003832537
1.54187890391877,-1.20749687046557
2.0801227144302,-1.21067190512002
1.77074805592134,-1.09047802420043
0.280145152510886,0.791836325737669
1.69892980389774,-1.17665352265217
1.43792967623372,-0.786811511575731
1.74558337256965,-0.871311819476568
2.02858912233398,-1.27918997861009
0.829286718727173,0.0808812229378861
2.70300703782819,-2.30808972538263
1.3946334977071,-0.0803997427693968
3.09774755573818,-1.47057520377875
-5.31985601877843,-0.0680195671080402
-4.52961240669333,-1.28767795889006
-5.24007892170334,-0.171285572729976
-5.17404976286662,-0.159023152925586
-3.83098437974075,-2.02440284161394
-4.79407237171267,-0.853010959992767
-4.90146516660375,-0.194181820857049
-4.58953756434861,-0.902124356566474
-4.83686056369948,-0.699242979909773
-4.70638401901308,-0.645901164723079
-4.67743306055741,-0.719685068692227
-4.12504889078783,-1.52571673591213
-4.35285558911612,-1.25925545997757
-4.57029765666631,-0.762210833287509
-3.17274362544337,-2.67976342591336
-4.66451198234416,-0.530687603644506
-5.5743425829011,0.62445461048422
-4.16769920399314,-1.2215943427696
-5.09912461076615,-0.0447584189581415
-4.08926854499999,-1.52547532565994
-4.14547895621727,-1.47031940638054
-3.77553258074137,-1.73696942004023
-3.0178095958605,-2.68853024292467
-3.70194310841947,-1.45396805464058
-4.43757538469181,-0.932760868273143
-2.3101010055565,-3.59797788449028
-3.33510780803839,-1.80117534064052
-4.74920022161426,-0.366011645755333
-3.1555098283093,-2.29634959069791
-4.33217876211385,-0.94055745681188
-5.21048239814552,0.0982556529085535
-3.9024080598945,-1.15175865092717
-4.24530179769751,-0.882290546968268
-3.30325318783439,-2.56023030249142
-4.6351603088914,-0.239934266655969
-4.07352315499384,-1.07177126039677
-2.79607566537254,-2.42319013945161
-5.1166513135383,0.197180869097036
-3.97688785916371,-1.44090747126391
-3.67059435245142,-1.71595658027353
-3.67304946342097,-1.71869633506382
-4.29400615925287,-0.777934326666191
-4.00929297749208,-1.06828206233883
-4.3169275883768,-0.590189020047504
-4.09348918619995,-1.03023351681174
-3.87140705675521,-1.29025642400262
-3.66582579846284,-1.28915143895853
-3.56734529156328,-1.49366507737786
-3.81769057124713,-1.28570990711925
-3.17114965995728,-2.34542934021894
-4.68030026846657,-0.307801972511829
-3.60492066542318,-1.76667763394438
-3.58646859213004,-1.25470453880607
-4.08176934964932,-1.08127330363315
-4.03890096417397,-0.970385452452568
-3.7856134716938,-1.63355257844148
-4.48514854744347,-0.278446242271589
-2.96930387099899,-2.44677657433236
-4.04373609498888,-1.12564952018277
-3.75125736103687,-1.26596617812787
-3.79206221097146,-1.21563467072179
-4.04488206827258,-0.955298870901382
-4.80271927649848,0.180361250619484
-2.42555790345204,-3.25753511620597
-4.42598911571856,-0.4956127803377
-3.28443514198825,-1.95320676122393
-4.23683145084379,-0.881201392749128
-3.84658927611105,-1.33095156429613
-3.29363829340771,-1.9588523197354
-3.55893165422154,-1.57498621405279
-4.70949712454539,-0.146162769108323
-3.58213681102673,-1.50403947366353
-2.36151206034146,-3.31613960582373
-3.37154996512313,-1.69514642947411
-5.2043275358964,1.17381970251673
-3.33540061241054,-1.78605234001437
-4.19640821905081,-0.767491683979311
-3.58084371658279,-1.64055675967418
-3.04154853605021,-2.42164525837667
-0.737133417132459,-5.48041378848211
-4.77869719503283,0.223303553381341
-4.61103907578289,-0.12810102036243
-3.79805090820259,-1.26117163972863
-3.2643619021888,-1.91013698548031
-4.15151079460006,-0.691406570855453
-3.66918461549891,-1.38240036459845
-3.9194796630452,-0.963525793737724
-1.47047632926524,-3.13277981271405
-3.4327379323513,-1.7864365094178
-3.88717525321881,-0.921437046645775
-4.75863968903598,0.205052643413313
-5.70896645819362,1.57762772241745
-4.20638347643315,-0.707296233699804
-3.52284158216996,-1.73950306127384
-3.82153546054542,-1.3225082522556
-3.74286745420869,-1.32194302867912
-4.75437629693599,0.287697302389124
-3.99157460546044,-0.897579823167793
-4.52206175059375,0.0196771843733203
-2.61893655489264,-2.92769116427411
-3.18219896135132,-1.9666292991396
-3.39148567089219,-1.63125966943548
-2.65690106159547,-2.8793196318008
-0.696568542910274,-4.13454532193941
-3.57618957265819,-1.57026960074819
-2.87235368097577,-2.2934337998604
-3.10234640276111,-1.8807277942426
-4.10968132342209,-0.568131990747972
-4.72287730594452,0.21124165427722
-3.68505522443741,-1.2847567012082
-3.57306234392307,-1.23011972910791
-1.94940489110443,-3.89793425261579
-4.54510109902159,0.0702867250610522
-5.01836123376257,0.646697329821842
-4.45971448162959,-0.330176076703367
-3.4771014673691,-1.50602521720658
-4.62632952987339,0.172873342803628
-3.61834214658437,-0.333879570387319
-3.43865869658568,-1.55797083744702
-3.72968834627312,-1.34093140347545
-4.03874890793533,-0.827587339927034
-2.95473688584462,-2.24829998416944
-3.5275789042074,-1.22960208262096
-3.86615405479613,-0.708677725919897
-4.01924370447536,-0.47218091169903
-3.60402842275427,-1.20405639424619
-3.70268572339073,-1.14735144257968
-3.029950295383,-1.8366165812361
-3.26115384936795,-1.9272021106973
-4.22385249849068,-0.582728344619764
-3.84981236489938,-0.930106873925708
-3.68976040161286,-1.35343145835378
-3.92149104488117,-0.663991573054265
-4.04419192037615,-0.722845684608481
-2.35563467745684,-2.70003096546817
-3.23330276152204,-1.8549488710839
-3.80709565234376,-1.10769464725262
-3.51471291607003,-1.44724058634386
-3.84498094417671,-0.900497522333176
-4.03022960751626,-0.620867610225501
-3.83393100675179,-0.914272630837529
-3.94740561994211,-0.888636688763355
-3.35458563614605,-1.64232954137697
-3.89665814643752,-0.411343693436571
-4.29916669922306,-0.261198054668385
-2.52272345455277,-2.86124783544818
-0.424568332830396,-3.99238583194477
-1.71483139381427,-3.79581692666409
-2.3132443472751,-3.12584129947007
-3.3737633251904,-1.39663027516069
-3.2283184607324,-1.36129519614127
-3.47990380253335,-1.31980035533511
-3.49973680640498,-1.23400303249419
-1.6440911667288,-3.97201428303416
-4.12668032634503,-0.496963610331521
-3.39033920586323,-1.54334210778994
-3.29434612595032,-1.84886530999705
-2.96864665482789,-1.98395718974918
-2.32915360798172,-3.2312139967376
-3.38068154060417,-1.43104832270649
-4.18312700763428,-0.340382065787102
-3.61193309849082,-0.953825305660007
-3.9563443765477,-0.617737097194119
-3.09507389970356,-1.90283934430231
-3.11073643680169,-1.39699593170331
-3.3772744256852,-1.50765451690582
-3.12601421956773,-1.9030105706629
-3.9268706377334,-0.520579161696016
-2.98425326050757,-1.85432871530859
-3.87538076485791,-0.758239755039737
-3.55230057574122,-1.08032155337089
-3.38899730439288,-1.47893870107838
-2.74834583059064,-2.00919612407877
-2.63400942405819,-1.91436732453735
-2.12933659882768,-3.1660320015814
-3.36229416968156,-1.49669318375351
-3.17614108077648,-1.9055260703498
-3.51520660184938,-1.42928467864559
-3.01273938109719,-1.69837947089991
-2.97277395350692,-1.90661964827107
-2.81611581128998,-2.20462077481115
-3.9109047918719,-0.505942018930568
-3.11974472351097,-1.69721840160783
-2.38466662230162,-2.87313894993945
-3.45811988959529,-1.39632718075655
-3.23567092318275,-1.5935237445519
-2.57061472615569,-2.49273315579902
-2.98858594465132,-2.16622407515522
-3.66890754218492,-1.20314849179454
-3.43513259694944,-1.25328215903261
-3.24615360491556,-1.45678462515967
-4.7929557664929,0.505881178714009
-2.66526454226731,-1.74452474554389
-4.34621878484162,0.00493339308523458
-1.14396971186383,-4.35483301181083
-3.89858169935397,-0.544293687760212
-3.80794943515597,-0.838840882286324
-4.08666662600313,-0.344227621367042
-3.48160564984998,-1.08152926033797
-3.69875483128587,-1.10034433823663
-3.22394651413632,-1.55219615147608
-3.05210156110388,-1.63926454274769
-3.08437031082055,-1.81489814884887
-2.45953562148115,-1.94312718320126
-3.38593300303798,-1.31651185589684
-3.36214543981809,-1.51281217350174
-3.29250402131439,-1.43900259855741
-3.00901090621334,-1.80377406999858
-3.66812524530649,-0.862986615135504
-2.88853401897551,-2.13871638521889
-3.31055839046104,-1.35570229495348
-4.15010119777701,-0.0223469027538823
-3.19015051537932,-1.81190088654623
-3.05580743717119,-1.60531958540634
-4.01521454471756,-0.428585460564661
-3.72662206832385,-0.822651227358257
-4.62036063460483,0.651763607908551
-2.5944397886614,-2.44203143651996
-1.95770991005288,-3.22524426734555
-3.11502491059692,-1.50076736031163
-2.68277854953315,-2.42469094842223
-2.83606082777358,-1.87728936207107
-3.95270927226837,-0.396063576464794
-3.75857243415937,-0.587794101206156
-1.83466646645106,-3.45508528986872
-4.40753885099785,0.150209982682931
-2.47384094755555,-2.37325631406116
-2.21825270890643,-2.99480205185974
-2.79003704179523,-2.11305875468422
-3.04822654483884,-1.77510762491544
-3.47080545880585,-1.00223969700278
-3.27943288015172,-1.32294612963551
-4.65605502703447,0.399394003330961
-3.55997581794306,-1.13751933702392
-3.34839972267809,-1.34146985043339
-4.08251121888329,0.018603056675565
-2.82575574424226,-2.21827582421584
-1.85933348594853,-2.58648256080533
-3.42078245059793,-1.24225605208695
-3.28101319661856,-1.41329835306463
-3.04765366767786,-1.64599394700605
-3.03534317277613,-1.75776819722599
-3.02038890965148,-1.91401428167359
-3.67545726583973,-0.887692172654759
-2.68606944698143,-2.39647651247175
-4.68210510695644,0.448711210529594
-2.54333750373484,-2.23989837541865
-3.53102417055572,-1.11715677094016
-3.74268070769205,-0.757498847602064
-2.96975317913779,-1.53017597105003
-2.14900496439108,-3.07859550706934
-3.1553475329568,-1.41230383500162
-2.54081585966552,-2.52303364948649
-2.77001775593924,-2.14307421330672
-3.9704212691221,-0.461066378322972
-3.1156218406191,-1.88586712077687
-3.59522189734321,-1.01283834154531
-3.38439168494905,-1.01851403679223
-3.26147213867349,-1.45564147751905
-3.63369383687062,-0.496445483412036
-3.38588717484592,-1.09704731342573
-3.28716660508496,-1.24655207907576
-2.3845364976429,-2.66001035958129
-2.72313700568512,-1.98647923394419
-3.22993435096741,-1.43853820277805
-2.5449547240702,-2.39084028475449
-2.53686291753146,-2.4858605000407
-2.92721152453493,-1.96224986569437
-3.58388915847983,-1.0050835804245
-3.87682913324063,-0.602872824471143
-2.77950294296582,-1.85236809528615
-4.1508949777804,-0.0670702569476552
-2.63820559039751,-2.31310545503176
-3.61981789737347,-0.906854521851858
-2.81496809835763,-1.73679354091181
-4.55720766295986,0.39014934502362
-2.90939382035613,-1.51549785953319
-4.06338293997844,0.467451092230727
-2.24080951554204,-2.7998949037235
-1.39495762707435,-3.97836383521645
-3.9126719315763,-0.550728159601309
-3.01473386650422,-1.7479617565642
-3.36169961123252,-1.0872210602426
-3.6951654388973,-0.671447984877776
-3.47757363264004,-0.788897707436802
-2.56696833893578,-2.38023812967283
-3.89865815038859,-0.434057277988409
-2.91183770208883,-1.72208332406236
-3.35034841601733,-1.21919147028884
-3.85508760143174,-0.665749028220185
-2.6220025204957,-2.38094354060306
-2.75766248777535,-1.76706518189331
-2.9446889087692,-1.43652734694019
-2.9830430393471,-1.33775641796364
-2.84224426683551,-2.00880771608096
-2.91201568554998,-1.79752030141628
-2.0969219284881,-3.18980164520804
-2.99490059353667,-1.79940619218732
-3.70613482433168,-0.749648192224327
-3.02504025796487,-1.28706015570622
-3.62482695728948,-0.785506704750237
-2.33298427333345,-2.6729165194401
-1.50090739818032,-3.43002010076844
-3.29354075371517,-1.42224810848072
-3.6434960110824,-0.769480608476969
-2.93654200679688,-1.97476198735586
-3.54099857868317,-0.796865651940478
-3.2404341459183,-1.0791062636935
-2.96197115331538,-1.54029285295501
-1.91107178689995,-3.09894381537848
-3.80152494396837,-0.467073873494542
-3.41794525921229,-0.876652409100254
-4.03570679872952,-0.193789632011141
-4.14538760935757,-0.0119737138674824
-3.06922568800056,-1.53063212535535
-4.37783798544918,0.266813943713543
-3.54725921652797,-0.80031609759439
-3.60457916260594,-0.916774355958442
-3.58278969546135,-0.971553794984917
-4.06769061948397,-0.0934692840290225
-2.14345125854472,-2.83183208543966
-3.06864699371183,-1.40810113926142
-2.72999392868244,-2.07472976968929
-4.33010385863277,0.304919041719101
-2.61948251158107,-2.04248507168141
-3.02824612524637,-1.77213788807177
-3.74040201875848,-0.789502017800568
-2.83565886632455,-1.93144143641759
-2.85946808973597,-2.00042943463222
-3.23472992774519,-1.24846142864634
-3.32568530102066,-0.994120798118989
-2.75989554485109,-2.06959414845603
-3.00153239229473,-1.65771200070128
-2.42247210823181,-2.48045546068191
-4.10473571604594,-0.0659268497043196
-3.33999539441031,-1.15281601705439
-3.42895233054538,-1.18142085772697
-2.33654828237466,-2.64276730579193
-2.80364379774337,-1.83655896252958
-2.45219756850447,-2.22441670211471
-3.24663379430905,-0.937280777940747
-2.73688509668415,-1.48741547374248
-3.37229022342506,-1.32107867322925
-3.7680809806492,-0.439831489577367
-3.8886199539407,-0.2469864874
-2.94100410074189,-1.67836929321974
-2.98650054188692,-1.5554432109301
-2.43233208106265,-2.14414580533132
-3.73418168277322,-0.607978696932921
-3.25629450436711,-1.2639259587369
-2.6380497760821,-1.74073906741066
-3.05112257394975,-1.05340947024503
-3.97129813130267,-0.384006232742361
-2.74868718842363,-1.69116037753059
-2.26105405893588,-2.55919294592719
-4.47176825953431,0.527737262574608
-3.08653785014912,-1.57938920278798
-5.18796680935917,1.47240148216754
-3.77596452807829,-0.670280719773988
-3.60938884953946,-0.750569775414204
-3.20525909263732,-0.974850967361087
-1.79526355454067,-2.86162755505491
-3.77930576038355,-0.430797490490693
-3.44292070632294,-0.90031737927725
-3.80753896297939,-0.324381022879764
-3.65777998248163,-0.752057566891527
-2.78912604278241,-1.77789945004648
-2.91111450407804,-1.93399374484314
-3.3559258189233,-0.793579355801972
-4.08971709503263,-0.0467799584513695
-3.39917400315812,-1.04668889021666
-3.44685277133452,-0.979404665409825
-3.2388368471256,-0.950997803519627
-2.76777372995344,-1.64892292822058
-3.03452869808904,-1.425908254114
-2.94282306715708,-1.54635354325671
-3.16386313609413,-1.32787109809827
-3.54655465223185,-0.854151249594196
-4.96620666239454,1.23892156637935
-3.66096511324755,-0.408661279524997
-3.39713521743196,-1.00029065463964
-2.78166467363553,-1.91806884059692
-3.80508494729089,-0.278196932081272
-2.31680820141711,-2.54175108389151
-3.90250030339164,-0.285446137749022
-2.88881004095555,-1.53636017325282
-3.02077952522495,-1.29954975148856
-3.32662803927091,-0.90452253763268
-3.6356427840637,-0.609445531972186
-2.77082774483671,-1.87548406450058
-2.02193519127803,-2.04254553812655
-3.53611362998477,-0.630870136310007
-1.95959356571332,-2.33018768783969
-3.27066122127383,-1.04936984932433
-3.23120529661621,-1.40107591260645
-3.43995964879725,-0.717917995052181
-2.65792661234349,-1.95141771705806
-3.15796730966774,-1.32252577270383
-3.65602283659617,-0.581647141814889
-2.85244992165599,-1.43729470186912
-2.46339836071697,-2.18453444435518
-2.8091312637022,-1.90112529565549
-2.2397176055582,-2.05950928137042
-3.68093844011962,-0.526543877790732
-2.74324019277424,-1.80459200327692
-4.98309216182257,1.28586091766822
-3.42910043521574,-0.785754272591468
-2.70368857695686,-2.10219261546298
-4.19533563356438,0.131263300721088
-1.75153647094224,-3.1002949523033
-2.46516496966872,-2.03650361625955
-3.28988231404404,-0.805892999812284
-3.67544863243175,-0.631286272293368
-1.84135180514784,-2.94951645448963
-3.47142012708981,-0.751827581690086
-3.36204494392561,-0.98054938009106
-2.99876469869992,-1.3368278232195
-2.87461030363558,-1.59967507891764
-3.40606390301559,-1.0001242235181
-1.8327420920522,-2.86655869047873
-2.61860386998197,-1.8838097679294
-3.51798025954649,-0.596764638232339
-2.99867989603994,-1.26103937342674
-3.19861179999291,-1.06551855285495
-3.02049807972929,-1.53767298943168
-3.41085111429621,-0.76090962734257
-2.93791434787699,-1.46039661331262
-3.37841962460468,-1.00850605025654
-3.23925958625051,-1.15701691419637
-3.42170707872021,-0.923913104524863
-3.27749821406552,-1.07466993584099
-2.93358689089949,-1.33346661973022
-3.35284865531052,-0.370570993323651
-2.67889130029164,-1.787761242194
-2.72644992615418,-1.84093263892252
-4.6383608151268,0.782498964642139
-3.84674675727711,-0.387453723311431
-2.35756527713794,-1.70151270562262
-3.23213278574303,-1.02455762950077
-3.08461969696708,-1.16064713384502
-3.00774678489792,-1.53434033966347
-2.54114344911638,-1.90667892119986
-3.39633918904002,-0.844714494734562
-3.61897481705049,-0.392371744201298
-3.53918914576589,-0.663337893189325
-2.52318316266443,-1.95487534626601
-3.40190361567997,-0.807042776021051
-3.92174401917051,-0.160885945701219
-3.42271139039164,-1.01895997037309
-3.51746122322462,-0.747868388052136
-3.35909983258222,-0.95110103329063
-3.00975415971982,-1.20043635766742
-2.42770106017515,-2.11124918893119
-4.0729867384766,-0.0972067084452336
-3.71466525817028,-0.0499779297382711
-3.72678994296704,-0.489021341568369
-3.45308889622504,-0.855368527383145
-3.66263504447976,-0.187725051751464
-2.47706464264083,-2.07508407230597
-4.03988186917258,0.133061775086595
-2.313577986402,-2.48536113322036
-2.803803304455,-1.56183976695647
-1.80349111834378,-3.17735694069711
-2.86363014242456,-1.50228708481255
-3.98130106656277,0.0239368228481776
-3.02795976120242,-0.964516182290736
-3.01190453459243,-1.31071093975691
-3.85460230467877,-0.182800899231417
-3.27115812407659,-1.10519028540657
-3.37308302106458,-0.999700164046987
-2.5876611055738,-1.85851742713686
-4.55369910206297,0.837196059382536
-3.48887644718965,-0.850170440683811
-2.97816998592337,-1.35209533459371
-2.68296170419114,-1.83143695702199
-3.73090918658573,-0.237144705749962
-3.30055430467219,-0.623701570316226
-0.224439492038068,-3.49773419959742
-2.96220348874217,-1.41112698026493
-3.38148216905448,-0.722408337617885
-2.88730908406482,-1.38259148474671
-3.31952617249031,-0.752725216209799
-2.49106004217319,-2.09642524741361
-2.93795628055006,-1.30772609513528
-3.66993304788261,-0.397662120738764
-3.16032218554528,-1.01141118172005
-2.87096519779733,-1.09778939796032
-2.35372607533275,-2.24322929662365
-4.14327109414615,0.496401856480983
-2.07769510337742,-2.53603327296825
-2.27477860076734,-1.83895278682543
-3.67991621511212,-0.550068026093202
-2.84208151779882,-1.48727794090817
-4.36106758686189,0.605149283360419
-2.98419929373953,-1.21329532719438
-2.71949256558502,-1.77379161683458
-3.50318922065828,-0.571408848309598
-2.22114787188273,-2.43001441336415
-4.2717711057553,0.398237784149883
-3.13649270187743,-1.21489845132156
-2.61837293945723,-2.1240566817061
-4.21684668737069,0.477637116709226
-3.55408600755618,-0.505923823864474
-2.62928798480257,-1.94241331799555
-3.78057296424321,-0.27356511386425
-2.86784916920812,-1.49605637138559
-2.7300033786236,-1.54100691294345
-3.67433411573506,-0.436551205768436
-2.89374063667183,-1.4468435496255
-3.43732244381168,-0.93900873688866
-3.34008848343909,-0.630191062947318
-3.07438924250644,-1.11002248233493
-3.39789988590171,-0.418547674580353
-3.32511478906554,-0.855465671177906
-3.84449853992975,-0.045516868128049
-3.73793964873413,-0.313682979034847
-2.56931774011164,-1.71706701757769
-3.17655927738092,-0.987226356575028
-3.20007698301795,-0.915612004075875
-3.37381554878727,-0.65163136213136
-3.49485301785857,-0.539857480185179
-3.42670829754577,-0.724758483938119
-2.92164875392557,-1.2994989207986
-3.37933488110177,-0.752239410240888
-3.97670634206402,-0.0863263953586209
-3.38587215382694,-0.690989199937389
-2.81166468355895,-1.45945450093282
-4.19603998757635,0.490836711001351
-3.7364127185803,-0.304845167008803
-3.35509578967928,-0.595467820564763
-3.39002268895197,-0.983416756714343
-2.55017308773168,-1.90240969710046
-3.42181054291056,-0.657336363651355
-2.84153355759968,-1.52599487370752
-2.86822955722791,-1.52013967300837
-3.49096893519522,-0.28689360211453
-3.38882273508922,-0.768112806430942
-2.88004371066352,-1.45424460486832
-3.14100793765504,-0.996213822697348
-3.15369808542643,-1.05592979000397
-3.27423675972875,-0.58830430053485
-2.66911618599962,-1.61547461584794
-3.83051477378796,0.0593865571091709
-2.842372033608,-1.35871885708963
-3.6935267720579,-0.370023861782019
-3.54867778412593,-0.611820170577092
-2.90376650498949,-1.20476658853164
-2.9620056328282,-1.01028645459144
-2.2159725079412,-1.29587474881342
-3.22280350620098,-1.12848838063737
-1.42855137876126,-3.10001806632252
-4.00308900509377,0.202195401242544
-2.19246492761654,-2.48463312024318
-3.3163898513307,-0.439024215284441
-3.04941889743867,-1.14009651020929
-2.84617059334864,-1.48262334823979
-3.08589963913046,-1.22223055932138
-3.94219103958539,0.16071305636089
-3.57489528763335,-0.491029007300831
-3.82240569896499,-0.0590565918797332
-3.68598905514611,-0.452365743528109
-2.53809427716168,-1.91321149105964
-2.44655240598457,-2.08415716095895
-2.62818543235397,-1.63213564046769
-2.07981024358406,-2.24389223603876
-1.960987784998,-2.42703433929209
-3.58732399795254,-0.417099552316827
-3.60770367681596,-0.13378273750936
-3.22527430159874,-0.835204559769114
-3.08936894304831,-1.13750035414733
-2.84779631394644,-1.55767876437254
-3.13855778951506,-1.22154716761983
-4.02815987434458,0.376587164742659
-3.39598645285943,-0.62672528513473
-3.97085371922486,-0.0418720508533445
-2.52099411840707,-1.33580706424579
-3.23389811850067,-1.02670543533488
-3.05853220000442,-1.24250371738492
-2.91799908110071,-1.36184305137796
-3.63140733570994,-0.498052905311898
-3.11117953087036,-1.27989443382488
-0.969582144197926,-2.96721030514315
-3.39849295166973,-0.707694172814907
-4.22837974550605,0.437697286019452
-3.5858763134616,-0.353766062452431
-3.78870507351026,-0.148699814809481
-3.60451625204611,-0.214390586604048
-3.52436544271117,-0.54850862761922
-2.87658777964183,-1.05044393905083
-3.39562568306058,-0.645977107606022
-3.01743087548535,-1.21282994658829
-3.32935616308204,-0.754633324584186
-2.893324730497,-1.39805128796471
-2.51309398245929,-1.88784185012985
-3.2579195299369,-0.709032070540651
-2.56967130547605,-1.98221883504869
-2.70999169172554,-1.42311865158254
-3.40639031095565,-0.455791033224362
-3.4641903553962,-0.556505000657228
-1.93886414390508,-2.31019999456235
-2.73280680514194,-1.60158849228598
-3.18535920283275,-0.906382874335236
-3.40020504568406,-0.661911593607863
-3.52530481234934,-0.659199703474285
-3.44272169189498,-0.753027539642013
-2.13583858544435,-1.48618760027695
-3.02055606709917,-1.20097082019161
-4.02501510406034,0.478045963554336
-3.97874259330837,0.126122210130571
-2.66508739733006,-1.57824009618441
-4.23137770363169,0.482504553787407
-3.52601840890385,-0.408359548348473
-2.91987398400155,-1.32862968119009
-3.31844708443866,-0.70678673411884
-1.50578388239257,-2.33246504259136
-2.5487188170112,-1.42191403913895
-2.27028266754471,-1.75206755515998
-3.1447147329086,-1.23926470439826
-1.80325168787114,-3.10744753342836
-2.94586587495363,-1.18199950884671
-2.84201954794747,-1.31346851656736
-2.72240738306802,-1.5147956194392
-2.62283659210227,-1.33348888257768
-2.82896166502803,-1.62617282866925
-4.322911142975,0.778668821532293
-2.40406247992482,-1.93261285737234
-3.50107088458188,-0.101631584072707
-2.14288922952844,-2.32627081898698
-2.99377013436706,-1.3360798257615
-3.7908500316042,0.00206733841329864
-3.59007895254055,-0.101839089684798
-3.53017838359577,-0.230921189592835
-2.8718768623654,-1.60964250342829
-3.79469685665907,-0.0855865799904151
-2.52858136518407,-1.74458005413776
-3.26616567162915,-0.773470935305877
-2.09287635675119,-2.40843047304878
-2.10272420098182,-2.50634165999376
-3.78778039792876,-0.252569957821801
-2.54295530112339,-1.730047161215
-2.72372517483251,-1.72056030131808
-2.76521483834922,-1.3882932769621
-3.29115823422774,-0.856098951326852
-3.79603981713203,-0.0687414887003961
-3.44508043712205,-0.54296910949617
-4.13717801588186,0.479339101604603
-2.92793477523336,-1.14984928641931
-3.30690908275009,-0.900497679273012
-2.36134983480371,-2.05056506292448
-2.24957417851361,-1.69738471947554
-3.61960497773176,-0.248849640584104
-2.97245278926713,-1.35113227977025
-2.82256204254526,-1.3176420429073
-3.24943461578932,-0.743720442516249
-2.19216739948803,-2.17901385984422
-0.768085913227458,-3.28556105688299
-2.92807396854262,-1.09425650029819
-3.61349493973902,-0.314310445852881
-2.28457831175379,-2.27811422019292
-2.70519206156868,-1.14276608546589
-2.42378044631316,-2.15674436673139
-3.04366005760213,-0.984512257867907
-3.93580541653083,0.294724965377043
-1.58532338827348,-2.4099497598864
-2.13650365887114,-2.37520424195531
-2.84128884812523,-1.51326447447037
-3.09386178609885,-0.655408291199545
-2.56203242830393,-1.64560009792091
-2.86582896669611,-1.17183314117052
-1.94642427456128,-2.61543819140142
-2.76806294495222,-1.56834200230073
-2.66142751903916,-1.45254059609526
-2.58203919628631,-1.60441167816971
-3.16946188299221,-0.788016046913139
-2.61519212814725,-1.52743615148235
-3.22202048407388,-0.836058922939039
-1.9821339524137,-2.59853362723768
-3.1001084497981,-0.553834811542424
-3.17031720953883,-0.891258064884746
-3.06659657114348,-0.884289802522594
-3.29109196305389,-0.723085767147661
-2.03144762900468,-2.45250226560916
-3.29654160641931,-0.694783084563276
-3.2437439030483,-0.714863568438848
-2.69412555377615,-1.77403622653811
-3.54768229968104,-0.481967615096481
-3.70327646404818,-0.248301581898935
-2.56128696570268,-1.52224418096969
-4.0024399459875,0.371287286051066
-3.40847835772274,-0.428524671522806
-4.04669056762587,0.289277063824737
-3.06928111672074,-0.884201922033549
-2.40012975297857,-1.77765942306809
-2.27124188121479,-2.312824563737
-2.83812526003189,-1.24301476408049
-3.03633543876196,-1.02766354366428
-2.70047826822216,-1.69699618996227
-3.26098387616788,-0.826260217646828
-3.05312919693498,-0.912503864667919
-3.15176873175567,-0.741721339641173
-2.91145417563456,-0.925198645009912
-3.16123668793569,-0.843879236143934
-3.80703796756406,0.0210394311240134
-3.41492477595165,-0.444540275442879
-3.68213483479065,0.346473996791626
-3.33158438934796,-0.519065968587308
-1.67841603444742,-3.32105259358356
-3.36295615873516,-0.348978498403547
-3.04834658836376,-0.949884970987309
-3.72052279854047,0.0693427714927323
-2.74220597695975,-1.30182993585866
-3.07202301348722,-1.14393441581635
-3.46459013148194,-0.59642899812296
-3.31462097291518,-0.439958850281495
-2.98647307913868,-1.07668843709223
-3.09306795532468,-0.890474657670927
-2.56330614625053,-1.83474689486377
-3.41077888863186,-0.689374277857886
-3.39438654189858,-0.481499998194586
-3.60344690759284,-0.0272310165380421
-2.55282918874695,-1.73272405412135
-3.17047097325627,-0.81163111462514
-2.83202508604206,-1.26650189294279
-3.51401995906483,-0.281477653241809
-2.1271031220909,-2.45928535356785
-3.75623145513424,0.133671871753275
-3.2439732080375,-0.422662377356348
-2.57596989750507,-1.40947036143261
-3.39878719336813,-0.483402094376956
-3.05301556439512,-1.01759237003299
-2.34416977842483,-1.94034169257656
-3.45648718614123,-0.221088681534625
-2.5173567558669,-1.75966545247956
-4.05426468099913,0.505438806144822
-2.33899503689511,-1.99604406893719
-3.08939931736753,-0.929436910177259
-2.83006419285654,-1.07907883035617
-3.85552842565699,0.506581367815054
-2.25860849785312,-2.14548468207527
-2.48485719996926,-1.54097016360467
-2.68650206605592,-1.71783295106379
-2.72305659941195,-1.57500778928851
-3.04657832085859,-0.992865292255862
-3.10254379901526,-0.979359712122526
-2.35950236467973,-1.60436013214463
-3.32099967999466,-0.476366892912639
-2.26708264299751,-2.18807985597105
-2.82757294290945,-1.06646446202262
-3.16593165893497,-0.848343434759615
-3.51415167368132,-0.250269366532391
-2.90809769708044,-1.37308369637383
-3.38766317054234,-0.397096520149578
-3.57146187530537,-0.183919634891328
-2.51261058493754,-1.73933290766319
-3.68473398107667,0.202506513501721
-3.02997929901907,-0.906247801450425
-3.241281139016,-0.665398421064622
-3.30537450726706,-0.714672846440362
-2.33925133599896,-1.89878857468189
-2.61519506031402,-1.56667441843593
-2.189866267239,-2.04533323874652
-3.25123316518174,-0.626782843140282
-3.04049724408619,-1.13595905325462
-2.8759581701933,-1.32735235606094
-3.05578736981209,-0.819246553133808
-2.73116171510088,-1.11746142457037
-3.22967111534715,-0.73294659959773
-4.30298044539434,0.771603049274947
-3.3878005534443,-0.579060559012443
-2.52148202667315,-1.17570838075343
-1.73600951205046,-2.69065582246778
-2.50852849094637,-1.72899289179004
-2.47851001386946,-1.86413419075291
-2.11471555877866,-2.23497691579467
-2.72860257487264,-1.19909784706839
-2.71755435850219,-1.23290260155689
-1.30753706543164,-2.94909009515396
-2.28285997468329,-1.75117827728233
-3.35720481472977,-0.453744547447877
-3.16824108830599,-0.829149936957178
-3.23863606714222,-0.535145531462134
-3.10351210608863,-0.837107650706072
-2.12082003417297,-2.25749998263085
-3.29229879355741,-0.76991478921737
-3.46683113887425,-0.349731166446502
-3.44675088892084,-0.345035237622635
-3.68956723887637,0.116058692769802
-3.2327818720929,-0.555948964164513
-2.41062510079578,-1.47073700775115
-2.08730378529257,-1.86000013111146
-1.20396981106405,-3.09216481317652
-2.6401449487632,-1.42294024290758
-2.68125253244982,-1.39237495627414
-3.80201112046715,0.310347472689851
-1.94835446246592,-2.54455181768143
-2.58297997349056,-1.4666850609076
-2.39048901333947,-1.75103044890623
-2.3793481691196,-1.74856796214698
-3.36984696812662,-0.450338476389235
-3.61602563986653,-0.0388781097990395
-3.41021698279077,-0.105909756114025
-3.12612887093601,-0.623348414196764
-2.66818315557183,-1.52605697875101
-3.4997224099655,-0.117430997718666
-3.48527580683016,-0.243442681488789
-3.1708111461593,-0.569728705978363
-2.56712497276213,-1.5618249444249
-2.7162924378172,-0.893851936314268
-3.12146156892698,-0.833923819421996
-2.85266271868901,-1.00214714566437
-2.34280192317853,-2.15691826884664
-3.64455155526589,-0.0501969946212184
-1.78049529163238,-2.44743198079168
-2.8841699486208,-1.01943516548736
-2.83362524666401,-1.33021532700679
-3.41480321997282,-0.324615204898677
-2.8564779926082,-0.963556755442438
-3.70791428808456,-0.0235010324983764
-1.51626220937235,-3.14792656647996
-3.37706186435809,-0.39972159298004
-3.76221151947282,0.100162454735935
-3.38767056306088,-0.483344192281737
-1.9981248170068,-2.29529123536695
-2.89273843985465,-0.774488849863642
-2.07569248901006,-2.21783121609815
-0.587159042579789,-3.8069910389279
-3.51393153459748,0.0721794295245568
-0.938458423817048,-2.79000723341265
-3.83250959081623,0.309438836425041
-2.67562608073756,-1.34739538149219
-1.80966452125981,-2.52971580687558
-3.32161387054394,-0.478755174973282
-2.33166293137235,-1.65410447513933
-2.14442842983494,-1.77994906110737
-2.85301169526796,-1.23629153886957
-3.94840803016137,0.362501798034214
-2.28568256655176,-1.91021757386824
-3.90336908158307,0.0641021946680592
-1.41500292851913,-2.56575740773192
-2.94361641576768,-0.977623593295565
-2.78803091357745,-1.2498281767384
-2.34130712805434,-1.61181322342518
-2.8259573305191,-1.12435437200532
-2.86688937754567,-1.2014820845111
-2.82370753650767,-1.0207363213355
-1.68203344354545,-2.51057313261051
-2.99589830556733,-0.96199457622431
-3.30022793388289,-0.731162483311593
-3.17607643019858,-0.579018284711163
-2.18540495480069,-2.03297785757583
-2.78715979442214,-1.01457361060804
-3.16377255735131,-0.614757477769793
-3.14219253293652,-0.701633105935757
-2.96059637948915,-1.07257371494695
-2.86131309048702,-1.24623979241549
-3.03817673171061,-0.580870415020544
-2.30251293101947,-1.88776083048611
-2.98651604976823,-0.648025716723754
-2.41425370466244,-1.73602789018562
-2.01495031383178,-2.12792802622175
-1.6703441567277,-2.62157065029899
-3.32903040358502,-0.283177409860437
-3.23358836728376,-0.61323536957214
-1.23425215726829,-1.71434266619914
-2.30499110980306,-1.76734498315324
-2.30259656170569,-1.77336561589202
-3.05208399233592,-0.399434603303921
-2.00876184195674,-2.13549029778674
-2.85177356728143,-0.774642089097828
-3.45401642275205,-0.123054948031481
-3.80750066674868,0.563486984619457
-3.49714919853942,-0.0139317644426178
-1.63208864090575,-2.88268846872509
-2.80611809498385,-0.928388043101937
-2.82697063876692,-1.2116847382929
-4.08176546349253,0.623806620552874
-2.94527170658782,-1.04858018081116
-2.22456369696372,-1.51966581579618
-4.13043373608598,0.693865969076789
-3.03801485077982,-0.932767578797372
-4.06793592778525,0.81105616748979
-2.72557778577453,-1.15851067421541
-2.70076705196209,-1.17629362003667
-2.78342873123265,-1.33252860096624
-4.04618029372918,0.40833522310141
-2.9190709266677,-0.577734669412236
-2.69163129562298,-1.33097321014823
-2.0814062928169,-1.8333589152192
-3.43246468534163,-0.371190360282199
-2.74404670901312,-0.893428956850995
-2.68980599867268,-1.15376124612719
-2.79405025176566,-1.0950626572046
-4.69558098102655,1.45591828136229
-2.7017642552589,-1.23419530149646
-2.06887084751833,-2.28453933563519
-3.00051177838786,-0.943291859971706
-3.20216369657819,-0.387672577941888
-4.10413443811095,0.879652721176058
-3.67609027776305,0.273457871613607
-2.29237508890707,-1.77339976764907
-2.05910803736641,-2.13846807641362
-2.44573347457524,-1.64793387617397
-2.81455745796756,-1.04223745314429
-2.32268546829432,-1.69454102327174
-3.31589288197873,-0.539255553038837
-3.16534075395616,-0.249947865462277
-3.16767588435264,-0.837762693740158
-2.84601865190933,-1.0692871617465
-3.65853575072409,-0.0285932518721897
-2.90136151091202,-0.846465342986923
-2.13447090769867,-2.06870842719875
-2.452981696403,-1.53030677378318
-2.42225932848378,-1.72972708444762
-2.30174842291705,-1.77454767616827
-2.75644751316171,-1.36357291357598
-2.70952457716642,-1.21959235224514
-2.27356889480086,-1.92208963042776
-2.27127726874251,-1.90575704303681
-3.32538485842228,-0.125822956150712
-1.89763288637619,-2.24561120572601
-3.21864821222087,-0.57543429673024
-1.72227133370713,-2.49552496048213
-2.57836760385381,-1.26820521265111
-3.74219085916715,0.238987225330881
-3.01334041684502,-0.576935573839891
-3.42256123825395,-0.130654079806106
-2.74765455494094,-1.134066605986
-1.90382754588548,-2.1175635582986
-1.4589941754238,-2.63814326151877
-3.38043578574745,-0.212328149554089
-2.24062192893057,-1.62210279242758
-2.64973044008134,-0.9979691803999
-3.03177975244509,-0.803793757835342
-2.13879713909282,-2.26164687715231
-3.37866790404283,-0.325714254231786
-3.72327402237534,0.294024629478964
-2.66993617490508,-1.19158672431061
-2.16765717971925,-2.13835802228613
-3.07384743693384,-0.613295606739322
-2.08261670865157,-2.08875261203777
-2.22629269760817,-2.03315622240406
-2.73453713740186,-1.10377047206317
-2.06248767705973,-2.26915261346575
-3.0943699309811,-0.512646355991231
-2.28236090871738,-1.82946208307799
-3.70707855383098,0.333015473687088
-3.48296912689569,-0.237834312712327
-2.7293841450933,-1.13634136769335
-2.90665905186977,-0.719735901803388
-2.0631686895699,-1.90379462812486
-2.57888948142566,-0.930918853157648
-2.64890207320759,-1.16669458147691
-2.51744593118689,-1.46097771722437
-3.1892622509416,-0.510910252643808
-2.51449272018829,-1.13842172467311
-3.53772583646298,-0.0221131628345906
-4.02903834611894,0.62772213055906
-2.54980227952157,-1.32512573000626
-1.77554990055753,-2.61326830212541
-3.04835764806773,-0.64141001408121
-2.72590169331011,-1.47328574976961
-3.29213304424451,-0.285573995533529
-3.44218645161837,-0.174165799005244
-3.14527385168543,-0.692455126488268
-4.21058923359921,1.04623126129072
-2.84334391864635,-0.813893136715826
-2.91186251232411,-0.660485435218982
-2.97201850274357,-0.543085878415799
-2.20080516805682,-1.72580851728002
-4.11747723949659,0.868488714858095
-2.34476491230714,-1.480999738886
-1.89004751519678,-2.3124199919284
-3.21211530542308,-0.363858446734936
-3.24243775856604,-0.27664974077709
-2.10939437096127,-2.07852492701314
-2.72289256381068,-0.978252145810126
-3.12369586045359,-0.523016565105329
-3.26605964788853,-0.462661258057096
-1.20582947959526,-2.79643783245438
-3.3840823456181,-0.276180254197295
-1.75798487253698,-2.18604010013274
-3.2680468275608,-0.315567852789587
-2.54394357396606,-1.48132996281429
-3.40477748777894,0.0591120636524424
-2.01275518175401,-1.93298645348253
-2.46582395509462,-1.64548023016611
-2.00730285070605,-1.98998369785477
-2.2660513014168,-1.66487926782613
-2.92665774350923,-0.768511617244936
-2.30231699261079,-1.29284649132905
-2.58655260078677,-1.22561350934605
-3.05698807830514,-0.157449021224815
-3.28327236627261,-0.38586705305262
-2.54506363491784,-1.21670286929083
-3.22607608414952,-0.344404530712765
-2.63628924151767,-1.1515070922626
-2.69158784828814,-0.981050930710268
-1.95835509337408,-1.27990832700545
-3.14880681526586,-0.396063104465001
-3.34569544252015,-0.304762620410105
-3.69715615136613,0.295359630565427
-2.33578058763885,-1.46521858861584
-3.13054579853596,-0.62655419946163
-2.64058350008016,-1.4682408850736
-3.1085117070744,-0.477354990063656
-1.71360955159548,-2.57628691193595
-2.49997119245006,-1.47779650537888
-2.83299635488124,-1.08876265549222
-2.55149849452194,-1.37165794622897
-3.49594139030022,-0.0257206971631935
-2.49957447180372,-1.57274185891581
-2.48062452222453,-1.50494675394707
-3.1832832367761,-0.323917709991182
-3.0875122328051,-0.531969849139944
-2.49625908726986,-1.28638043951435
-2.38133818260005,-1.70409519623405
-2.88264144627224,-0.965975513653386
-2.5335555798374,-1.57901204383743
-2.16749215782462,-1.97327545753165
-2.71919450120084,-0.929641706203663
-2.15211018775016,-1.60566778312576
-3.21566344361439,-0.422716975063713
-2.22780108286348,-1.90402942696894
-1.88167364082809,-2.31000769797507
-2.98712064496516,-0.797703283156295
-3.39511745489195,-0.102279865962633
-1.77845570359668,-2.40972936158697
-1.4055602600384,-3.04125484703942
-2.83232269431817,-1.1035361297507
-2.25775771444626,-1.59764481595216
-2.9264678555397,-0.817111901221638
-3.16208265076567,-0.362449611492473
-2.45727966397541,-1.29527364049717
-3.43538229890494,-0.0987068803386056
-1.76876250683922,-2.23907807595592
-3.39759322509379,0.125218981182836
-2.62541156184639,-1.09477838496553
-2.4581296942145,-1.29156714927233
-3.26462756270957,-0.427041192119521
-3.05886719837628,-0.72777170161057
-2.10913140673074,-1.72685338372079
-3.37783378414595,-0.204136300868096
-2.69056965353333,-1.13150371069779
-3.63168152801546,0.147384791661209
-3.92393567699968,0.561197566189469
-2.16909494793054,-1.57512127768063
-3.34045644815484,-0.266713108157085
-3.12103713885134,-0.500417862421629
-3.08464351646217,-0.507211320996754
-3.33701895972675,-0.133384276548082
-2.51418447610504,-1.43764169899049
-2.9024118529426,-0.754119933740672
-2.73721267794256,-1.15478301015039
-3.36297280377878,-0.392362037591873
-1.79289309081358,-2.24044203372742
-2.6461344219382,-1.01705981649147
-3.02826960598948,-0.508788810611345
-2.10517320014666,-1.9002244712834
-2.01619154298519,-2.18027479517733
-3.68487857857481,0.162137649529714
-2.81390840489555,-0.828986676919682
-1.91336462694147,-2.02764508468905
-4.08367140935653,0.928978468183564
-4.45741229304778,1.3815183869559
-2.43278278773216,-1.1579117291965
-2.30521243467649,-1.61172402397805
-2.80055066922088,-0.962279931113748
-2.72374077586895,-0.85233480045875
-2.45933253747636,-1.27655555527871
-2.57184299210102,-1.33557919412194
-3.49499068389606,0.0517933972915902
-2.52608146460005,-1.19763851740165
-3.74146905037515,0.366838012635286
-2.79547280436162,-1.0122999315428
-2.21176203082862,-1.79295320699216
-2.84381742148671,-1.04367476704894
-3.68902905593268,0.243791185360579
-3.56984627834765,0.210017252765917
-2.6324055861036,-0.897183268806122
-2.74014802212854,-1.08886797216273
-2.86341923804561,-0.81767243419864
-2.68457865187612,-1.28407669967424
-2.42264370708606,-1.50019310838109
-3.31457845227115,-0.242699893499292
-2.63675347566567,-1.26575190398139
-3.35588006979934,-0.232081884678409
-2.9403220976015,-0.643181849866914
-3.58354827028049,0.0719236521109451
-2.43592709632798,-1.02986976877886
-2.12564662775625,-1.97366246816882
-2.45566323395167,-1.33369605176902
-3.00745337645809,-0.654629382675216
-2.22542666974385,-1.63371068144018
-2.47404059470382,-0.930380852503951
-2.15980746250747,-1.7287044873853
-2.18252863533959,-1.55884338885045
-3.35710264229147,-0.0988285434930982
-3.45945901877479,-0.0141250332384953
-2.61884697799628,-0.972264365989708
-2.58820559080964,-1.09507130489482
-2.73958666269599,-0.9048582308673
-2.0402155051603,-2.05563960080432
-2.95614689010673,-0.930585820813476
-2.47761777555038,-1.41040702298679
-2.82385661574687,-0.815411795543798
-3.31745632951408,0.0384109777009347
-2.95000400004912,-0.736885864886409
-2.43219059907935,-1.52176247521474
-3.37804151850378,0.0474670846490157
-2.96000528679738,-0.537146707336892
-2.76121521973965,-0.959162332738971
-3.25840074392682,-0.0409315512277206
-2.11395724220203,-1.77430538478895
-1.86546223483016,-1.94436658716283
-2.48611627572094,-1.28612733300594
-2.31616024085737,-0.984709301732197
-3.45766476219868,0.0290853720529232
-2.78364866274456,-0.656488032489828
-3.13312352435515,-0.336432023761547
-2.25694169963379,-1.4721973166998
-3.04542277364553,-0.698695160118309
-2.07261213306584,-2.03761793745633
-1.49396392586244,-2.74700478813008
-1.43023021628096,-2.7771472375407
-3.05427308382552,-0.436511895835528
-2.20777286233384,-1.7983463610777
-2.70009482271778,-0.958915120908968
-2.2163037041978,-1.3175530115647
-0.0613201487895346,-2.93872419211227
-3.05536357597713,-0.324355298787289
-3.28051350151088,0.134482691633295
-3.54992110097509,0.0740599550871746
-3.28559930278654,-0.217259595510192
-1.05596604824766,-2.58925599250703
-3.72361176035398,0.356174399286458
-3.15224873811946,-0.248282786795839
-2.79019780357011,-0.587318294535596
-2.75625857486245,-0.828340111612233
-2.34107688927022,-1.38573147233278
-2.89398328667164,-0.742975894392144
-3.21458594322287,-0.324461770285364
-2.42597569480078,-1.38418626161078
-3.11794649165703,-0.206732556978338
-2.46668517248717,-1.23826020039761
-3.02719750808423,-0.295976256343682
-2.56747939924792,-1.34730034418638
-1.67265228000969,-2.28357102487687
-3.43537092387309,0.0672649946996408
-3.3158034684274,0.0452649921894493
-2.54253204278081,-1.35376438633255
-2.74263311316545,-0.994603541623357
-2.25439596391653,-1.75460874382073
-2.79246628837587,-0.806755672440904
-3.13635055747924,-0.163129467532284
-2.71995796626501,-1.02351669087065
-1.46935026831157,-2.81016709370465
-2.49973233739291,-1.03013407186318
-1.24301664482617,-3.36762579801043
-2.94835126717289,-0.557002035096029
-1.53415126930528,-1.91607160479711
-2.22376626910072,-1.8100947832331
-1.97338741516541,-1.24230631670187
-3.00797315243247,-0.407892542460035
-3.09230089440337,-0.492302190145725
-2.26808736981531,-1.57556021051279
-2.68820104584608,-0.938983212003289
-2.18469170255072,-1.69709768028944
-1.97920697170304,-1.83996232581271
-3.47583691709623,0.1007130568729
-2.5786363159013,-0.925021757827445
-2.31159872825779,-1.49849572522515
-3.15609861120514,-0.179984257662713
-2.66649806076379,-1.16310553231372
-2.65811372734268,-1.15055680004416
-2.46724019624806,-1.08934390653723
-2.76255949757929,-0.913840476048875
-2.94199139389682,-0.631900738827157
-2.40395448226813,-1.54673925098595
-1.98865811865867,-1.84144303683504
-3.47971693556845,0.0903107468616441
-1.69523460698887,-2.55004066026075
-2.39686401310261,-1.49463351730854
-2.73765355709259,-0.90801692660873
-2.16898192450504,-1.81158162849339
-2.81039549993505,-0.913196108817313
-2.76560620942968,-0.866164874475859
-2.75372949497012,-0.677078792821522
-2.73522161943575,-0.966480935847939
-1.67217274872073,-2.39257719442296
-2.57258199401972,-1.29436745102247
-3.06156910180907,-0.306874581032174
-3.03369259769301,-0.542498277064025
-1.19067919029701,-3.22040891219006
-3.30489634874401,-0.227013352778473
-3.4147750959501,0.242454507137399
-2.66041874908261,-1.10468802211043
-2.87868465420491,-0.439446093979641
-2.48445116813877,-1.08609982461412
-3.46528797411067,0.257310109900297
-1.36921651324789,-2.29266196180172
-1.58831723634769,-2.16723950271751
-2.74051221673329,-0.806143327942191
-3.5878121271159,0.089717604292705
-2.7916832714454,-0.793558915458223
-3.04774965441128,-0.363922713297777
-3.18782134447712,-0.149358183638625
-2.22768700282707,-1.44224575316145
-3.32119901767993,-0.134753067259329
-2.52073521612843,-1.01235230144413
-2.83682259244146,-0.646456860185101
-2.23843212374694,-1.27356462075043
-3.58176306220021,0.316316636176023
-3.22872873858161,-0.269492092642985
-2.38210923481049,-1.28739637911818
-2.27985139913572,-1.38152123535386
-1.9964364939319,-1.7755732318766
-3.63134660637561,0.43262453868244
-2.54994534305098,-1.07340674281193
-2.69913410279812,-0.983895696679834
-1.81652647867209,-2.21518537312273
-2.62402220201726,-1.18181391848911
-2.89887122340908,-0.612903929894593
-2.45016069687439,-1.14656793093996
-2.44908973382503,-1.42904835222537
-3.87433714511401,0.865959513763171
-3.32462428301753,-0.106518481837899
-2.33561900951557,-1.37855646852513
-2.38898393395313,-1.24448751777035
-3.21190189981696,-0.202299912877046
-2.77158216247548,-0.940853828682041
-2.8985203592024,-0.640745795646219
-1.9416595905894,-2.00423570658159
-3.50294669108731,0.36058334374277
-2.55864029200795,-0.824508547866256
-2.27301900247751,-1.13697730050711
-2.32723627418052,-1.45865710823216
-2.97422921336641,-0.453662896651508
-3.3117025854786,0.0161891368375552
-3.14826860503553,-0.271294038193026
-2.46887706554808,-1.21218928324534
-1.95244899119974,-1.47033445505294
-3.93231945952648,0.923414729035739
-2.74850703471835,-0.881428299183787
-3.2742488630372,-0.128427066996302
-1.77545057307763,-2.09216756857736
-2.06109920607876,-1.89877582868705
-2.73070635201292,-0.79470919944424
-3.27782403760636,-0.166301026519991
-2.44249291201559,-1.15361691775409
-3.51609022566593,0.212838781503353
-2.96303807942939,-0.44522013625147
-3.26222336638894,-0.213101599853722
-2.35474355025498,-1.31293264993312
-2.96803956014981,-0.322389871925891
-3.00980179934876,-0.408829816035951
-2.54917336495652,-1.15463672329289
-1.98538436489714,-1.90850433171931
-3.42341651171259,0.255339656956505
-3.42650382852451,0.110519041751412
-2.16848198996355,-1.83984616546947
-3.79289071395747,0.640206730799586
-2.20354279596574,-1.79359978141628
-2.63166552393484,-0.771803936629882
-3.17183721811933,-0.228063908073393
-1.97001011533659,-1.77695932510406
-2.95243915575369,-0.73093629638437
-2.64439658256582,-0.945661815372901
-3.61778520521462,0.368072110200107
-2.81319351112859,-0.67147147049935
-2.51461696853258,-1.16464431375028
-2.77843033382571,-0.4002696169308
-2.6331992424262,-0.983158186319061
-2.26124256380739,-1.33577935127871
-2.45175674196016,-1.07434609419688
-2.87469923942504,-0.749087926741164
-2.50226195973711,-1.03284393456185
-2.80429756484363,-0.492230260731097
-3.44339035577081,0.227442314317805
-2.44577028696332,-1.07918132811572
-2.44368615856135,-1.33671488283106
-2.1096711545666,-1.58796417291442
-3.1409362889394,-0.119403894936078
-2.34066099390106,-1.24816135483543
-3.18431861688332,-0.227649280951926
-2.91526920364788,-0.647809363837095
-3.1969395705004,-0.00591595535619908
-3.13786833757657,-0.282268064120062
-2.85042567291363,-0.76097756831334
-3.06749024786819,-0.277553365522217
-2.64181251291895,-0.786016741376398
-3.0665345697637,-0.434581225551641
-2.30842281458261,-1.5173675930134
-3.4146421633465,0.100222931019529
-2.92873179682787,-0.55522900574267
-2.68901779594596,-0.568133968016996
-3.21747676066613,0.0786180346055898
-1.82737268692139,-2.02815799359842
-2.96079938281285,-0.460640690239977
-2.21101923223794,-1.66578351329859
-2.44823630851496,-1.33854981658884
-3.19272495496848,-0.0263962521053063
-2.34635235926508,-1.17538295318915
-2.86697106765023,-0.308022613322481
-2.31947769860273,-1.21811062214689
-3.73265360549461,0.749343552203919
-2.72353320025586,-0.415188427811212
-2.82573279744564,-0.687378199427292
-2.32719149540748,-1.61615880074186
-2.4566800981604,-0.550269941115798
-2.6316146281335,-1.03534620601301
-1.95943155711977,-1.67686867823964
-2.2585413768739,-1.33028023537074
-3.63684403401219,0.579872912013332
-3.04851991836826,-0.464317286209689
-2.6209861652669,-0.854496557966685
-1.8277245961099,-2.03859988175028
-1.79978342243307,-2.16899171587592
-2.62900979168628,-0.955395694862326
-3.00906634409107,-0.203728576356304
-1.48996924113571,-2.28512525772119
-3.14734736148537,-0.0854224725909521
-3.13791939593505,-0.23079039100506
-2.6570523870446,-0.857070623610627
-2.61841378203924,-1.16806654295081
-1.43864633024281,-2.36533324751729
-3.0526657541888,-0.35643410744047
-2.962470347899,-0.454952769479551
-2.40011246138975,-1.14468432547442
-2.56878033894811,-0.988766545622751
-2.2794411926564,-1.31541849250771
-3.67971160359235,0.738750856596152
-2.05662219277861,-1.50509946069381
-2.70019078024839,-0.786175165469574
-2.46568613669542,-1.01670696041625
-1.87802365398651,-2.13205079353798
-2.20951901841585,-1.74295859364748
-1.61486384170565,-2.26469696708887
-2.50324603241567,-1.12237446471933
-3.2049388307204,-0.11388653142893
-2.46563162655815,-1.0334069261604
-2.59464362468022,-0.884867780067046
-2.40494635272294,-1.26762471089292
-2.41038954073386,-1.27600096466889
-2.22837038679003,-1.57604473220077
-1.79249819730409,-1.79903358976751
-2.2590894157979,-1.50669636553847
-2.42196903865522,-1.19960562738988
-3.08286348308543,-0.212341403687726
-2.09834157854436,-1.58339793489318
-1.77203326209962,-1.65621511103609
-3.46992035478672,0.1284860458768
-3.31256045927422,0.0601711267992726
-2.87268948146394,-0.745308750903381
-3.21356205702828,-0.193422205728481
-2.537706696799,-0.74290600930322
-3.0971688519444,-0.0461921126909218
-2.94087622819213,-0.433348772778303
-3.17687194098641,-0.21428323937093
-2.56696249132521,-1.00703660123386
-2.55286544777587,-0.812358875920342
-2.92282670478338,-0.554093945390866
-1.33784996662395,-2.89753638398894
-2.97383691231687,-0.268451993861239
-1.64184038968816,-2.17736292748684
-3.56035537647594,0.356775484777784
-1.7381755396727,-1.77505709003702
-2.08058801924146,-1.57646037358294
-2.25102273720804,-0.919301041501297
-2.33609783652335,-1.18687325260889
-2.68386982249928,-0.614600584897925
-3.35811875201645,0.164592284750772
-2.34950129871764,-1.24125806743021
-3.07905411582553,-0.235609186671961
-1.93318923257349,-2.1146569560258
-3.48076525316408,0.489606175245467
-1.42185744274323,-2.59780230341343
-3.04352680176865,-0.305200802450204
-0.962851358617899,-3.01340613533596
-2.38186252421669,-1.12197628999645
-1.72392193396078,-1.88954333903799
-2.4687630909493,-1.18538718145411
-2.81379074642655,-0.673052720161357
-2.02005293780827,-1.49590525247113
-4.00563582967702,1.06360346169888
-3.25908273340359,-0.0144986618562127
-1.78554163374507,-1.97971796651743
-3.19900974569711,-0.0794448707348495
-2.59011586095407,-0.804497375188937
-2.23348987553014,-1.25710715239239
-4.59215215053337,1.99440414073361
-1.99579543769648,-1.61935074841186
-2.2138250019515,-1.40494518061853
-2.81487564805668,-0.408448837155295
-3.02790091512619,-0.397681851785482
-0.92133780611192,-1.4212497855122
-2.81807620168733,-0.591695400847593
-3.47245633447629,0.315735687531475
-2.33163733439923,-1.23723561860058
-3.51425802429735,0.27122993822948
-3.19243533407535,-0.0262682493313641
-2.53810775063851,-0.863780166273196
-2.54099665975949,-0.92194461337728
-2.38722736862713,-0.957873628274149
-2.33528030478902,-1.21750357115699
-2.17590470963798,-1.23343137441391
-3.44701960892308,0.586207071954132
-1.92864861316232,-1.69284780564393
-2.51666579941728,-1.18047804107732
0.54502557813871,-4.66848413034185
-2.48525895021061,-1.28066092514844
-2.16614066122631,-1.2376249965124
-2.40622242256439,-1.39305640729486
-3.48327249529487,0.419051225396734
-3.44903938777698,0.229343857276339
-2.55272533979486,-0.973813814649474
-2.55325733833723,-0.820237552053409
-1.92276490467672,-1.85201948029276
-3.4352847522595,0.364320312391621
-3.1834970294006,-0.118484299447713
-1.35969962275796,-2.94506014642495
-2.49808573224803,-0.856925771581707
-2.68179311315519,-0.610186774573685
-3.23474265533518,0.0110629002325874
-3.21708023078613,0.000629864738732479
-3.06555059091782,-0.288356038709019
-3.28679877560777,0.178132856545178
-2.74783217025892,-0.679043057841191
-2.90483625534045,-0.579498626972159
-3.44131864729052,0.423846652592527
-2.38725911272166,-1.14847251494966
-2.51207055301087,-0.860706681276717
-2.99051547526801,0.139025462378431
-2.56907398241157,-0.912557689240797
-3.04466700174354,0.393366142170695
-1.89133132950314,-1.2333040872221
-2.16423816685069,-0.980353956130288
-2.84651759446113,-0.489348862812172
-1.98354743904269,-1.7125522234754
-2.21707755274043,-1.35271728538424
-1.8511379630258,-1.79105213308115
-3.97586155768592,0.999221285414006
-2.74147390614598,-0.253407207816429
-3.36752668970547,1.04640718544323
-3.40396864287937,0.153724043710412
-2.27880603177483,-1.2657188330042
-3.16386469009185,-0.0988981544997178
-2.18463646797148,-1.26381379862895
-1.86339496764448,-1.67144639036985
-2.04563417276478,-1.58889890496453
-2.89818246016504,0.0185097787679093
-1.9258560804196,-0.649392146489893
-2.27259071092053,-1.47033587755025
-1.92180103772423,-1.9924576647843
-3.45488301677154,0.430594728771288
-3.07269265736367,-0.0977380051375272
-1.84115187399978,-1.99257840945315
-2.86225881054327,-0.177539865201111
-2.365746117338,-0.828736657481256
-1.38603074351026,-2.42541790526943
-1.81347811022013,-1.72046376189585
-3.33890397940888,0.284026387807648
-1.85213026650476,-1.76495391336594
-2.27336274302633,-1.15673104182019
-2.76642581204294,-0.265861484878973
-1.64492779320613,-2.21786145338614
-2.91875725155024,-0.507293800274352
-3.24575878056508,0.1266258258591
-2.75631777903199,-0.407447697337851
-2.24087906368736,-1.38777602616389
-2.58241390863874,-0.620366517196324
-2.59913348995503,-1.00842347623415
-2.29512721666483,-1.30965024913937
-3.67073295060205,0.653071103174181
-2.02704219064139,-1.61529086415676
-3.55993002414022,0.541063007925805
-3.02541518250261,-0.064190815817183
-3.41354746007888,0.379914164605875
-2.44862916782384,-1.02681972278204
-3.38047917269979,0.275368534095314
-2.93243855638604,-0.36874525111704
-2.75839962283942,-0.259698683019924
-1.80806667287834,-1.80038233872219
-2.9280448011168,-0.0763899156496639
-2.62360321010142,-0.708277632160206
-2.81623523423181,-0.398299190585207
-2.63421457099814,-0.785801809446457
-0.743656069431852,-3.66086957571735
-0.738985706929162,-3.51026493186687
-3.10262389344219,-0.116895252883106
-2.11252978078865,-1.50331118925549
-2.93768082876116,-0.105459863742693
-2.17688260408757,-1.19514069935218
-1.7593729779326,-2.03926169634431
-2.5025624015884,-1.00921685690377
-3.57665110606226,0.724150251871409
-3.47018543773527,0.38521073093692
-4.05019591496695,1.3405084921296
-2.87942160124124,-0.563700022345731
-2.46276830868834,-0.945582730337197
-4.26870396616213,1.64894113255175
-2.49183517358595,-0.868599136882856
-1.02901883964762,-2.39681113473953
-1.65007757499606,-1.74023965354533
-2.20889433301945,-1.1738941972655
-1.83333196421797,-1.51308105504425
-2.24230322156946,-1.34656044353339
-2.76987095402045,-0.617903408568811
-1.55619144560946,-2.04290157321854
-2.36488294316031,-1.27826533425717
-2.38326893899703,-1.05479939505424
-1.98399505041947,-1.66174086941594
-3.17672992324799,0.123963451151769
-2.93256288916975,-0.39657595450322
-3.21099533512842,0.0445943612451453
-2.57801029862454,-0.356874422382652
-2.56441901992484,-0.991951565301321
-1.24792658271352,-2.58793756791672
-1.72568869744311,-1.94015769460419
-1.47463676168485,-2.64993073595952
-2.33001889726582,-1.34376979996687
-2.24865283120868,-1.3953402723331
-2.77054114025469,-0.393774419080471
-3.31563531188531,0.292168543639759
-2.16166827026695,-1.26465817981039
-3.19006093240189,0.0301266808800263
-3.01392247509258,-0.131208437456549
-2.56253945108478,-0.788670639604942
-3.33018509597025,0.443243449833923
-3.00879046891483,-0.39741730924096
-1.75143562590423,-2.07685213569158
-2.89227057610886,-0.357276851505173
-2.28802377933886,-1.10175264935071
-2.77722282246904,-0.392542483457478
-1.62107303483545,-2.19801265950956
-2.87358843852263,-0.420707970123624
-2.6938796480614,-0.474224731337908
0.0541929812473183,-4.13853306265503
-1.95318145961923,-1.76779915768597
-2.56059703089926,-0.714089770406488
-2.96727068756029,-0.399401843213012
-2.40999462050075,-0.779054906305262
-2.9647009251149,-0.27975589511614
-2.23930255342842,-1.30477987212343
-2.94314388143248,-0.204808699977556
-2.52935475193513,-0.855423726381766
-2.05204977473308,-1.44106759200893
-2.96148418397604,-0.397819002147233
-3.6011554302338,0.530605603917575
-3.20598405541694,0.116953080800138
-2.87889429765124,-0.37026606839018
-2.49956047368329,-0.611684292936145
-2.3031813464607,-1.07284688307411
-1.81579301465871,-1.7692058253097
-2.4744645665442,-1.08922082010337
-3.100038806307,0.11883273583306
-1.90031017259413,-1.50142156215884
-2.56211481576469,-0.728795092082007
-2.38748568333797,-1.21727383501614
-1.47630515618669,-1.42296745007945
-2.44549693262654,-0.843188240458458
-2.53231103098044,-0.677505098184778
-3.05952757078231,-0.114471254671539
-2.64155910429733,-0.868272309236372
-1.62646188347301,-2.17701178047396
-2.52223364370597,-0.773597004771035
-2.72012374081151,-0.466485305441228
-2.6650041123604,0.0228334759519864
-2.17459753142872,-1.30091279712478
-2.9755472230835,-0.129177646417217
-1.4865935268927,-2.18002806606079
-1.15343878864874,-2.01991386706723
-2.33342065485202,-1.07963528346651
-2.62955269804425,-0.510275547387302
-2.7015322937302,-0.515667497562136
-2.51694606518681,-0.923897157900765
-2.19631543496334,-1.19041885235804
-2.74217906947127,-0.201763147036856
-1.46411100633565,-2.31632096550367
-1.90592331874376,-1.83884588409935
-2.20909691575238,-1.4150763124508
-1.94007526331404,-1.60001933301886
-2.40414601104333,-1.09196044810079
-1.59353397701307,-1.47525984414423
-2.05524322168808,-1.37440167425493
-3.05523219766945,-0.124740099787212
-3.06401690557619,-0.0392795356512743
-2.7217230779437,-0.357678884535402
-3.23024631124373,0.120276115183152
-2.19040629240688,-1.13187685441565
-2.49953063638696,-0.789963324159915
-2.64716713727644,-0.561661597354405
-3.48853759710518,0.583089191746376
-2.69049552088185,-0.466381366442806
-2.95779367984006,-0.211875473320017
-2.62374616476137,-0.780723265016015
-1.88907336838718,-1.85155078781057
-2.38875058903648,-0.961111512666997
-2.76695790900602,-0.46366037858227
-2.12483019017208,-1.01406691112348
-2.92684725394268,-0.304710592877304
-2.87729691035737,-0.330064009128705
-2.04256896578464,-1.63358846122671
-1.85791912531422,-1.66184457426192
-2.54382005262729,-0.749220280443781
-1.02540661193214,-2.54917107958744
-2.48551624219841,-0.698184671106129
-2.02956017002497,-1.37466535095756
-2.4965805937996,-0.757140312506578
-3.24673334142913,0.292731048410225
-3.21721587475764,0.339123875613011
-1.6846591998251,-1.73476813559277
-3.1026809214666,0.0590765367401032
-2.4632092394003,-0.656856550206106
-2.04863615512541,-1.32579150607881
-2.81902415262726,-0.0532578734166543
-1.94806580783998,-1.43029886714571
-3.36781428830127,0.430351591008784
-1.42809971309448,-2.39020551158772
-1.48795953938984,-2.24947322241046
-3.06527227953309,0.0473738741087218
-2.34321136520518,-0.97285040446716
-3.10179788425321,-0.0771959926868494
-2.89275772929362,-0.16045839475755
-3.2793406559811,0.378741956404355
-2.89181393226028,-0.331734190284633
-3.00089876198751,-0.0293723179347741
-1.91451556826151,-1.78153022582696
-2.71023753203693,-0.242018967113295
-2.75166097034362,-0.394471015032815
-3.60873220820504,0.738805065301984
-2.03877775931395,-1.48441615172658
-1.93130117119635,-1.46588371854054
-2.05688197751406,-1.38667667944541
-3.20984767930734,0.407527370157575
-1.80769786295933,-1.76522845597661
-2.43856606970295,-0.797766352631887
-3.09855600076356,-0.0036342991412308
-2.67233542263971,-0.440468979986242
-2.85539897015165,-0.198746789433931
-3.11231082827536,0.0232516328718552
-3.01435988897464,-0.0234849298254509
-2.33192959414735,-0.908314399877655
-2.74149057831905,-0.528061185898912
-2.85528044849213,-0.144449458409957
-2.55385443417518,-0.410767863847312
-1.95374294020314,-1.47504902297057
-2.296966749028,-1.10284771403617
-2.68681639157993,-0.50219271566597
-2.47616316421262,-0.638302010408771
-1.88917726765153,-1.32684762964054
-2.61361367103535,-0.762660910949754
-1.5983002334661,-1.95961045471853
-2.55842956756354,-0.414023829983038
-1.99921069208561,-1.46842736328801
-3.03645000608195,0.145296910455062
-1.58049858464087,-1.77676757839231
-2.66699409912015,-0.406376765923297
-2.171758718378,-1.24979297285841
-3.20429887941681,0.0653145148414078
-2.86967032973047,-0.40031311136414
-2.86105670105438,-0.23291801634053
-1.34833102108154,-2.38072601453477
-1.9700801754596,-1.55126150597631
-3.18090279162295,0.228077938771066
-3.64825615648007,0.935655904206637
-2.8246806408591,-0.332236391975804
-1.50744574852316,-1.71961435654791
-2.69760380676927,-0.330914331354127
-2.68170163243828,-0.235412761036859
-3.17742091713051,0.229709133813835
-2.91228041572562,0.0658081030463903
-1.82656347447198,-1.41133564572764
-2.78413378553662,-0.400015165121809
-3.54788441842119,0.633986054475056
-3.26279259432628,0.496013396041062
-2.73980601663443,-0.506231381920799
-2.83323627959003,0.0542761485904557
-1.63144796511314,-2.21072632319963
-2.63537034298856,-0.0916243393600528
-2.28116435998565,-0.867303150854587
-2.19436036872055,-1.40265991013218
-2.23127431433915,-0.581218674146602
-1.86798654836746,-1.43515599630401
-3.33095225314793,0.553424389170812
-1.88717881264098,-1.4151205482856
-1.89874299729411,-1.50058163604888
-0.680904475269949,-2.47219168746436
-2.06065494674847,-1.38503722735138
-3.32963737883616,0.315206081156881
-2.88066596293491,-0.366275367381627
-3.06332896212077,0.0847062727475894
-1.8512136932746,-1.49737847449025
-2.65472740454303,-0.330311044508696
-2.58844252513043,-0.656081759096025
-2.5059882562857,-0.668132936258465
-2.71335551565375,-0.165137245685439
-2.42302626495044,-0.646261803548277
-2.84686803037292,-0.19047047461906
-2.3170749796191,-0.987483542770514
-1.60772112131476,-2.19523720240025
-1.91735520494491,-1.64558591103861
-2.9564147625757,-0.155603320369577
-1.62406935849278,-1.92894362565138
-2.39388655122268,-0.651245669303503
-1.94469526556589,-1.65246968004286
-2.29949309186014,-0.726682440672985
-2.85983693829296,-0.0962321085225672
-2.25294352392072,-1.22808604640324
-2.54159375397716,-0.17543484117014
-2.26208326077553,-0.952645670925379
-2.54457201211789,-0.701327433010963
-2.49732960565678,-0.616347849282313
-2.61000882720198,-0.699896164052348
-2.65543976597078,-0.682529968399494
-2.94243421867687,0.0125734074209143
-2.0156822196393,-1.64884280772373
-2.10623010086443,-1.09312601194972
-2.78063744563282,-0.361331049261178
-2.25366044952874,-1.04983926573261
-3.35959691254001,0.589536040862408
-1.97935325283589,-1.38155910120911
-2.42530493673099,-0.700600506690933
-2.57175339433242,-0.629175379154205
-3.9807759018709,1.35433397670657
-3.05913222905797,0.181284551712731
-1.63584453667131,-1.94388157031212
-2.80526195684748,-0.369807321695564
-2.92645516357492,-0.333408338693898
-2.29115410781656,-1.19064796628783
-3.05349491466817,0.301603209659295
-2.28277123322269,-1.05394528481305
-2.26352393077498,-0.95428436862074
-2.62232145179128,-0.56630008751548
-2.33097428936335,-0.855634403683119
-2.20123278650938,-1.0847233193544
-2.7828687515324,-0.351958670112321
-2.44870054156161,-0.750829734279064
-2.21596755959386,-1.17983982631253
-1.4294178309086,-2.11164113390281
-1.91884412763655,-1.29604467470397
-3.25658601895799,0.420746737916803
-2.44346919899098,-0.986221729002962
-2.8533483016953,-0.0376261231160446
-2.74321879887238,-0.144089668019001
-1.79831850562902,-1.72274459960251
-2.31248913159908,-1.0355965181171
-2.19655641042065,-0.97784468141001
-2.20759693249305,-1.0770807398908
-3.2806878601078,0.578766118200241
-2.66212334150529,-0.40450444837715
-1.72288531273126,-1.11507970946345
-2.21703540363089,-1.13825493910963
-2.30106686882926,-0.882863625736141
-3.25084473346927,0.469937486643593
-3.36116626957082,0.578743266880022
-3.16730936797782,0.301491888633284
-2.05641648153525,-1.10481611572899
-2.98625433638652,-0.0587880807426603
-2.58468187399353,-0.515997232853592
-2.95597951525662,-0.009713929736474
-2.14798740624952,-1.36001532496521
-2.04361917757963,-1.2844884816159
-2.71490248712541,-0.517487893360944
-2.68143063619306,-0.44753859247197
-2.19456810736203,-1.31484171733115
-2.38618524311609,-0.752686811089967
-2.06149797144329,-1.34030542467956
-1.96039679695777,-1.4571398402862
-2.53051500999982,-0.458755759654933
-2.17957836751361,-1.28499451792707
-2.04537302983041,-1.33267308668104
-2.34245238240956,-0.838396388330554
-2.31600227798745,-0.846559006560746
-2.76771347133416,-0.222380684361519
-2.5586954649201,-0.325171498051677
-2.7066544127499,-0.312911964844711
-2.2059134657386,-1.09100083677621
-2.48059862812277,-0.609613931088161
-2.74479444526941,-0.464880429682671
-2.70107104667992,-0.297429178505621
-2.5623094994962,-0.364752485807793
-2.75265220854626,-0.483605124795455
-2.73811454403755,-0.297808832356428
-1.84253734258369,-1.20195829579211
-3.3653068400248,0.537110507745935
-2.57768654716348,-0.583642997110644
-2.44249088623463,-0.811038168693655
-2.81708116280657,-0.269550098648155
-1.29585543694808,-2.23109046672392
-1.7501975319358,-1.5895611360316
-3.45744648732935,0.785302709012937
-1.32279296343185,-1.80867686459146
-2.98424033073822,-0.0318432197110347
-2.62578668047453,-0.284240764689985
-2.08121817223925,-1.35385821831727
-2.22105418441542,-0.909071985434547
-2.49818693373057,-0.429445752146183
-2.08809724868179,-1.24624757134291
-2.06461823390568,-1.22834545621285
-3.18128558497568,0.290803119212577
-2.9731885864347,0.313342186375588
-2.52321842504597,-0.442012935432853
-2.60606276265269,-0.660889496814605
-1.50349564861354,-1.8277447990225
-2.03208403681914,-1.3272175469436
-2.20002786509155,-1.2071442511032
-2.20751256025118,-0.771743432058988
-1.11453925472377,-2.7583244371301
-1.09389377319324,-2.69553819130944
-2.53667328720816,-0.640505756190728
-2.53441572876524,-0.657867290454748
-2.71929101438881,-0.456612452303625
-1.69682514529381,-1.64006842206309
-2.69278845174449,-0.320402106979344
-2.36955419004041,-0.661311286831639
-2.47947880750709,-0.358974061094215
-2.02931140215873,-1.15849073631948
-2.63505858969233,-0.525369078818283
-2.89687132230273,-0.31129285259018
-2.64608053032607,-0.258753894910517
-2.02158176320608,-1.15671362325319
-1.03039550720887,-2.75792698764532
-1.79181578450386,-1.63534391513033
-2.46110828031663,-0.506348180959479
-1.77584462835411,-1.67467577824594
-3.0903086471614,0.0625255190720821
-2.87991520448962,0.460498696086148
-1.89682861109375,-1.64737268623994
-2.90200213671782,-0.0537169515130517
-2.30164693429627,-0.847959506554404
-3.49959695433115,0.842084077199284
-1.28503342656656,-1.92775690985169
-2.63390368611847,-0.278900513396213
-2.27473960089909,-0.914828525752056
-1.60809501125697,-1.50443309950082
-0.825900800588647,-2.5881889081394
-2.47467502441155,-0.72889916301102
0.529784713471192,-3.57222291223377
-2.66426731317965,-0.160232405228167
-1.8248913263525,-1.60869380379969
-2.24268593744522,-0.873122145861189
-2.3846768509083,-0.75448898803952
1.74169096731492,-3.12841505687785
-2.8589957749969,-0.149569381613495
-2.1822688861044,-1.10606479829136
-2.00088292816898,-1.4823715231469
-1.61942776111882,-1.85546910482874
-3.19556957167185,0.16767633656692
-2.72024206166933,-0.113116982040978
-3.11458015769569,0.201031524808183
-2.01691261695518,-1.32698768837713
-1.47156171179571,-1.68161340201857
-2.80278635150358,-0.167554245702825
-1.52078305353738,-2.02926229154462
-2.42830392836108,-0.560085076779684
-1.33158987224657,-2.23390607422122
-2.3568264489545,-0.688966205808247
-2.31590658545966,-0.873388084969566
-2.55258977178678,-0.582769331878995
-2.20870386204856,-1.22495534335356
-2.2111376055044,-0.920365518492165
-2.15753945983613,-1.13936955795051
-2.93963046221004,0.100111112291495
-2.50878756107446,-0.777493697448178
-2.61013710007318,-0.2963347895157
-2.24074171240588,-0.544098902564107
-2.54597256779888,-0.48264474124535
-2.466038828731,-0.491218374735998
-1.93522061672706,-0.879870959722377
-2.18709052460585,-1.13323085312525
-2.17522646790257,-0.919269891197149
-1.99252008631485,-1.08153293181088
-2.40855160229284,-0.739327727006913
-1.45133077316392,-1.79226474271169
-2.25757173223838,-1.05928151487298
-2.49543472824429,-0.473090211320328
-2.80379944299767,-0.154869360085714
-2.07558668961148,-1.14974431355674
-3.41462198673725,0.614350322961024
-2.18411707513568,-0.987744854599706
-1.76589678532126,-1.72990822872288
-1.93077157832341,-1.21665440853019
-2.15396306289742,-0.719442446454921
-1.56629146099524,-1.95820006704999
-2.510113790793,-0.49559143676841
-2.42638423732382,-0.812690884860426
-2.80202302510969,-0.170547875278763
-2.7774910390017,-0.269071456855477
-3.59424580424319,1.18568044276361
-2.59388323881278,-0.555334859553984
-1.9050404950212,-1.37264899720336
-3.44035792015011,0.835811488771924
-2.52245956000664,-0.670880804121088
-1.67242443421044,-1.90802869734512
-2.69597377018175,-0.139423250299054
-2.73243867742941,-0.350892002124176
-2.65608673182846,-0.327706517578477
-2.61164578581361,-0.448285664694025
-2.7463395217475,-0.177309362656263
-3.18909919860542,0.338346148012734
-2.29947205175722,-0.870577149841527
-2.281549054559,-0.743825786356285
-1.62572845043239,-1.68515291935458
-2.46347658566337,-0.408601455490572
-1.78808749449901,-1.43904547806979
-1.74512954358514,-1.69334704777112
-2.32246839612769,-0.640788765372635
-2.89088927454891,-0.237271441470908
-2.25372225557125,-0.852983440892984
-3.3391005885035,0.651584427595558
-2.1371822234593,-0.91922011732331
-2.55269863203181,-0.543778647243591
-2.20123483792287,-0.94821740575676
-2.62940474744752,-0.197959035387117
-2.55470506386948,-0.438342267480729
-3.12787279474991,0.274115866395423
-2.10083844149571,-0.845128380921231
-2.61965856403415,-0.280345977560926
-3.55656315060634,0.969056670738269
-2.68765485265099,-0.114703602267988
-2.50430521659547,-0.325534066792281
-2.59957220567175,-0.29245658057753
-2.07278204204102,-1.10181720563452
-2.01478325212975,-1.19762542215365
-2.17788171008082,-0.973403964213329
-1.12046330385409,-2.74910278009214
-2.58579593315525,-0.341913953470068
-2.19202333442274,-0.862465347216547
-2.197652789602,-0.238402361574632
-3.08941747652877,0.324766614222363
-2.47269412806478,-0.292623138961525
-2.24759754946011,-0.695859414076648
-2.68840712501233,-0.0119089180536253
-1.59649777854329,-1.52182583033869
-2.6416469772624,-0.323096277646751
-2.20064134484368,-0.979289437757552
-2.85773329731859,0.0401337306905483
-2.17687604886377,-0.65172666454445
-2.80768032237539,0.141579191308997
-3.18560791791425,1.17328051719328
-2.87001785996229,0.109592211177109
-1.70547639425904,-1.70252800933611
-2.11855969959441,-0.829270592198264
-3.37020431433239,0.626663163305823
-2.01111623385614,-0.998480391527663
-1.88717540731025,-1.48972478733364
-2.09485164489553,-0.987622799243907
-2.14656660130616,-1.19169107989575
-1.72483427691455,-1.45062918768434
-2.94700055543127,0.371947316094825
-1.06047486258868,-1.90991724139956
-3.10280006543029,0.50230519090821
0.460897972832021,-3.47486856950314
-2.88639688035264,0.0503947718966345
-2.50549472334626,-0.163288446950998
-1.95550133796906,-1.33122470358083
-2.29278862201205,-0.80753042530184
-2.40606525899275,-0.743320256716101
-2.07881681072372,-1.15814680325072
-2.11058535098997,-0.979447889677913
-2.65161781620771,-0.359110873418085
-3.70200797516778,1.31403904608979
-3.27093358721263,0.515483230601408
-2.41056905612426,-0.600305363466181
-3.63328284824398,1.05712265812314
-1.35923513022742,-1.99856315426961
-2.6324752591627,-0.332250566580626
-3.2282265383704,0.77473485985983
-2.0074669352915,-1.3691116248466
-1.8523231923377,-1.41313419239833
-1.31000064883064,-1.47822151804074
-3.00876025674893,0.446921201740967
-2.70536325121646,-0.346554216862041
-1.34841492773001,-1.80991173038018
-2.65038293753518,-0.373439559908002
-1.95433624201533,-1.35151292976831
-1.955351842285,-0.983498604312756
-1.70489074343901,-1.76194479841523
-1.21098602721474,-2.17865067025668
-3.06899293887808,0.33373526649538
-3.24098891734735,0.645825224503573
-1.65133729292348,-1.48589957117349
-2.13101123726398,-0.939238542451495
-1.32016464447994,-2.03800080909148
-3.0904793253951,0.297588593132431
-1.81369543272046,-1.35463959149531
-2.44321575304675,-0.620018264620189
-2.6407484631908,-0.307475064861449
-2.43990089683994,-0.515220272728985
-2.70690373767029,-0.0837353595447134
-2.1029003777131,-0.973583577206472
-3.52767535889594,1.08417547528194
-2.45809407264726,-0.568232923676351
-0.988296500610313,-1.46502305906486
-3.615723543578,1.31047108240322
-3.37752763450129,0.775020593891476
-2.71746890259084,-0.147842944031252
-2.08628472082277,-0.837624772773692
-1.76278162547949,-1.42956259930053
-2.76303697929974,0.0880578328033297
-2.26122958210749,-0.411479553985609
-3.44274365692057,1.23236897768594
-1.28779517973716,-2.15329893885067
-3.1742530288556,0.404534535779527
-1.97709561720883,-1.25038755048791
-2.56937105722042,-0.343752212598991
-2.06040458052373,-1.07501246375523
-2.27189621167843,-0.644849267804993
-2.72134461542094,-0.0281286309196343
-2.81444457033129,-0.0689444579392651
-2.12990174069411,-1.03300222224397
-2.24604094398094,-0.788273020813548
-2.27284327366314,-0.54508658687424
-2.31846122679926,-0.569099561207132
-2.48105428511275,-0.4317122832663
-3.02634064686251,0.520307300492691
-2.7048840012976,0.023895708698772
-2.36959529838265,-0.745104199424996
-1.54672082331932,-1.43201470720754
-1.92224402102984,-1.48046016497776
-1.488809401485,-1.33488390381833
-1.61035909121455,-1.79808654699936
-1.23455471603671,-1.84912336393855
-2.10808747952721,-1.10590365549356
-1.66541367802579,-1.42240377970362
-2.51779121965023,-0.276186014728721
-2.62051027875265,-0.232884450357697
-1.86271696092634,-1.32442961920752
-2.53959483708741,-0.379663333819757
-2.31836169827343,-0.537061843374099
-1.74570153622049,-0.859236974088866
-1.94858226278321,-1.04875748927378
-1.63808293507957,-1.37481934733127
-2.9048030830196,0.0979360909421827
-1.84829652297774,-1.1284709845704
-1.93779044447915,-1.08436174233665
-2.51784094991562,-0.582488450740961
-2.66854445116602,-0.211878368040236
-2.77769512200145,-0.0566338111733152
-3.45740081821568,1.14055412363541
-2.2252314455221,-0.883048468382513
-2.11255527148709,-0.934042687043553
-2.66484582394718,-0.418763057696952
-1.97039888118876,-1.14496926478024
-0.988553844070916,-2.400372736372
-1.65249740904085,-1.41712573050863
-3.09332730861779,0.467614430127878
-2.79130872991668,0.285327932013251
-1.16943985593978,-1.6824330784735
-2.46559491752603,-0.343377760412741
-2.8657887759492,0.27190535954635
0.939953374053527,-3.96830229069727
-2.34119166090531,-0.773668303372666
-2.54604039541771,-0.26057466957195
-3.01243918196369,0.456705014573064
-1.48387023557612,-1.58365750519299
-0.0757302740784944,-1.85849296917673
-2.13060500386919,-1.09773632410447
-2.94220196905284,0.122800584849528
-2.22943906322937,-0.714738730569177
-2.26014832891511,-0.745254583798756
-1.59924854561498,-1.55059948620713
-2.67496163450434,0.114295165638361
-2.17498745560639,-0.929737448205126
-1.82648664552374,-1.27497916628672
-2.88932837989025,0.277864637334425
-2.13828777489003,-0.523653918878947
-0.867692345978589,-1.71000826276803
-2.49029764850165,-0.434175751245716
-1.84978408996922,-1.45327049039456
-2.86121212935515,0.719469277592707
-3.10957849880198,0.684905976213537
-2.1564721325274,-0.543807095836278
-2.21337753975162,-0.773365957425386
-1.46259217498891,-2.09016928857113
-2.96134553403589,0.315613750449574
-2.32767011148089,-0.648438715711089
-2.31012276993917,-0.352843678059503
-2.3379901858587,-0.421064526449885
-2.49367973226327,-0.297820217262469
-1.99120245388098,-1.05982004342171
-2.16445276959272,-0.998774274513502
-2.75332474545558,0.137905547781734
-2.73729359054207,0.158240640195954
-2.14858935281982,-0.869938080767131
-2.5125896257647,-0.157314648427634
-2.0940690255264,-0.891662890426797
-0.760048496289947,-2.31398732705146
-2.15267565870955,-0.950078654905021
-2.60525008993523,-0.208789035109195
-2.05268263157102,-1.03941465521487
-2.3107186136225,-0.640034329374825
-1.52443312802208,-1.45190722003867
-2.43652752068291,-0.428902641871118
-1.98677264096787,-0.967075965855567
-2.61658854804221,-0.103626954915553
-1.24347378128237,-1.74986053205246
-1.84038535497113,-1.20413642783291
-2.49088214844505,-0.549164455056056
-3.2069133552576,0.660202164165825
-1.81381498726604,-1.17061763048105
-2.52596772406323,-0.253741318039803
-2.03968319619962,-1.0242646223633
-2.99688710466292,0.457155095550928
-1.58241108634561,-1.65850448390806
-2.30898570481536,-0.744182938275884
-2.84591723801727,0.267466706968503
-2.51181213161935,-0.351152114928512
-2.00755307417426,-0.894718547462442
-1.59734397589515,-1.68887253932676
-2.12326075433712,-1.06140006178981
-2.67206681687438,-0.190736054875073
-2.28682480929182,-0.781493246722778
-2.7997069152293,0.240769841842696
-1.74571123593481,-1.41458937037058
-1.56948389978592,-1.33441496079502
-2.8419295883417,0.0514912885148057
-2.4813938170579,-0.372033061389157
-2.0335570977948,-0.927986207950093
-2.47192428844827,-0.453615225064933
-1.87930346143753,-1.03511073552364
-1.98507809158986,-0.893337495189522
-1.78585082688122,-1.24076136027489
-1.84656517405912,-0.942930971101036
-1.83218095972851,-1.42174476194867
-2.33322748670415,-0.398423995953578
-2.24475765067564,-0.381405872757919
-1.98399908516527,-1.13013157423834
-2.21208559739869,-0.90805510017777
-1.84081163109513,-0.727294646242155
-2.31019909094989,-0.462942791806663
-3.29289504074492,0.822050736354141
-0.799238326019201,-2.71520210237582
-1.5856096019666,-1.53332528715466
-2.78881377748159,0.215065750790767
-2.7721322404154,-0.0437510616824518
-1.83776474827491,-1.12315821328903
-2.82088308639905,0.333708984453007
-3.10981659916586,0.403399818523775
-2.66972797020364,0.0678656362034274
-2.18299315955155,-0.749583211803859
-2.36358220528369,-0.453080699647149
-2.18962878594074,-0.841376180368593
-3.46945168983212,1.04972065181
-3.14317452350484,0.484251912083413
-2.80032886113042,0.147879596629031
-3.13117563871505,0.685247908208463
-2.56307651921327,-0.236006764626651
-1.7306838422987,-1.34450524872606
-1.21799265871348,-1.85383760849528
-2.41007653154881,-0.252605766822782
-2.31416677687775,-0.574091810658567
-2.15420023770406,-0.789260173506547
-2.11457857580576,-0.711127043413909
-2.24383561228618,-0.550274946955023
-2.9854016007509,0.31740840886221
-2.23251258009054,-0.779127727936879
-2.50483783799008,-0.0824432051680762
-2.75423056579947,0.106260723113263
-1.89976656757974,-1.08583019151601
-2.36165579988526,-0.383722379261139
-2.55245885345954,-0.0871224415062831
-3.1839679562555,0.865626270103901
-2.83443301932999,0.288011918482426
-2.30734014945275,-0.474201146502155
-2.50859212297991,-0.31463109192361
-2.22776201722527,-0.76799769518349
-1.95555638073949,-1.15707485956404
-1.74606699655518,-1.39091302273761
-1.62646433588696,-1.44026043731136
-2.34686356342169,-0.570738763975002
-2.95001455633613,0.336483445533939
-2.39259635138098,-0.557036601139691
-2.49792405823884,-0.231788770121782
-2.62249378017569,-0.130735501544156
-2.15683539658299,-0.678905564232382
-2.55969478087152,-0.21701626099995
-2.59156143103109,-0.0157095318520972
-2.48250420987841,-0.186363657936345
-1.67555707007346,-1.08089681826188
-2.01336638657228,-0.789526393388528
-2.49504420790034,-0.327735316568519
-2.14887205629808,-0.50998813725237
-2.87953502847672,0.213820595487513
-1.88687638570562,-0.869888302303232
-0.708312695121308,-2.4294300615877
-2.36429445997642,-0.402119947756326
-2.36147420319162,-0.211978203147071
-1.30617019025993,-2.12996376268496
-2.12857891511778,-0.542807571052433
-2.17735025921758,-0.797609963729254
-1.65717706071373,-1.65092753339337
-2.0026962507337,-0.976638809071738
-2.12085405857503,-0.555786080934847
-1.9912293096031,-0.959894645314369
-1.93191779659284,-0.939824058739599
-1.38408359269207,-2.05365885373745
-2.06839061326224,-0.966025692284025
-1.95641125452816,-1.04967886434145
-2.2720095150066,-0.43156796750674
-1.55792216874058,-1.38666752557946
-2.39022863860929,-0.298052129331476
-1.92256810818144,-0.869511588656766
-2.29046706217975,-0.54118788222593
-1.8258855501379,-0.951694628735499
-2.23607944280751,-0.4359012941262
-2.35996717382497,-0.197786496899085
-2.01840142700933,-1.02474697201585
-1.64325705878326,-1.23884728099255
-2.96644855013116,0.478217782231169
-2.11564779166244,-0.870706870491558
-1.67168011508958,-1.6257902782273
-2.02323253659734,-0.975751106757097
-2.33644529884283,-0.461950601881143
-1.69448194221247,-1.21628487858107
-2.00228622370308,-0.721168193071407
-2.60222371262707,-0.193951620642188
-3.1945349812404,0.686772751298854
-1.54847906437017,-1.38579478869086
-1.3989518679957,-1.73670235389628
-1.2083049835386,-1.63968374791447
-2.69147882824341,0.187437854069996
-2.4639860945675,-0.400361597996657
-1.76262780387783,-1.01327312583413
-3.04906652618525,0.6385552261036
-2.71914060434875,0.128275982810855
-3.12842044160338,0.740053065390816
-1.9447773758718,-1.19712012036276
-2.5935636794253,0.0618378107549829
-3.25518276012181,0.737267808914762
-1.81207602254804,-1.27105082816474
-2.13627747469045,-0.771359340298248
-2.50506287075866,-0.194683023223009
-1.90491917144247,-0.873788507689607
-1.73991499828926,-1.38541656123511
-1.46898266284323,-1.46764275402462
-2.02134091422983,-0.915961159125806
-2.18990142931964,-0.657446249426763
-1.42735592587822,-1.74218116332793
-1.51726063164642,-1.74007644804312
-2.55977857549959,-0.153953950167397
-1.97784156998388,-0.699828518254507
-2.75899104896007,0.202028404379101
-2.6742076133104,0.24419592023463
-1.9047283917209,-1.03255017429826
-2.31126309533966,-0.600065028046384
-2.23515658400476,-0.796548050018298
-2.41180050212374,-0.287984519124274
-1.77566648089781,-1.20326487567434
-2.11472852560941,-0.300492406004995
-2.14253041325041,-0.891696653022889
-1.62629558250676,-1.34824686315704
-2.339406751661,-0.515171997657102
-2.3847578333284,-0.129476351803263
-1.8773377706842,-1.13793071711681
-2.48883775291217,-0.387297503834874
-1.83676941087,-1.2025410360023
-2.6880194448046,0.0274834630240683
-2.23132471804036,-0.597887500050679
-1.89857859948672,-1.00616678656885
-1.58720183482805,-1.16442784683626
-2.31656667412513,-0.252114699826585
-2.21448851824222,-0.398490205962966
-2.11311061562217,-0.676292181556239
-2.56224807671749,-0.138101739070486
-2.23643535618647,-0.420984740720593
-2.69505884170962,0.278585171264801
-2.0746348827234,-0.586194900563089
-3.37757852869295,0.979918995467628
-2.42162968365072,-0.345039290550339
-2.58224686355628,-0.048756694383284
-1.46619485858421,-1.69692264313078
-1.08136617936555,-1.85127555380639
-3.3640143127682,1.09180618706673
-1.88811563303071,-0.882353475653242
-2.00345579954001,-0.638849980935035
-2.18496804394058,-0.693321430072313
-2.53813321511307,-0.11047469806548
-2.39082286515819,-0.0439092738628109
-1.73511498184338,-1.38758701128972
-2.00434305846118,-1.01308070672304
-1.72356277540534,-1.1482665333585
-1.93154258375722,-1.01864848522337
-1.82622842552323,-1.13375461048241
-1.48010049863198,-1.68835130443347
-2.25831916400676,-0.580322775416873
-1.75362653821008,-1.24233748113163
-2.61036838124441,0.0418950301833127
-2.91982523673542,0.445477173151393
-2.64667455736813,0.116999849809398
-2.05427053626754,-0.711340982250436
-1.8865088371217,-0.998738341473521
-0.963733042651116,-2.56631791525874
-1.92561450540977,-1.05711130147911
-1.40247826810088,-1.43719178282275
-2.29764439817868,-0.37882223074986
-3.20492355155632,0.818262111801872
-2.17967278710182,-0.5083048061211
-2.44171048423093,-0.0979765457322593
-3.2805576407668,0.820225247904734
-2.65568729175246,0.0148437614827468
-2.25826304112751,-0.449326698558175
-2.81285420671806,0.37751064765958
-2.14382761972349,-0.263515444248626
-1.65867633454521,-1.45787612934789
-2.45051493008755,-0.183971754019312
-2.31090165959432,-0.228883714634325
-1.80784146342836,-1.3656264085192
-1.9037607027088,-1.04028213205526
-2.62522464594764,0.150798878975108
-2.39666841644668,-0.384178557315473
-2.31450705567105,-0.518945102397899
-2.70423102283475,0.259633160116146
-2.07761092683908,-0.644366362106845
-2.37080042629949,-0.328240873227865
-1.794129247115,-1.19919711489541
-2.11512647936974,-0.670866459248161
-3.01223134558911,0.605505826871342
-2.50337484371474,-0.0478376514954784
-1.2069444735638,-2.06023188269519
-2.28197569268464,-0.428382747508102
-2.29780982254909,-0.32963660688938
-2.5271985939461,0.0589304589033116
-2.30622352173258,-0.311888188499383
-2.88385775837581,0.505627747346147
-2.47792842356054,-0.222430531251391
-2.71286053683424,0.0698789553510682
-1.31985884166425,-1.83894689933876
-2.11845374628382,-0.727644799822144
-2.2610890334968,-0.470193020555658
-2.35556402891634,-0.596858896863848
-3.06504379070217,0.785392121416482
-2.80197442966031,0.476975156962289
-2.25842800411042,-0.474653936544136
-0.3457989979499,-2.1740998875888
-1.91079807561373,-1.0092023463539
-3.12333919242067,1.06215245236204
-2.33929858963545,-0.45745454433599
-2.57406734561878,0.120686400903825
-2.36195415280368,-0.322466648561019
-1.83288079192473,-1.20137756698144
-2.411844245306,-0.221591154724843
-2.80278290763065,0.484329247391162
-2.32644572742982,-0.359194924201797
-2.23539352953523,-0.229680503697864
-2.67306892597616,0.370328451633889
-1.45882001451068,-1.78193465802916
-2.10161981908279,-0.821116607852182
-1.45319397157999,-1.58439655810683
-2.15379025513043,-0.660722553525575
-3.56845761862762,1.49895032929075
-2.58521829233339,-0.0435122581850634
-1.37157050658403,-1.90729112942541
-1.70615561388296,-1.11970832730039
-2.20465171798665,-0.409335621035045
-2.57508568712006,0.00551714160765126
-2.63590717974923,0.326936017668299
-1.90872313123667,-0.891336660603731
-2.6196334459629,0.0144884473009751
-2.24209836262455,-0.310418756232701
-2.36654833113138,-0.170348027904258
-2.59781576058716,0.0156140032553894
-1.87809666924367,-1.03796920061469
-1.72219500800073,-1.33349901718081
-3.08342368601572,0.694082104327969
-2.09400351549803,-0.7314526723085
-2.05003647469963,-0.664319308616868
-2.58382409883578,0.174612183865977
-2.22580552485811,-0.570531209330028
-2.15494293491304,-0.525480948807662
-2.82656508134715,0.387693200135882
-1.69680468965187,-1.04907639347846
-2.25451653034231,-0.557027801283324
-3.14170304930589,0.837131040441661
-2.4430076283968,-0.159492978124964
-1.58085204234384,-1.0361473060377
-1.92572861954642,-0.642140554178917
-1.289292064114,-1.01536446932839
-1.82206598505738,-1.00183099246175
-2.69490396301597,0.077710008271707
-2.35014420534547,-0.324646440631822
-2.40935185369025,-0.190377125503968
-2.0785758616557,-0.530132603800168
-3.04663917203758,0.857772181474752
-2.26244417674127,-0.0972748588968259
-1.74467142667023,-0.795367471331195
-3.28906155143904,1.1444080021017
-2.67201514238691,0.314008386450331
-2.04638303030729,-0.622217952125369
-2.13893805481884,-0.399548387920268
-2.66826442370334,0.251641646637656
-2.93195298826442,0.414450096986076
-1.64042877206633,-1.33707350830352
-2.19620733727366,-0.65794966917529
-2.93280307390216,0.54910175578501
-1.42273819017951,-1.36070061926708
-1.95951711137846,-0.837669325585762
-2.30530452967476,-0.134747380773094
-2.09219510023068,-0.478026412923545
-1.96961473704537,-0.928745272186194
-2.21924476804379,-0.395414154874403
-2.32301262723679,-0.382194902242937
-1.89336520486536,-1.00500795996645
-2.44079978915411,-0.116860104976594
-1.15951487195096,-1.56292526430914
-2.51086563818798,0.0320022559295714
-2.56161478904073,0.038011138275442
-2.19271734450437,-0.373241707223629
-2.95446357649656,0.545013999528975
-2.47399852590289,-0.131033126687582
-1.30423280456199,-1.53075412399348
-2.14722476256581,-0.464110565929615
-2.45611557979439,0.51386519839886
-2.36783991568794,-0.128997496005213
-0.593266766045809,-2.4537846194634
-1.79826992373684,-0.915242422651129
-0.40566534046184,-2.13748240493977
-1.27004434271794,-1.70464384876427
-1.4878881870285,-1.35787607277764
-2.25734362540163,-0.241557063174626
-1.85806043074767,-0.748154864649966
-1.63752037316938,-1.11387160240105
-2.06730190032693,-0.624107182277199
-1.53700322436631,-1.43540031022052
-1.10556644523923,-2.1858559232469
-1.39555180322156,-1.27617855174973
-2.00016854030087,-0.802426929566694
-2.41193024966911,-0.0231191014096498
-2.38652414903209,-0.138118834635166
-3.04133579369563,0.918071549266022
-2.0707459897904,-0.00996680976075096
-2.18109184219594,-0.364449322150823
-1.20448318304123,-1.6925402884335
-1.96827934530776,-0.741896014930505
-2.24521552071395,-0.528043472164079
-2.20183031676613,-0.348927530915309
-1.97176262007278,-0.785984344802026
-2.60415325469686,0.276624491132339
-2.23105299958861,-0.439549371721511
-1.71283945520828,-1.03477450037952
-3.29686190692663,1.39934887762946
-2.68642391939816,0.579167589522007
-1.48232236144179,-1.42375556876424
-1.9078718359832,-0.776635204281358
-1.20356155473037,-1.65385836132764
-0.989494279250313,-1.85341815412349
-2.8062465169521,0.597030917896671
-2.25718969813687,-0.18169777612234
-1.74018676241838,-0.975193891252707
-3.25833930335517,1.07535234369365
-1.1900746376261,-1.956067850144
-2.69462675124979,0.224161743606646
-1.77824901058343,-0.998916502643474
-2.46559359051366,-0.0749113923671368
-1.04691370112132,-2.10352941102179
-1.73665964502292,-0.8996768093282
-2.55646919155389,-0.0260526822540224
-2.14261960650479,-0.11859026359658
-2.03526746909985,-0.651453113700818
-1.99262894583346,-0.419898102695037
-2.30676054889757,-0.148568169930068
-1.12567693518198,-1.45746809616739
-2.0220729898163,-0.536230017068548
-1.18763385791026,-1.52737084104875
-1.18342945668875,-1.83057417629511
-2.81363298241503,0.467362553422336
-2.84501201859513,0.770063083381821
-1.09826642840962,-2.08792997928773
-1.97380407875285,-0.613512068697251
-2.13226399690263,-0.40451771089614
-2.34828892270793,0.0769242067204336
-2.00745473841727,-0.679895607563783
-2.03234274926181,-0.754654053307357
-1.94278795218485,-0.359886749364898
-2.95260291811319,0.640575389995679
-2.49775259724987,0.0417955937375364
-2.30131374872408,-0.230006910769507
-2.09129795572798,-0.463747460777912
-1.53703410683464,-1.37529168802941
-3.2557840504874,1.149003160024
-2.40206316495598,-0.0424557018168508
-2.14592690615721,-0.32363761985869
-2.03793309016879,-0.719922971631313
-1.8841655886491,-0.865716825669371
-2.6872783371518,0.162795238102942
-1.64706301539402,-1.00715162289224
-3.28446306384941,1.04602592419789
-0.842695067681199,-2.51531657196557
-2.19081521035011,-0.255394034473227
-1.52035547055763,-1.24543247268518
-1.87776917788764,-0.824155338651826
-1.34220719869643,-1.62134656754841
-2.61533135907952,0.0807771859332739
-2.42852103183213,-0.158434184299064
-2.52038351143639,0.27364962443549
-1.66100021607782,-0.969459130876736
-2.29878872260721,-0.302617831837396
-1.8562077737556,-0.775103013623701
-1.98680418790215,-0.683341577573725
-1.68393802535129,-0.633939538200521
-2.11222396657062,-0.441617699546262
-2.18528615307493,-0.162971274062402
-1.56650482193126,-0.613805359572439
-1.84620197833476,-0.778265504383006
-2.10028010624117,-0.477853963206431
0.0421320276014187,-2.98947723440727
-1.41411485305503,-1.45898175768001
-1.52850953592626,-1.39595528052662
-1.85515308293272,-0.898980415678838
0.271568427443659,-3.2030304926199
-1.69846843342022,-0.996079632341656
-1.45594528215429,-1.01983501739955
-1.98868961564899,-0.617175976540426
-2.2068394506559,-0.504115134268815
-2.83572925747796,0.822582100743636
-1.60230418391858,-1.1497046363209
-1.91940853060213,-0.829640351686255
-1.86389203734399,-0.958170188865209
-2.21363692352976,-0.3580912830492
-2.04597077382645,-0.442843738276702
-1.92936426481023,-0.683976475402192
-1.68846866537025,-1.23341070709548
-2.02984398839871,-0.649656293074403
-2.20867505552669,-0.244406749360386
-1.91334814976174,-0.678607384567462
-2.17490193203785,-0.465891735921784
-1.79995298592484,-0.90953820990254
-2.11849756297786,-0.163754963106454
-2.760514195428,0.478749942870258
-2.16409502608803,-0.528199941045481
-1.9569412758555,-0.592327107065395
-2.38201991751553,0.0169418351480402
-1.18795003873047,-1.24578486402703
-2.6228759793056,0.276061580664878
-2.67996317377943,0.336337594052108
-1.89199546676357,-0.827421955233791
-1.53134443944754,-1.18603463537899
-1.6865091513229,-1.19854600408799
-0.143520273501769,-2.98002162062177
-2.45412368648702,0.214180985709666
-2.32867740343745,0.0532891901755165
-1.2357081000095,-1.64535062220679
-1.43615772465463,-1.54832968308653
-1.94199066430547,-0.837134314074934
-1.94089986137176,-0.416296268456752
-1.41511405173786,-1.08796574616108
-2.37451078519548,-0.0412916372811153
-1.91807475734428,-0.859421973265072
-2.35727187398942,-0.174181934247496
-1.42754066294757,-1.2770957340423
-1.95759330101686,-0.69329194230065
-2.33545094682036,-0.0686624046171482
-2.37258800105342,0.123122063144984
-0.460836986751352,-2.41328372423444
-2.46401940322757,0.124471636648887
-2.29310300671699,-0.0489089069894709
-2.1688642098656,-0.274097779458016
-2.76320949159224,0.51088999539735
-2.87387213902873,0.850051250674107
-2.29201706706382,-0.0514143094866099
-1.14936629754273,-1.82561449423792
-2.04006885535645,-0.632712205659118
-0.621138174200407,-1.86039321989209
-1.50933810668974,-1.31731642456217
-2.16109634635953,-0.247963740360572
-3.02135968799654,0.783110431725309
-2.46756068309357,-0.0961164335398829
-2.26402591117484,-0.0431515452278567
-2.10356124623259,-0.472314755955152
-2.42621424495872,-0.0282929684583077
-1.61031934620625,-1.16123201668633
-1.76956155531323,-1.02762879375846
-2.18383704395608,-0.23218275207589
-2.43078407492766,0.179738194579641
-2.01359320288141,-0.745732215189163
-2.32512559095757,-0.00916026559425648
-2.2379957507257,-0.246941023276215
-1.69099915022475,-1.08251065567027
-1.74702098184727,-1.13182537472184
-1.66536570304731,-0.957538844611259
-2.31839925317716,0.0294675711214366
-1.2251160207328,-1.62630194864089
-0.822595712107596,-2.23367438927094
-1.77003229332075,-0.771596764683988
-1.67851140033898,-0.810629096604695
-2.45914695684718,0.532055849119717
-2.5107303221161,0.238992188692048
-1.16567449068555,-1.53721153311255
-2.01698599688643,-0.610251352052502
-2.11769931012844,-0.49140870866688
-3.24795991716691,1.57687070881142
-1.90464475396077,-0.935855828963742
-2.36121718339143,-0.0348144926825061
-1.32953136836824,-1.38401816340854
-2.90522352390733,0.649894254853143
-1.36651274337523,-1.64742541363779
-2.48913631137001,0.125075298605823
-1.47503362090025,-1.05454017052892
-2.34049671034805,-0.0550324013936355
-2.14009171346362,-0.451369132208392
-3.51042466822272,1.57295896051714
-3.00296292169879,0.819173136027132
-1.60416084736934,-1.16624335884933
-2.28079579341616,0.0210218071414008
-2.03871341453498,-0.610842862472604
-1.86185445799303,-0.72054218853569
-1.10601521387255,-1.69658033975592
-2.10434123101573,-0.345241948463061
-2.30340331809029,-0.0831994562613698
-2.82601749419843,0.787301766986536
-2.6346580293265,0.487978166825408
-2.16240949774264,-0.245231903803592
-2.50333271854394,0.182301274627812
-1.4901985744008,-1.41586127350988
-2.77045792520173,0.583198895379108
-2.82557752493137,0.584579159162214
-2.25583142037672,0.0245644662654517
-2.28440321332454,-0.227227354780119
-2.40256583922331,0.136242910135821
-2.1511615293736,-0.262300339869336
-1.85239434721847,-0.631061499229479
-1.37748416781743,-1.10025769765924
-1.57761826412146,-1.12206146884137
-3.18597066604616,1.10103545658786
-1.55945620352811,-1.26715354973437
-2.02393152175147,-0.596131799945291
-1.77983292505231,-0.690000744231373
-2.25338813202378,-0.197703000741282
-2.56981190664473,0.186592058926211
-1.40424247751242,-1.49803920650174
-1.43067897711652,-1.26785539207715
-1.31598911735868,-1.38398366360432
-2.86218870809865,0.796680254782477
-2.19912406247009,-0.255695900475523
-1.69043390096377,-1.07483557505539
-1.91450135756767,-0.61575209873458
-2.90015005295814,0.718805890212156
-2.59535732660174,0.372027172804062
-2.29439587105869,-0.200501844554872
-1.5252008480378,-1.26429492263985
-2.60481746959406,0.418719918737962
-2.227858068875,-0.337348069961701
-1.5073580516261,-1.34139607481221
-1.37909805842723,-0.945496930076998
-2.56626489022583,0.141536200135921
-2.91021487932182,0.708801544389694
-2.25661479500028,0.0132132353262391
-1.63703726242924,-0.935405698892224
-2.95982726030263,0.813166448244407
-1.49819144415633,-1.05555691671779
-2.33857292429617,0.0564801010978357
-0.928984655748418,-1.45195776455094
-1.06870619031545,-1.53007261747209
-1.47450526643529,-0.901643878252237
-1.69730238572632,-0.869298790410305
-1.84624593995119,-0.760847740020409
-0.703773480311838,-1.75922932566156
-0.917298388033899,-2.12164798227254
-3.13271012941968,1.29316346422527
-2.3477357224514,0.342693192717592
-1.79736080142427,-0.654294594347137
-2.50093807765758,0.112065649960716
-2.5682115467224,0.435553284224466
-1.54226107621514,-1.02274364444358
-2.57346578318117,0.394770162320906
-1.55256862468327,-1.13692640866982
-1.0679268743749,-1.38055151817286
-1.98671934425825,-0.552918889111292
-1.04336595741221,-1.88459230009521
-2.68209756059002,0.708342792124398
-1.23138686996671,-1.73606355557389
-1.70872655641593,-0.747722487309027
-1.74111060705034,-0.713037198286972
-2.17463915730844,-0.28143582528186
-1.21878150698986,-1.17794470197382
-1.21521157589777,-1.43027562145966
-1.95957684095507,-0.662658825994557
-2.70327013482925,0.635708623507655
-1.87321931835593,-0.52989085291539
-2.2010102801131,-0.0174349966349187
-1.75514944852946,-0.636324929075262
-2.51578470799906,0.454801439161791
-2.55817920500509,0.23428563659393
-1.96715636038596,-0.456838188467082
-2.68266203445213,0.412875555563386
-1.10900624290747,-1.14492637765035
-0.159441017453247,-2.08885602043139
-2.23655045102021,-0.215182974883301
-2.55712534322329,0.162384384334022
-1.95249683710228,-0.444352080941631
-2.33172334613725,-0.0733005694027153
-2.11699131730707,-0.414871291956824
-1.95669543401659,-0.504892098278069
-0.910271362555867,-1.38681315550243
-1.56625785053246,-1.17252445045451
-2.05029884767695,-0.523093548369339
-1.84284284221804,-0.521081014154211
-1.57288982697502,-1.04312925169841
-0.949809973039396,-1.41026841369827
-2.19060610025567,-0.204485162594173
-2.01536781969697,-0.434718895990977
-2.15233457549384,-0.456155924079587
-2.37076952662019,-0.0515936861167439
-1.56838005823214,-1.14443783225397
-2.03441951340172,-0.417529582963362
-2.82829925354463,0.62601734511409
0.184929293995382,-3.10069985414475
-1.30944578333807,-1.30268343122251
-2.2422404771781,-0.0812773724675958
-2.03224111158717,-0.374182266479592
-2.17635282450083,0.109404198477019
-2.64101512724689,0.438508080913701
-2.51332233296034,0.0983487282929124
-3.4550173460158,1.95260992476955
-1.74836797573591,-0.694016230401466
-0.875299242136084,-1.96008463529196
-2.2675337773684,0.0655786444681316
-1.14743495405494,-1.73314569027884
-2.62572188456559,0.417800359544994
-1.95490350251605,-0.607729408097667
-2.27074967865744,-0.0686233484279386
-2.27000798071651,-0.0718493135633119
-2.01518768805931,-0.436306066988951
-1.01487107521845,-1.7542206754027
-2.54043910942015,0.448162885176625
-2.02842819663722,-0.148915615171695
-1.91483961282493,-0.685884461197307
-1.62042130025971,-0.998742003300129
-2.75797742681741,0.858560767217903
-2.63993896353756,0.540188258296393
-1.69563212577407,-0.592683975802672
-1.33110537854043,-1.44152257435415
-1.27607917145141,-1.27812553648752
-1.89136496099083,-0.406023639141905
-1.90108467405293,-0.198553877768348
-1.98743763185795,-0.520179048397254
-2.36795868705229,0.241651226781839
-1.73775898834557,-0.745886301104963
-2.29173554919998,0.176670515183327
-2.39338848492378,0.500177368725058
-2.66940569645391,0.615825431782025
-2.19237302346708,-0.0217851554214985
-0.935995247921981,-1.99605527362475
-2.29023970485673,0.109500069499804
-2.35984088777623,-0.04026607130441
-1.39540337525494,-0.985683821940711
-1.80096872210595,-0.518868383701224
-1.84932599429952,-0.294358486513884
-2.47378546195582,0.34051303935177
-1.73561360106345,-0.474342420156638
-2.26340373516141,0.171653176664882
-1.05190965261841,-1.72047406177096
-1.809192516687,-0.751240228136283
-1.24473564464874,-1.29554854255613
-2.35964967175549,0.112859236391307
-1.99130612271974,-0.271580553110154
-2.12645020535363,-0.256377202571859
-2.83103082306972,0.910802843788023
-1.7191573062014,-0.698584291569042
-2.1908322304722,-0.0775465178879606
-2.68838044078741,0.658438550747451
-1.0901235497728,-1.52827057273989
-1.85922357195296,-0.772110355788022
-1.22754276663828,-1.44877947767367
-1.86659324480473,-0.587488487849009
-2.57013035707857,0.592550242334259
-1.94105063907665,-0.342304931069339
-1.17201828305938,-1.63027814032385
-1.51556619585565,-1.13112832515895
-0.446842360427148,-2.29846569872216
-1.90347518377366,-0.361718792997634
-1.50992243631881,-0.943233133340197
-2.49339305566296,0.313701063333906
-2.1007039519153,-0.108429312160866
-1.38868468625418,-1.41516662176611
-2.41366217795019,0.0855524132680791
-2.30513213930321,0.132410842033636
-1.56387189316709,-0.88130570348555
-2.07361614876051,-0.245065444811182
-1.9613868648848,-0.19587654442062
-2.11187156245698,-0.0154037161506686
-2.29013429354391,0.201300784680623
-2.07122854460223,-0.157594001399452
-2.8746896067619,0.889745178980662
-2.41196509316604,0.139845453238626
-2.17377946583176,-0.0226241350894879
-2.32624477654526,0.0795151959622459
-1.59741793575301,-0.969661350471637
-2.29108456295756,0.0619844000422959
-2.19425352108532,0.161692206675827
-2.12016153455288,-0.10051879149726
-1.73882089705083,-0.598874682843134
-2.65512744502304,0.52970075196584
-1.66416688836235,-0.623152517873122
-1.99015993984559,-0.490900376893417
-1.93439651950038,-0.223419536060765
-1.83479792688349,-0.23416514569531
-2.13407477282759,-0.0973086023475268
-2.48697943418427,0.240766959034656
-2.33996124497618,0.24655573913264
-1.30580002428335,-1.1840404474962
-1.79542597765173,-0.447849693868804
-2.50205818495287,0.376944939180336
-1.67704420865138,-0.906217102772459
-2.07693340392764,-0.201181097424396
-1.90601283861225,-0.405637512518272
-0.993903171756312,-1.21124689306731
-2.01350818587162,-0.43573514429856
-3.25974452267307,1.39500974365454
-1.60997593986669,-0.755735899312572
-1.19937229888961,-1.18209425269993
-2.16079175253251,-0.112319072433344
-1.57374938336199,-0.958772243701277
-2.49161667590151,0.49753880291838
-1.47563486497795,-1.25031663423289
-1.99586769794155,-0.220355975057329
-2.33396011723813,0.238595736840133
-2.06112936543058,-0.129226740707266
-2.10709545890246,-0.118265068494199
-1.81240403932834,-0.504666931515234
-1.24376275071808,-1.08080063629505
-1.52664795714671,-1.00948829805135
-1.26332642761528,-1.26783224218613
-1.18942597382334,-1.64656079694738
-2.30569646540632,0.244227313422776
-1.82428739399516,-0.442386245356082
-2.85880588741538,1.01647487324903
-2.14270687521482,-0.277150351812713
-1.89071514677238,-0.331952318718783
-1.01082844741395,-1.53691187057695
-1.35950444330022,-1.19126568277818
-2.12948011718873,-0.0686614249548627
-1.19318689334444,-1.66258776716551
-1.76782686147768,-0.682843294454122
-1.63476096387345,-0.866434265258103
-1.70351177336621,-0.617662896604885
-2.91288049439734,0.857970012664241
-0.745111955556558,-1.63351944147998
-2.23252573247345,0.027745802875274
-2.60575083561665,0.583061282648889
-1.83670888289467,-0.180974277988446
-1.68248930763875,-0.790630780076497
-1.84351677500252,-0.339090932218443
-2.17724246909384,0.529027764074075
-2.19531286419197,0.0547885064486236
-1.64410462881764,-0.529478243469633
-1.35438150680259,-0.874924455969898
-1.71513241291847,-0.615130935014877
-2.29695807992232,0.293399336373679
-2.58894568441285,0.625559035880666
-1.82328176839467,-0.449810406731023
-2.44166421152763,0.168593661943272
-1.81729397353741,-0.587672665358597
-0.917731454790985,-1.55573062704291
-1.21852864608162,-1.28997734971939
-1.7687237913722,-0.526303465485128
-1.70631090271175,-0.716142933664126
-1.92994841804584,-0.347918171252528
-1.63170621546859,-0.839423143090953
-1.81317972430361,-0.572339484718519
-2.9553537059014,1.15946205626521
-0.847487209632315,-1.67490837730941
-2.93987683526499,1.01829525057698
-2.59504817724832,0.792045083453387
-2.11604654737909,-0.112389170589754
-1.19128245763983,-1.45370114480116
-1.9910468104946,-0.247018660800813
-2.37837190584896,0.364710641734137
-2.9644171410749,1.09781809787081
-2.05869569088814,0.0516383831183639
-0.877041729877759,-1.53111582191371
-2.15452455527879,-0.00619581344998441
-1.29236395086695,-1.45636163339524
-1.98597279039912,-0.064859397288366
-1.52349050203765,-0.801782611919489
-1.54148488746712,-0.450549047426649
-1.92994933424945,-0.119214694183167
-1.5372281726458,-0.781136452313556
-2.93817059145506,1.12617892726345
-2.60645090811437,0.741497411563116
-1.12770249169369,-0.822363592035185
-0.362024640248659,-2.12144257178193
-2.24878131320008,0.304705351450343
-3.33934953537565,1.62229634635869
-2.06428725715861,-0.125613999838867
-1.33067507115806,-1.09081818783346
-1.12104817147295,-1.44549672261955
-1.62809644825124,-0.839023015797466
-2.34747822422623,0.179330733387881
-0.503202959694849,-2.12279890506729
-1.74482586907059,-0.534695276258619
-2.04291605983126,-0.210293719581461
-1.68237155781008,-0.590998682647978
-2.2200335863443,0.243826914711603
-1.24854514582377,-1.30245386591888
-2.06415060726955,-0.130497007020379
-2.59311073193971,0.763675161812276
-1.78480767069246,-0.319988187727326
-0.93918111610461,-1.47365180726604
-0.916525446944094,-1.54980729135616
-2.42391735881853,0.461129612217187
-2.45913914519521,0.516455762729148
-1.72249909633573,-0.629248142552238
-1.37256459684552,-0.954844627050884
-2.87536687380937,1.01835895132767
-2.05210546366029,0.0924491636250425
-2.64802194949084,0.738550714226855
-1.46585714902988,-0.762979037512618
-2.14774406015995,0.0432227692835273
-1.34811192528673,-1.04465781286986
-2.42087627092688,0.493721295956633
-2.25273960042352,0.510015738563714
-2.1919500763448,0.079954418183287
-1.02793492578742,-1.46952029488437
-2.1053169179864,0.0436942537462958
-2.49992862010005,0.623138583703872
-2.20323690811454,0.112569669335667
-2.30436486239047,0.358650672796939
-1.00355334061536,-1.53066847758662
-2.07053521146675,-0.069583238871989
-1.24458589690897,-1.09538988797683
-1.29394482495082,-0.873923415778878
-2.14129565873153,-0.0546018456155685
-2.18198857005647,0.444034569648392
-1.93340483578688,-0.2244349334019
-1.93789238964647,-0.134610056449196
-1.57449086622192,-0.715655601891813
-2.00305172806363,-0.366967347419868
-1.38407223110609,-1.01399421524824
-1.76629092935786,-0.570062104678745
-1.66559563912778,-0.397032005347632
-1.86281146294009,-0.184422521769754
-2.54814564225281,0.656017138926
-2.08527430275432,-0.216741199887636
-1.98985256320279,-0.0774376224565343
-2.09799922406797,0.0468575502041412
-1.80394930941915,-0.308775773713635
-1.34967624288587,-1.01488898676865
0.25034893001152,-2.48403692612051
-0.757744745274085,-1.83968210441896
-1.50003911893965,-0.778105284822781
-1.49747227521126,-0.757956959445783
-1.99429606738083,0.0692351961395948
-2.05894176126127,0.204279609673623
-2.35463434205098,0.43188847873661
-1.90665629020129,-0.26882684072128
-2.03294778853369,-0.167554013668923
-1.91950658688213,-0.213478529461976
-2.50926591914628,0.725692955523089
-2.43781032148443,0.601435485080601
-1.99128063121117,-0.198428443879524
-0.128622469182609,-2.36755470906344
-1.43195415084887,-0.789266466397807
-2.38441600096326,0.782110678550276
-1.37028283657715,-1.11886801032867
-0.546102590422505,-1.8235324642747
-2.16460969913651,0.207476536558675
-1.445518709559,-0.762266548261188
-2.04883551341922,0.0604107085052016
-1.64199757519465,-0.359202229206938
-0.369543470577523,-2.28116674171757
-2.92413854025486,1.47827979969919
-2.03588951263766,0.113691196137889
-0.804103079224303,-1.57016481654234
-1.52341582320192,-0.556003599713684
-1.52628814771419,-0.780747684993697
-1.80360197591965,-0.304947318782744
-1.31817150612806,-0.650302187667474
-1.19118669685399,-1.09146286032408
-2.10723861772892,0.0922919030565703
-2.46319757000887,0.858740434473835
-1.60257228793646,-0.74168032301675
-2.80043407022467,0.958285056492436
-2.03132234709788,0.110026483358071
-1.1101452867351,-1.06836581056796
-1.83419066843119,-0.0522395311802679
-2.19981216303083,0.233843980979656
-1.76921141341834,-0.435897505515151
-1.70230681333804,-0.329602227921904
-1.35266209598581,-1.13388870174473
-2.04655092987162,-0.165119861838667
-0.548609485577289,-1.85747557522491
-2.24825967213333,0.157937300092161
-2.48860439064711,0.548846798777424
-1.0713220345924,-1.22158627008908
-1.55230978593141,-0.921666793027735
-2.12495714227113,0.0757235488025615
-1.78653941751293,-0.14154300505559
-1.82539646267708,-0.345827962051214
-1.961320861312,0.00594816849943393
-1.03555911382836,-1.17853366395138
-2.09115105528234,0.0490509702980354
-1.81407450829834,-0.0723548375467198
-1.92801908990527,-0.114037030275282
-1.02925140324902,-1.53480682840755
-1.37665348644809,-0.831045138755367
-1.05521197140089,-1.40972779340262
-2.15943687229228,0.228682031018254
-2.61968310898663,0.908975532747133
-1.7446738597999,-0.472096908856671
-2.48868260585352,0.722514193603689
-1.79432473377105,-0.472364181967614
-1.11097354259208,-1.28168902222929
-1.78089433074,-0.395687044010992
-1.8674365393447,-0.359799406032382
-1.68970696688716,-0.359805868595897
-1.64873898175692,-0.346372850152576
-3.01611332786796,1.52977302163344
-1.62474401620292,-0.281125677227088
-1.86682651314002,-0.0569946078486435
-0.262676323383387,-2.48845354261097
-1.32984027845969,-1.04726772332094
-1.72097801475986,-0.319717565713271
-1.16428194051874,-1.10467860032759
-1.52639261225482,-0.801654918065167
-1.70027037831326,-0.377963504308227
-0.139110004460978,-2.42133449094207
-1.49385486188746,-0.915311514523668
-1.05358156237087,-1.03522842709112
-2.28424220465515,0.621407950601046
-1.35872643561213,-1.11711206445823
-1.03257962932076,-1.5597265313942
-1.76915155440881,-0.48511672495885
-1.75159608837099,-0.502172702502711
-2.69612109064209,1.09573157953703
-1.69632481375185,-0.442180451344314
-2.09775356436851,0.039023951320342
-2.07396961076765,0.170241799174921
-1.74668906853678,-0.431106658129292
-1.97298924453295,0.0864203982940077
-1.59685754237365,-0.708913018341334
-2.19383792769591,0.310203508573119
-2.06495917384155,0.172273883734092
-1.46980604313246,-0.770738487939175
-2.19719020759828,0.400481454682785
-1.70569286551164,-0.366680656491998
-1.24985857802936,-0.932547492106076
-0.239441717606875,-2.41642501742569
-0.681063625137484,-1.74329136477573
-2.19857656114164,0.164952138924486
-2.52965057938718,0.86680120183572
-1.51927655726456,-0.877319848047323
-1.51435707988122,-0.669360937882342
-1.52546086227805,-0.743455896820463
-1.70494306876949,-0.357189205514521
-1.63903878091857,-0.601696368957038
-1.40089382026425,-0.813107470693079
-2.35543816462696,0.506043226924745
-1.13753417095605,-0.939962410989992
-1.73502918068284,-0.0243612768582527
-1.51415046755114,-0.493395382815402
-0.054134497612819,-1.82846120540345
-2.02742911069212,-0.00559339434322974
-1.65135753489911,-0.159886204590026
-1.3434210459137,-0.930952825958884
-1.73759248165918,-0.144574101207951
-1.23861384758201,-1.02541968356148
-1.16281123173279,-1.04084936515947
-2.06335059580395,0.0794638562770003
-1.39267886798638,-0.670808322065437
-2.10842884780255,0.338231010191244
-2.20035242324493,0.375572409131098
-1.35205573016861,-0.883738762214328
-1.37581885268549,-0.628858811647052
-1.71531005467963,-0.492578711470626
-1.18885920273693,-0.997031925229466
-1.47503046744372,-0.577154025932025
-2.65513951457351,0.972521890005309
-1.74858809275094,-0.429298313769529
-1.61020059437946,-0.145828518763159
-1.98725667953562,-0.0502326929414185
-2.01780378226682,-0.0327203978533539
-1.97436373531477,0.188506198131187
-1.91273808388054,0.196920124557595
-1.99689222694842,0.103714412758675
-1.40382154788954,-0.87735393835645
-1.69621938831177,-0.282757936952735
-1.48036997995538,-0.57528665634027
-1.30767212924248,-0.724848966589516
-1.54288681797007,-0.456232120836867
-1.70614143147922,-0.09610383437692
-1.97510565655657,0.0971707539761213
-1.5196983828881,-0.779416380317973
-2.40132851278955,0.753343179480813
-2.13030165714902,0.485526983558936
-2.44858285317018,0.77326562954748
-1.81861052092148,-0.162201546922129
-1.86277730120378,0.0252561446704037
-1.46682781736807,-0.601207128269401
-2.14535303680071,0.477083601142747
-1.70293120797568,-0.51228918332687
-1.2337027715966,-0.729220984224592
-1.8910492476764,-0.0372135188939583
-3.19983484850465,1.62066217638378
-1.13971168424304,-1.22921976085961
-1.65537017734768,0.188665647127418
-2.05983368820824,0.120482108916628
-1.52273423613049,-0.518204625038972
-1.68390407629488,-0.31753941207342
-1.52067712439441,-0.656462414244558
-1.84863516185844,-0.265974119963424
-2.42227317283934,0.76638892193351
-2.21663672806304,0.473175242032353
-1.20105743177812,-1.32096089173738
-1.69687793814672,-0.412392056062065
-0.937592621694921,-1.25638040138735
-1.48193839514389,-0.435367901862029
-0.993712369479154,-0.961424090917833
-1.97626638456548,-0.0543251490134258
-0.904421845482368,-1.53396889840703
-1.58400365153529,-0.60398346969555
-1.69197321689357,-0.397747736094682
-1.80997364900037,-0.113918963139071
-1.30053584620388,-0.770583950469521
-0.500585820065208,-1.59311081430061
-1.300013664711,-0.973716592231415
-1.2769102893494,-0.887984875249792
-2.40480511213925,0.884366764740652
-1.7016226732002,-0.358928574190941
-1.94097627410594,0.171710149092804
-2.23258671788084,0.50212588441514
-1.280937122305,-0.712926698789414
-2.90043314145801,1.56477441964348
-2.01127417420226,0.159167984553259
-1.05759271350238,-1.10247034792672
-1.68112159890447,-0.318126081649016
-1.59100025004284,-0.475346753609375
-1.24017391873581,-0.603242686165445
-0.855451085273823,-1.56106521349409
-1.83943341660781,-0.179258346161385
-2.39031185287047,0.602224585068032
-1.93343354632258,0.0357043537173024
-1.48878504849152,-0.479659240346184
-1.61219206892456,-0.519274447082531
-0.163527187182057,-2.10600435624999
-0.578923926374186,-1.7208889337725
-1.52943670860913,-0.582199257137634
-1.09368960143183,-1.36109676925472
-1.58737095227628,-0.236685355652936
-1.23517092832462,-0.93935586205793
-1.92611245510722,-0.0759765782381337
-2.20951863593408,0.493605386274819
-1.67598889751541,-0.270893503212796
-1.78256170679226,-0.152346633268386
-1.88559802636059,0.114012901153818
-1.55381306123588,-0.406043085819405
-2.25058362004741,0.527862315401767
-2.23262457297431,0.674946609511422
-1.33758356231693,-0.637817454364641
-2.22152400237814,0.533724120393984
-1.75961719796887,0.0429891782338961
-2.06981595007062,0.172158051688916
-1.25940091692565,-0.707886126422106
-1.00453801465735,-1.38685906876461
-1.94523271755833,0.20266274311057
-0.695017027137904,-1.49079881364684
-1.94193661384873,0.298011805203818
-1.75781741990356,-0.211153988302734
-0.77428560757937,-1.55071184800737
-1.68034682624062,-0.198067685500807
-1.51967906397108,-0.359802824956292
-0.729039191726302,-1.8645095081158
-1.50728868670156,-0.638772994997497
-2.06983662659546,0.450901774042082
-1.00087797806003,-1.25815954717407
-1.21731747886684,-1.01640893869925
-1.66442086899785,-0.129262281119553
-2.04086020067872,0.260395778853991
-1.67842023509716,-0.102447171954898
-0.657114492600536,-0.788041192117146
-1.9798805425081,0.0537648845014444
-1.89971620553422,0.2330856625537
-1.15371580295734,-1.03455493841129
-1.5992145758806,-0.549496196371538
-1.52086757792705,-0.704286750802738
-1.07541254020302,-1.27360646260473
-1.39008474421932,-0.790901039445468
-1.84666706415861,0.118824230973222
-1.11458564579183,-1.05601200069944
-1.85344651362848,-0.0241896613985578
-1.65667382010024,-0.115989122593396
-2.9013111830903,1.81021567056463
-1.71381948917484,-0.272784118732649
-2.94929033601921,1.49037570556027
-1.77701568393452,-0.181380584479788
-1.40396331566686,-0.811749691700881
-1.67270174075681,-0.324034519120063
-0.650205961465891,-1.6076538789487
-0.881654337062019,-1.09733969571218
-1.66128670493399,-0.00261178776518734
-1.68352416346551,-0.0985169199813905
-1.76312867149997,-0.0751894095887387
-0.660684790760621,-1.9294307680011
-2.57331132229638,1.27131367095562
-2.0596880652815,0.439375517028389
-0.869467988869463,-1.49102222806681
-2.95920695740476,1.93345838437131
-0.591296980298978,-1.65125989204386
-2.52957904392097,0.949559705436474
-1.90858765157195,0.273184055961143
-0.717994065325138,-1.12388332026896
-1.85181426121828,0.00849010326612405
-1.40844373681962,-0.735994949144491
-1.37600761744221,-0.466042038777069
-1.76528974279308,0.15463365346188
-0.996875700968236,-1.01289912222835
-1.61549951595467,-0.16997352247022
-1.90154385876991,0.157173764285174
-1.91545808891332,0.170939445612368
-1.54314742036496,-0.306261735168715
-1.98381225869272,0.449512483378255
-1.32689510907523,-0.662971931590047
-1.58018653125846,-0.251076044089327
-1.78659697121378,0.105958717630598
-1.96039501858149,0.347231324021272
-1.1055922243606,-0.763938201213928
-2.62571965787153,1.17045858056782
-1.37103067701495,-0.516433588690311
-2.05550220021063,0.361555260977119
-2.2024647882831,0.499194405274198
-1.06635857573661,-1.02450088272724
-1.86927766529408,0.217328622251362
-2.2536809121845,0.438783467738168
-1.84383634993567,0.261161354071595
-1.64687733731425,-0.165795912043829
-1.47049733335956,-0.299136487414578
-1.72705034391029,-0.078917431333691
-1.13230679820903,-0.942564968689059
-2.11855734633433,0.481170448066935
-2.29382075902315,1.04832769441183
-1.23885376194716,-0.873130835127807
-1.66012629227326,-0.0556617673513277
-1.89914438847164,0.216993877874486
-2.55791577914922,0.985291861498674
-1.32132559905737,-0.802992267116963
-1.5660194263995,-0.1786503035969
-2.81706020512237,1.43505505788187
-1.97274754288039,0.416913747230436
0.338433541287424,-2.18885558306832
-1.37662321715487,-0.664295654002519
-0.89099136752318,-0.934065023650258
-1.23588344270724,-0.671142749955723
-1.68168923749945,-0.0493691147750782
-0.638750797227548,-1.62006320019635
-1.47697507571475,-0.200137895013473
-1.94290852592582,0.284619325643549
-1.21084170164039,-1.0016273269667
-1.24322206911209,-0.177185032328355
-1.19888776736463,-0.748925893516403
-0.980872017457577,-1.10632451861324
-0.669062365118701,-1.4236760073448
-1.61055574012512,-0.0246497233468768
-1.29006996489135,-0.570186266515031
-1.63040685999794,-0.0520618608224519
-2.03938944407832,0.512775887760318
-1.23671684653005,-0.632770024191714
-2.05673414956572,0.400918586124083
-2.64099545052752,1.40611353105958
-0.401416787613314,-2.04707760235061
-1.05849154522664,-0.989167309357333
-2.33643026246522,0.804533019204442
-0.964133489761656,-0.224347485661864
-1.81738768840336,0.274677982003758
-2.10713982706152,0.619758742948217
-1.53605807390326,-0.495261424350843
-0.133522676921799,-2.54342004718335
-1.75891740381979,-0.0674414416587407
-1.36314219807089,-0.482355403897947
-1.91199279042421,0.237574763900813
-0.722730607617845,-1.27291873429111
-1.41822095816131,-0.607516620980344
-1.30011732177564,-0.741060011061172
-1.7175110198278,-0.0810972121869704
-1.54698691599832,-0.292373071554816
-0.994900533718873,-1.12121377274932
-1.36280398431256,-0.389106635019892
-1.5513713590282,-0.384232704823198
-0.918939052670238,-1.15429134945261
-1.41628083920935,-0.573555586060514
-0.847527905235408,-1.0898432364441
-1.58009752873201,-0.100607570917799
-0.432629754197675,-0.908481343033175
-0.573434855139926,-1.65334425099217
-1.69149521045645,-0.192521800878485
-1.27921728857346,-0.692322797272823
-1.78086053960108,0.0523018173099071
-1.20287169217241,-0.525531858000258
-2.23888548071702,0.88049004116747
-1.39451276837496,-0.29316832248285
-1.37860715365698,-0.413812609558311
-1.83950136124556,0.298649993975602
-1.64934937394797,0.0162605391943903
-1.19738935765242,-0.682409872839174
-1.32688892634418,-0.710057098576174
-0.871889820990886,-1.25307957746969
-0.844892366690552,-1.18464440954783
-1.74243397114637,0.00607782273744577
-1.14248052620304,-0.891655012551939
-1.96605414173407,0.480832198132126
-1.20873171561401,-0.648535117563859
-1.38753029484297,-0.424301141904214
-1.77474617912885,-0.0813499222055261
-0.556350732636124,-1.47100789531346
-1.77827503137929,0.123833316852978
-1.8092966101562,0.265460561158792
-0.9478584583551,-1.06979035477191
-2.13189439768405,0.644878695159528
-1.62114849657721,-0.284679951304842
-1.41505050096822,-0.464989406430768
-1.38497451866161,-0.384296110848185
-1.35167750906768,-0.481843275861194
-2.16301885139547,0.569999212951807
-1.77484402446769,0.119575831455915
-0.709490241238198,-1.29378894665811
-2.50253558510469,1.16111742025711
-2.51991117469179,1.17938197953406
-1.64590602255143,-0.0292624746091089
-1.80686071499118,0.179254621779444
-1.60021844994587,-0.325584076198265
-1.62415653695691,0.120576311947891
-1.09466733900804,-0.810011365393186
-2.45070626662673,1.06014947613798
-1.59784430969767,-0.0258567354025832
-0.975861751120717,-0.980708193571229
-1.05856169371531,-0.532895864000919
-1.31794360958594,-0.201795902799994
-1.93994951223092,0.339875775437142
-1.64177045439478,-0.130917559234585
-2.15342148017205,0.570824386231033
-1.19163494949713,-0.658665901102266
-0.863897248117063,-1.28602997255675
-0.367097854343716,-1.70356239315727
-1.7111762733183,0.0771209868395117
-1.32347176691736,-0.500841745813557
-1.21526407747291,-0.543421665818358
-1.83335944166047,0.23351921904886
-1.29803520080446,-0.582895781052316
-1.54302247203119,-0.30467101049348
-1.03091042440369,-1.1582024363211
-1.91258826205906,0.555171308804284
-1.63766894175965,-0.205158925965593
-1.42465069601341,-0.460956117666301
-1.34681461987764,-0.331278052485841
-1.35432346842266,-0.437301635926862
-1.30360096277208,-0.299961596092899
-1.74986194786663,0.144111885036322
-0.663770879810447,-1.48380678148076
-1.55544526307222,-0.408442654283743
-1.78055631609874,0.116143541655086
-1.48472261106197,-0.342540422796409
-2.69292382325147,1.39882342541933
-0.96539726645672,-1.09746114076906
-1.75355423778777,0.252079586892368
-0.893057450530565,-1.10212767843393
-1.3521060661741,-0.41395113977024
-1.86783847517956,0.446434561694656
-1.77949923056306,0.407225057259611
-1.11710152639226,-0.511079370567058
-1.12594993382045,-0.600549761500584
-1.74111723738839,0.205514533271808
-1.63811096727376,0.555247868817483
-1.50994280742891,0.155531253661376
-0.621190257689729,-1.54860202550184
-1.32865293867572,-0.520290444540807
-2.30252894721782,1.0529740030607
-1.5550621155644,-0.179123998361112
-1.3659825507816,-0.558410992272324
-1.63091062571134,-0.065174306940388
-1.76949023288312,0.413777520272952
-1.8940761458319,0.40784639738907
-1.64120950774988,0.16256582998499
-1.20363821176847,-0.577511165535617
-1.62463269721606,0.0597096257923562
-1.36036274030592,-0.263906387068277
-1.14682514556711,-0.569635935581377
-0.161280123084268,-1.94289489519848
-0.590720498694193,-1.31037558967967
-1.70865749370533,0.166796747038527
-1.63076039458009,0.0244678711756597
-1.83860060891442,0.128270133088373
-1.50806386811719,0.156651333035995
-1.36499033879619,-0.457493247053711
-1.71728313563291,0.232199136074566
-1.95665573294971,0.578182874086035
-1.44058417967779,-0.0914485908863068
-1.65208615881536,0.415988208646091
-1.46730653326851,0.0117231008216453
-1.70608969026808,-0.0373098141288973
-1.14129071083611,-0.152581163805776
-0.897466287284274,-1.20053556137578
-1.98362991395628,0.530083519474357
-1.92930407399883,0.72191260769665
-0.857173168750927,-1.29763364582015
-1.43248776569534,-0.12319605970031
-1.29655117901997,-0.316886301265714
-1.99289279992206,0.664082679899391
-1.78226521337436,0.236947159438476
-2.02327105606393,0.632641726430584
-1.96303785068627,0.849931776209011
-1.25799311123107,-0.29684645707225
-2.83730069580015,1.67854985532019
-1.66607680042587,0.0529160209603548
-0.362816525321396,-1.78176322539447
-1.89993218292714,0.447989675206932
-1.34709182167692,-0.261139427178467
-1.1982776538395,-0.623527993451686
-1.77453458357676,0.479848742284153
-2.26271960749447,1.22139064958436
-1.58386018613906,0.0936976953326601
-2.05101449786738,0.833799684777004
-1.86578708864327,0.548126829946996
-1.28619927816444,-0.188818758486803
-1.21395208597003,-0.325569517854063
-1.54384707772975,0.149475175194939
-0.979186777605991,-0.601999361896269
-2.24018735277398,0.868472932637046
-0.330329293182895,-1.52704157794332
-1.28541867987577,-0.377239098535309
-1.77357482146042,0.479403610064391
-1.09853296381172,-0.504882248939335
-1.3495996321444,-0.278075238554516
-1.46803202778638,-0.0685963777878928
-0.789013895459591,-1.21173425409907
-1.97121493273578,0.739902726580404
-0.899191358159156,-0.891911932438059
-1.428670349792,-0.0751924260080873
-2.13091497848835,0.683073525318734
-1.39092432523332,-0.201130653579014
0.15363795722284,-1.81925188349412
-1.70127782247755,0.134738882548725
-1.65158504846981,0.338239859360301
-1.88999631767057,0.493695583247467
-0.246431305286864,-1.66527638814016
-0.36640197607756,-1.45809158634468
-1.28297634534963,-0.255661111677128
-0.600363227539017,-1.19781421620472
-1.49436714986699,0.112942210681776
-0.15284593670001,-1.73514056315186
-2.67472060281667,1.47508804076665
-1.43026984601538,-0.11424658976789
-2.00205936850702,0.702054307475454
-1.20217522280983,-0.43507772383074
-0.047247326997698,-1.69217761453285
-1.17342928553412,-0.397989337005095
-2.14498076956506,0.836886220893253
-1.43099542532615,-0.0814839915424929
-1.56816067216158,0.138926262664531
-1.7109531479058,0.430539806022139
-1.47133706553256,-0.00133805713256474
-1.5170820236768,0.121769036602658
-0.994793926668231,-0.64574602332184
-1.40666957146448,0.0225203221188664
-2.26546151196941,1.05149439714596
-2.07869221974235,0.918817806533051
-0.730538015215508,-1.08431751042676
-0.83640051908012,-0.750770912444113
-0.528241901001889,-1.21871391435391
-1.10184639504928,-0.359196004609047
-0.372656155790291,-1.52976237339894
-2.54587302894813,1.44484613157403
-1.49054443758979,0.230091797227737
-1.85868623176919,0.509684355384623
0.374330489294093,-2.56685840566857
-2.17984072558112,1.28674306459832
-0.506284601180579,-1.10013450230277
-0.973435549587493,-0.663561885644904
-1.520216051902,-0.0424162174240423
-1.96411702819629,0.688132376361872
-0.760097505490135,-1.03897796127975
-1.95717802534226,0.605673030532449
-1.6417221072522,0.403048634595982
-1.62728374532438,0.374209323497293
-1.63619225811118,0.442046283579059
-2.17017310831068,0.995672584341632
-0.896510044948572,-1.03429945248603
-1.62358613191624,0.420370697110306
-1.17255287507407,-0.369109416501787
-1.07123649802071,-0.702622506653221
-1.50287061300226,-0.0508720173141919
-0.853267753225541,-0.605720592770723
-2.15048576322636,1.26100346085742
-0.830836254694851,-0.90054476848603
-0.994982628158906,-0.521947349683371
-1.09880195970009,-0.574869814424155
-1.23615782573124,-0.268050253939005
-0.856624272279519,-0.678185888828962
-1.39897576504876,0.0762028348609214
-1.31307955539139,0.061988863410231
-0.642467809162442,-1.14279106514478
-1.89025589355657,0.844273822170048
-1.094583437878,-0.366202153701482
-1.09553320519344,-0.463754334595199
-1.10318810806225,-0.577824783629211
-1.63379256302134,0.626795731781569
-1.31384789763769,0.187185752912937
-1.89326998614813,0.684995398875384
-1.34586153951026,-0.131545419427197
-0.742515510888222,-0.834221317592382
-1.28988876791927,-0.0398362982293129
-0.477859329640436,-0.981493078089343
-0.350248392304566,-1.63708611448368
-1.11957844619809,-0.564123997423909
-1.43259602150023,0.0528341960112382
-1.15154023230503,0.0416767162599893
-0.330586466149606,-1.56548516506939
-2.76632818807342,2.0122814019734
-0.89599502207725,-0.384861515263701
-1.98836142237036,0.843400553431508
-1.38141073832317,0.102492222049662
-0.502318341469402,-1.07902340555999
-0.807813535081991,-0.647540370745579
-1.56723120657308,0.799542545497658
-1.03683859026406,-0.488791805809437
0.0122173874982012,-1.86062811749588
-0.748690997876636,-0.92046258696096
-1.54130390055801,0.232724624681768
-1.25838238234148,-0.32323000438876
-0.679436657716351,-0.72212396623327
-0.824246617171654,-0.955047056481891
-1.38522522332631,0.239582411552944
-1.127164031215,-0.0934371449388881
-1.30228175552191,-0.0287530520174251
0.273217017379744,-1.96229943675935
-0.361056394706026,-1.09455197346709
-0.634766310752015,-0.952653092463622
-1.30014883670171,-0.0981079740861351
-1.37871034894857,0.0603584765624728
-2.21448930867921,1.03429149467313
-1.93965826820353,0.80744922433647
-0.902826102361537,-0.462753792487065
-1.21500756388384,-0.150520904532074
-1.48891595232616,0.124901043224126
-0.596482334050224,-1.14179948984385
-0.44642280982941,-1.29140733768569
-2.20868948748571,1.24376422492162
-1.79233764982439,0.596328400406585
-1.06536258572954,-0.0841492693626434
-0.874322549410425,-0.569754120288404
-0.895176175507276,-0.501985315134109
-0.960818477503267,-0.343332780015126
-1.73081321605912,0.530183943461307
-1.12557468834421,-0.441062871546039
-1.60495192454788,0.495979239705882
-1.41746264210922,0.141188516426776
-1.11462488814269,-0.21267151010042
-0.766408708244816,-0.646490356535961
